Image1,Image2,KeyPoint1_X,KeyPoint1_Y,KeyPoint2_X,KeyPoint2_Y,Width1,Height1,Width2,Height2
IMG_4039.jpg,IMG_4040.jpg,2.856673240661621,926.6953735351562,124.20276641845703,979.2984619140625,800,1066,800,1066
IMG_4039.jpg,IMG_4040.jpg,5.425021648406982,932.5720825195312,93.20549774169922,950.6907348632812,800,1066,800,1066
IMG_4039.jpg,IMG_4040.jpg,8.88447380065918,839.904052734375,137.12132263183594,821.6826782226562,800,1066,800,1066
IMG_4039.jpg,IMG_4040.jpg,9.070786476135254,683.002685546875,117.7611312866211,708.4530029296875,800,1066,800,1066
IMG_4039.jpg,IMG_4040.jpg,9.096595764160156,840.7861328125,58.41409683227539,872.57958984375,800,1066,800,1066
IMG_4039.jpg,IMG_4040.jpg,12.940657615661621,843.5867309570312,140.66964721679688,825.3300170898438,800,1066,800,1066
IMG_4039.jpg,IMG_4040.jpg,13.2639799118042,843.4113159179688,140.66964721679688,825.3300170898438,800,1066,800,1066
IMG_4039.jpg,IMG_4040.jpg,15.049392700195312,847.8031616210938,140.87493896484375,830.1079711914062,800,1066,800,1066
IMG_4039.jpg,IMG_4040.jpg,15.740245819091797,681.6812133789062,56.14823532104492,763.4894409179688,800,1066,800,1066
IMG_4039.jpg,IMG_4040.jpg,16.112953186035156,680.223876953125,50.51533508300781,763.9959716796875,800,1066,800,1066
IMG_4039.jpg,IMG_4040.jpg,16.563751220703125,677.7921752929688,32.025421142578125,775.8409423828125,800,1066,800,1066
IMG_4039.jpg,IMG_4040.jpg,18.103599548339844,835.1817626953125,129.0123291015625,826.0346069335938,800,1066,800,1066
IMG_4039.jpg,IMG_4040.jpg,19.47501564025879,671.5867919921875,139.63966369628906,685.8906860351562,800,1066,800,1066
IMG_4039.jpg,IMG_4040.jpg,20.376935958862305,667.17431640625,39.423492431640625,759.4700317382812,800,1066,800,1066
IMG_4039.jpg,IMG_4040.jpg,20.660036087036133,839.6158447265625,140.66964721679688,825.3300170898438,800,1066,800,1066
IMG_4039.jpg,IMG_4040.jpg,21.29536247253418,669.9354248046875,175.87481689453125,662.1478881835938,800,1066,800,1066
IMG_4039.jpg,IMG_4040.jpg,21.670032501220703,838.7610473632812,46.10027313232422,882.7344970703125,800,1066,800,1066
IMG_4039.jpg,IMG_4040.jpg,23.539203643798828,676.1886596679688,126.7626953125,699.9406127929688,800,1066,800,1066
IMG_4039.jpg,IMG_4040.jpg,28.922941207885742,832.9688110351562,154.19906616210938,816.005859375,800,1066,800,1066
IMG_4039.jpg,IMG_4040.jpg,33.09247970581055,836.1582641601562,140.87493896484375,830.1079711914062,800,1066,800,1066
IMG_4039.jpg,IMG_4040.jpg,36.43715286254883,822.7053833007812,45.050907135009766,886.7669677734375,800,1066,800,1066
IMG_4039.jpg,IMG_4040.jpg,37.245704650878906,827.4994506835938,104.74627685546875,845.259033203125,800,1066,800,1066
IMG_4039.jpg,IMG_4040.jpg,37.89926528930664,827.2396850585938,78.04835510253906,861.242919921875,800,1066,800,1066
IMG_4039.jpg,IMG_4040.jpg,38.37735366821289,666.3145751953125,208.22991943359375,649.0045166015625,800,1066,800,1066
IMG_4039.jpg,IMG_4040.jpg,40.361568450927734,657.8786010742188,218.24220275878906,640.89501953125,800,1066,800,1066
IMG_4039.jpg,IMG_4040.jpg,41.72413635253906,668.2483520507812,56.14823532104492,763.4894409179688,800,1066,800,1066
IMG_4039.jpg,IMG_4040.jpg,44.057682037353516,823.6376953125,81.67774963378906,858.8717651367188,800,1066,800,1066
IMG_4039.jpg,IMG_4040.jpg,46.47743225097656,656.6517944335938,75.56818389892578,731.9864501953125,800,1066,800,1066
IMG_4039.jpg,IMG_4040.jpg,47.0759162902832,817.9657592773438,171.6451873779297,803.0685424804688,800,1066,800,1066
IMG_4039.jpg,IMG_4040.jpg,47.675750732421875,826.0526123046875,321.1907958984375,734.6427001953125,800,1066,800,1066
IMG_4039.jpg,IMG_4040.jpg,48.051692962646484,655.8314208984375,83.90925598144531,725.6113891601562,800,1066,800,1066
IMG_4039.jpg,IMG_4040.jpg,48.077301025390625,920.1655883789062,198.09310913085938,935.6196899414062,800,1066,800,1066
IMG_4039.jpg,IMG_4040.jpg,48.102909088134766,813.40234375,284.4537353515625,852.4317016601562,800,1066,800,1066
IMG_4039.jpg,IMG_4040.jpg,48.89601135253906,653.5223388671875,218.24220275878906,640.89501953125,800,1066,800,1066
IMG_4039.jpg,IMG_4040.jpg,50.11945343017578,654.7969970703125,83.90925598144531,725.6113891601562,800,1066,800,1066
IMG_4039.jpg,IMG_4040.jpg,50.69020080566406,821.8821411132812,175.98638916015625,807.4500122070312,800,1066,800,1066
IMG_4039.jpg,IMG_4040.jpg,52.26060485839844,830.7590942382812,175.5982666015625,816.07421875,800,1066,800,1066
IMG_4039.jpg,IMG_4040.jpg,52.26156997680664,653.72607421875,83.90925598144531,725.6113891601562,800,1066,800,1066
IMG_4039.jpg,IMG_4040.jpg,53.54245376586914,656.2445678710938,117.7611312866211,708.4530029296875,800,1066,800,1066
IMG_4039.jpg,IMG_4040.jpg,54.206573486328125,652.7796020507812,42.72560119628906,763.1342163085938,800,1066,800,1066
IMG_4039.jpg,IMG_4040.jpg,55.71893310546875,655.191162109375,117.7611312866211,708.4530029296875,800,1066,800,1066
IMG_4039.jpg,IMG_4040.jpg,55.991539001464844,649.8443603515625,218.24220275878906,640.89501953125,800,1066,800,1066
IMG_4039.jpg,IMG_4040.jpg,61.413177490234375,1011.8070678710938,222.4359588623047,993.7448120117188,800,1066,800,1066
IMG_4039.jpg,IMG_4040.jpg,62.125789642333984,654.4329833984375,202.35267639160156,654.0396118164062,800,1066,800,1066
IMG_4039.jpg,IMG_4040.jpg,63.212486267089844,647.781494140625,218.24220275878906,640.89501953125,800,1066,800,1066
IMG_4039.jpg,IMG_4040.jpg,64.81047058105469,650.1781005859375,125.23572540283203,702.5917358398438,800,1066,800,1066
IMG_4039.jpg,IMG_4040.jpg,67.25912475585938,812.834716796875,190.2295379638672,800.9137573242188,800,1066,800,1066
IMG_4039.jpg,IMG_4040.jpg,69.79078674316406,803.4993286132812,192.3530731201172,791.4512329101562,800,1066,800,1066
IMG_4039.jpg,IMG_4040.jpg,71.95284271240234,643.085205078125,218.24220275878906,640.89501953125,800,1066,800,1066
IMG_4039.jpg,IMG_4040.jpg,72.61073303222656,957.2936401367188,198.09310913085938,935.6196899414062,800,1066,800,1066
IMG_4039.jpg,IMG_4040.jpg,75.23136901855469,806.8191528320312,197.51693725585938,794.0858764648438,800,1066,800,1066
IMG_4039.jpg,IMG_4040.jpg,77.38550567626953,858.4002685546875,242.6573944091797,816.5491943359375,800,1066,800,1066
IMG_4039.jpg,IMG_4040.jpg,84.95429992675781,636.8970947265625,218.24220275878906,640.89501953125,800,1066,800,1066
IMG_4039.jpg,IMG_4040.jpg,87.17717742919922,635.7979736328125,218.24220275878906,640.89501953125,800,1066,800,1066
IMG_4039.jpg,IMG_4040.jpg,87.28070831298828,639.0299682617188,208.22991943359375,649.0045166015625,800,1066,800,1066
IMG_4039.jpg,IMG_4040.jpg,88.93693542480469,634.8970336914062,218.24220275878906,640.89501953125,800,1066,800,1066
IMG_4039.jpg,IMG_4040.jpg,91.25415802001953,633.7726440429688,218.24220275878906,640.89501953125,800,1066,800,1066
IMG_4039.jpg,IMG_4040.jpg,91.70542907714844,973.0535278320312,198.09310913085938,935.6196899414062,800,1066,800,1066
IMG_4039.jpg,IMG_4040.jpg,92.6613998413086,908.6099243164062,268.013671875,857.8533325195312,800,1066,800,1066
IMG_4039.jpg,IMG_4040.jpg,92.91536712646484,636.2356567382812,208.22991943359375,649.0045166015625,800,1066,800,1066
IMG_4039.jpg,IMG_4040.jpg,95.45252990722656,794.713623046875,215.71865844726562,783.8160400390625,800,1066,800,1066
IMG_4039.jpg,IMG_4040.jpg,95.5422592163086,632.092529296875,218.24220275878906,640.89501953125,800,1066,800,1066
IMG_4039.jpg,IMG_4040.jpg,98.77266693115234,631.0111694335938,175.87481689453125,662.1478881835938,800,1066,800,1066
IMG_4039.jpg,IMG_4040.jpg,100.82566833496094,797.2225952148438,60.881072998046875,871.6196899414062,800,1066,800,1066
IMG_4039.jpg,IMG_4040.jpg,102.49668884277344,960.35693359375,122.9104232788086,991.5040283203125,800,1066,800,1066
IMG_4039.jpg,IMG_4040.jpg,103.6460189819336,785.0638427734375,341.370849609375,791.4315185546875,800,1066,800,1066
IMG_4039.jpg,IMG_4040.jpg,103.88932037353516,789.6470947265625,325.08819580078125,728.205078125,800,1066,800,1066
IMG_4039.jpg,IMG_4040.jpg,112.76051330566406,789.3826293945312,114.82422637939453,832.6320190429688,800,1066,800,1066
IMG_4039.jpg,IMG_4040.jpg,122.44123077392578,772.808349609375,319.0937194824219,778.3532104492188,800,1066,800,1066
IMG_4039.jpg,IMG_4040.jpg,125.80595397949219,771.1852416992188,88.22416687011719,851.233642578125,800,1066,800,1066
IMG_4039.jpg,IMG_4040.jpg,126.58421325683594,771.9445190429688,397.8321838378906,789.1060791015625,800,1066,800,1066
IMG_4039.jpg,IMG_4040.jpg,126.72296905517578,774.7472534179688,73.62943267822266,863.1119384765625,800,1066,800,1066
IMG_4039.jpg,IMG_4040.jpg,130.02340698242188,775.4410400390625,397.8321838378906,789.1060791015625,800,1066,800,1066
IMG_4039.jpg,IMG_4040.jpg,130.85963439941406,772.219482421875,140.66964721679688,825.3300170898438,800,1066,800,1066
IMG_4039.jpg,IMG_4040.jpg,131.9665985107422,852.0219116210938,223.31239318847656,768.5643310546875,800,1066,800,1066
IMG_4039.jpg,IMG_4040.jpg,132.42347717285156,648.8244018554688,267.3973693847656,503.5784912109375,800,1066,800,1066
IMG_4039.jpg,IMG_4040.jpg,133.43316650390625,766.596923828125,331.7507629394531,786.1302490234375,800,1066,800,1066
IMG_4039.jpg,IMG_4040.jpg,137.93341064453125,1026.844970703125,348.34661865234375,978.5861206054688,800,1066,800,1066
IMG_4039.jpg,IMG_4040.jpg,143.94927978515625,802.852783203125,281.8727111816406,916.3902587890625,800,1066,800,1066
IMG_4039.jpg,IMG_4040.jpg,146.96636962890625,962.3945922851562,310.630615234375,897.039794921875,800,1066,800,1066
IMG_4039.jpg,IMG_4040.jpg,146.96636962890625,962.3945922851562,344.7908630371094,849.9691772460938,800,1066,800,1066
IMG_4039.jpg,IMG_4040.jpg,148.41554260253906,734.90966796875,197.51724243164062,766.9857788085938,800,1066,800,1066
IMG_4039.jpg,IMG_4040.jpg,153.63665771484375,755.269775390625,321.1907958984375,734.6427001953125,800,1066,800,1066
IMG_4039.jpg,IMG_4040.jpg,157.0672607421875,656.7568359375,209.44265747070312,652.851318359375,800,1066,800,1066
IMG_4039.jpg,IMG_4040.jpg,157.65879821777344,594.4725341796875,194.32366943359375,618.5966796875,800,1066,800,1066
IMG_4039.jpg,IMG_4040.jpg,157.85940551757812,837.9450073242188,250.49996948242188,764.1541137695312,800,1066,800,1066
IMG_4039.jpg,IMG_4040.jpg,158.1637420654297,748.375244140625,164.812744140625,809.6210327148438,800,1066,800,1066
IMG_4039.jpg,IMG_4040.jpg,158.35569763183594,453.2511901855469,223.4837188720703,410.8435363769531,800,1066,800,1066
IMG_4039.jpg,IMG_4040.jpg,158.66629028320312,794.4849853515625,278.3508605957031,755.5029296875,800,1066,800,1066
IMG_4039.jpg,IMG_4040.jpg,170.2488555908203,638.0169067382812,267.05853271484375,823.0918579101562,800,1066,800,1066
IMG_4039.jpg,IMG_4040.jpg,170.71160888671875,774.9745483398438,225.9600830078125,736.2745971679688,800,1066,800,1066
IMG_4039.jpg,IMG_4040.jpg,171.8623809814453,959.0498046875,291.4256591796875,976.6400146484375,800,1066,800,1066
IMG_4039.jpg,IMG_4040.jpg,173.29518127441406,636.0809936523438,231.0117645263672,577.9853515625,800,1066,800,1066
IMG_4039.jpg,IMG_4040.jpg,179.02407836914062,632.727294921875,241.1349639892578,488.0437927246094,800,1066,800,1066
IMG_4039.jpg,IMG_4040.jpg,182.27366638183594,735.9124145507812,231.34527587890625,700.546142578125,800,1066,800,1066
IMG_4039.jpg,IMG_4040.jpg,182.55960083007812,736.4119262695312,231.34527587890625,700.546142578125,800,1066,800,1066
IMG_4039.jpg,IMG_4040.jpg,182.9196319580078,448.7054748535156,223.4837188720703,410.8435363769531,800,1066,800,1066
IMG_4039.jpg,IMG_4040.jpg,188.6124725341797,451.52655029296875,237.7655487060547,441.9442443847656,800,1066,800,1066
IMG_4039.jpg,IMG_4040.jpg,189.1508026123047,554.02197265625,179.17938232421875,663.4135131835938,800,1066,800,1066
IMG_4039.jpg,IMG_4040.jpg,189.2284393310547,636.8676147460938,230.9051055908203,668.533935546875,800,1066,800,1066
IMG_4039.jpg,IMG_4040.jpg,190.09426879882812,603.7466430664062,241.1349639892578,488.0437927246094,800,1066,800,1066
IMG_4039.jpg,IMG_4040.jpg,190.6987762451172,815.8972778320312,349.24810791015625,843.0121459960938,800,1066,800,1066
IMG_4039.jpg,IMG_4040.jpg,191.09832763671875,588.9021606445312,240.96434020996094,524.939208984375,800,1066,800,1066
IMG_4039.jpg,IMG_4040.jpg,191.63623046875,604.1902465820312,240.96434020996094,524.939208984375,800,1066,800,1066
IMG_4039.jpg,IMG_4040.jpg,192.00770568847656,818.4763793945312,235.52723693847656,799.60400390625,800,1066,800,1066
IMG_4039.jpg,IMG_4040.jpg,192.69720458984375,607.9070434570312,231.3568572998047,619.0701904296875,800,1066,800,1066
IMG_4039.jpg,IMG_4040.jpg,193.749755859375,589.5276489257812,240.96434020996094,524.939208984375,800,1066,800,1066
IMG_4039.jpg,IMG_4040.jpg,194.09938049316406,602.9284057617188,242.06004333496094,525.6331176757812,800,1066,800,1066
IMG_4039.jpg,IMG_4040.jpg,194.37762451171875,820.8926391601562,236.8450927734375,803.3912353515625,800,1066,800,1066
IMG_4039.jpg,IMG_4040.jpg,194.64942932128906,784.431640625,272.0688171386719,836.5315551757812,800,1066,800,1066
IMG_4039.jpg,IMG_4040.jpg,195.0093231201172,556.0907592773438,231.3568572998047,619.0701904296875,800,1066,800,1066
IMG_4039.jpg,IMG_4040.jpg,195.1788787841797,493.9045715332031,237.2321319580078,454.2115783691406,800,1066,800,1066
IMG_4039.jpg,IMG_4040.jpg,195.48519897460938,566.5824584960938,231.0117645263672,577.9853515625,800,1066,800,1066
IMG_4039.jpg,IMG_4040.jpg,196.0925750732422,590.7133178710938,230.60531616210938,618.1554565429688,800,1066,800,1066
IMG_4039.jpg,IMG_4040.jpg,196.11996459960938,538.9213256835938,242.06004333496094,525.6331176757812,800,1066,800,1066
IMG_4039.jpg,IMG_4040.jpg,196.2230987548828,555.051513671875,241.1349639892578,488.0437927246094,800,1066,800,1066
IMG_4039.jpg,IMG_4040.jpg,196.42832946777344,602.1865234375,243.46939086914062,523.522705078125,800,1066,800,1066
IMG_4039.jpg,IMG_4040.jpg,196.49908447265625,510.7677001953125,242.46192932128906,530.9429931640625,800,1066,800,1066
IMG_4039.jpg,IMG_4040.jpg,196.84852600097656,606.3351440429688,245.44488525390625,501.32464599609375,800,1066,800,1066
IMG_4039.jpg,IMG_4040.jpg,197.0657958984375,576.1296997070312,242.09124755859375,517.9026489257812,800,1066,800,1066
IMG_4039.jpg,IMG_4040.jpg,197.07395935058594,584.2514038085938,234.18116760253906,564.228271484375,800,1066,800,1066
IMG_4039.jpg,IMG_4040.jpg,197.107421875,782.0834350585938,290.233154296875,884.630615234375,800,1066,800,1066
IMG_4039.jpg,IMG_4040.jpg,197.13455200195312,819.3216552734375,241.27191162109375,800.4903564453125,800,1066,800,1066
IMG_4039.jpg,IMG_4040.jpg,197.14610290527344,571.3501586914062,238.07843017578125,468.6004638671875,800,1066,800,1066
IMG_4039.jpg,IMG_4040.jpg,197.1639862060547,544.3970947265625,237.2321319580078,454.2115783691406,800,1066,800,1066
IMG_4039.jpg,IMG_4040.jpg,197.21080017089844,538.8282470703125,231.3568572998047,619.0701904296875,800,1066,800,1066
IMG_4039.jpg,IMG_4040.jpg,197.36572265625,599.1680297851562,233.22853088378906,625.06640625,800,1066,800,1066
IMG_4039.jpg,IMG_4040.jpg,197.4122772216797,497.6357727050781,218.24220275878906,640.89501953125,800,1066,800,1066
IMG_4039.jpg,IMG_4040.jpg,197.6396942138672,993.07763671875,49.071372985839844,944.4354858398438,800,1066,800,1066
IMG_4039.jpg,IMG_4040.jpg,197.74984741210938,554.5839233398438,242.06004333496094,525.6331176757812,800,1066,800,1066
IMG_4039.jpg,IMG_4040.jpg,197.76734924316406,524.178955078125,247.11851501464844,351.42962646484375,800,1066,800,1066
IMG_4039.jpg,IMG_4040.jpg,197.93309020996094,500.015380859375,218.24220275878906,640.89501953125,800,1066,800,1066
IMG_4039.jpg,IMG_4040.jpg,197.99496459960938,564.9622802734375,229.0233917236328,604.5593872070312,800,1066,800,1066
IMG_4039.jpg,IMG_4040.jpg,198.11190795898438,598.9779663085938,244.17433166503906,489.49322509765625,800,1066,800,1066
IMG_4039.jpg,IMG_4040.jpg,198.40769958496094,837.955810546875,228.1367645263672,631.489013671875,800,1066,800,1066
IMG_4039.jpg,IMG_4040.jpg,198.433837890625,582.32373046875,242.18136596679688,540.9771118164062,800,1066,800,1066
IMG_4039.jpg,IMG_4040.jpg,198.4629364013672,585.4146118164062,242.18136596679688,540.9771118164062,800,1066,800,1066
IMG_4039.jpg,IMG_4040.jpg,198.464111328125,611.763916015625,242.93673706054688,484.8468933105469,800,1066,800,1066
IMG_4039.jpg,IMG_4040.jpg,198.51573181152344,588.695068359375,243.46939086914062,523.522705078125,800,1066,800,1066
IMG_4039.jpg,IMG_4040.jpg,198.52476501464844,594.3233642578125,233.76824951171875,613.3593139648438,800,1066,800,1066
IMG_4039.jpg,IMG_4040.jpg,198.8070526123047,588.7339477539062,243.97164916992188,523.2711181640625,800,1066,800,1066
IMG_4039.jpg,IMG_4040.jpg,199.53651428222656,555.6710205078125,231.3568572998047,619.0701904296875,800,1066,800,1066
IMG_4039.jpg,IMG_4040.jpg,199.94602966308594,597.6870727539062,233.76824951171875,613.3593139648438,800,1066,800,1066
IMG_4039.jpg,IMG_4040.jpg,200.12973022460938,808.3969116210938,257.0133972167969,827.6649780273438,800,1066,800,1066
IMG_4039.jpg,IMG_4040.jpg,200.17225646972656,586.9048461914062,243.97164916992188,523.2711181640625,800,1066,800,1066
IMG_4039.jpg,IMG_4040.jpg,200.1880645751953,759.6813354492188,236.53855895996094,716.7997436523438,800,1066,800,1066
IMG_4039.jpg,IMG_4040.jpg,200.4417266845703,796.1781616210938,242.9727783203125,749.8318481445312,800,1066,800,1066
IMG_4039.jpg,IMG_4040.jpg,200.45742797851562,816.5274658203125,249.61448669433594,796.6251220703125,800,1066,800,1066
IMG_4039.jpg,IMG_4040.jpg,200.64561462402344,610.2566528320312,235.73170471191406,623.9909057617188,800,1066,800,1066
IMG_4039.jpg,IMG_4040.jpg,200.87432861328125,830.2404174804688,285.1281433105469,918.0398559570312,800,1066,800,1066
IMG_4039.jpg,IMG_4040.jpg,200.88821411132812,795.044677734375,230.91195678710938,668.5433349609375,800,1066,800,1066
IMG_4039.jpg,IMG_4040.jpg,200.93209838867188,836.5449829101562,254.60025024414062,855.1901245117188,800,1066,800,1066
IMG_4039.jpg,IMG_4040.jpg,201.12547302246094,568.9091796875,242.12673950195312,534.675048828125,800,1066,800,1066
IMG_4039.jpg,IMG_4040.jpg,201.5244140625,488.287353515625,230.06712341308594,586.1839599609375,800,1066,800,1066
IMG_4039.jpg,IMG_4040.jpg,201.53761291503906,970.8648071289062,380.908203125,934.8815307617188,800,1066,800,1066
IMG_4039.jpg,IMG_4040.jpg,201.58685302734375,837.8290405273438,336.2132873535156,949.0543212890625,800,1066,800,1066
IMG_4039.jpg,IMG_4040.jpg,201.8597869873047,834.6611938476562,254.08786010742188,872.8760375976562,800,1066,800,1066
IMG_4039.jpg,IMG_4040.jpg,201.99932861328125,545.791748046875,242.93673706054688,484.8468933105469,800,1066,800,1066
IMG_4039.jpg,IMG_4040.jpg,202.24742126464844,561.0239868164062,242.93673706054688,484.8468933105469,800,1066,800,1066
IMG_4039.jpg,IMG_4040.jpg,203.4300994873047,544.01904296875,251.64779663085938,370.4443359375,800,1066,800,1066
IMG_4039.jpg,IMG_4040.jpg,203.6703338623047,376.87347412109375,246.81515502929688,318.5675964355469,800,1066,800,1066
IMG_4039.jpg,IMG_4040.jpg,204.36683654785156,562.275146484375,233.12916564941406,607.2833862304688,800,1066,800,1066
IMG_4039.jpg,IMG_4040.jpg,204.48374938964844,496.2246398925781,231.97744750976562,698.893310546875,800,1066,800,1066
IMG_4039.jpg,IMG_4040.jpg,204.81951904296875,401.1865539550781,243.86251831054688,318.14031982421875,800,1066,800,1066
IMG_4039.jpg,IMG_4040.jpg,205.4175262451172,966.6640625,271.32110595703125,871.6585083007812,800,1066,800,1066
IMG_4039.jpg,IMG_4040.jpg,205.58865356445312,861.1217651367188,283.9677429199219,882.7505493164062,800,1066,800,1066
IMG_4039.jpg,IMG_4040.jpg,205.74755859375,578.5888671875,240.27137756347656,547.8370361328125,800,1066,800,1066
IMG_4039.jpg,IMG_4040.jpg,207.0716552734375,856.1994018554688,251.26625061035156,855.1971435546875,800,1066,800,1066
IMG_4039.jpg,IMG_4040.jpg,207.94468688964844,358.9826354980469,250.3885498046875,417.17926025390625,800,1066,800,1066
IMG_4039.jpg,IMG_4040.jpg,208.15335083007812,400.4470520019531,282.48040771484375,254.38308715820312,800,1066,800,1066
IMG_4039.jpg,IMG_4040.jpg,208.23570251464844,885.0780639648438,307.7938232421875,912.4801635742188,800,1066,800,1066
IMG_4039.jpg,IMG_4040.jpg,208.39637756347656,385.53570556640625,234.67352294921875,465.3956298828125,800,1066,800,1066
IMG_4039.jpg,IMG_4040.jpg,208.4400177001953,865.4605712890625,228.3994598388672,676.1074829101562,800,1066,800,1066
IMG_4039.jpg,IMG_4040.jpg,208.47344970703125,865.2537231445312,284.3369140625,736.9265747070312,800,1066,800,1066
IMG_4039.jpg,IMG_4040.jpg,208.567626953125,457.1716613769531,240.34669494628906,361.01678466796875,800,1066,800,1066
IMG_4039.jpg,IMG_4040.jpg,209.63087463378906,575.4734497070312,235.73170471191406,623.9909057617188,800,1066,800,1066
IMG_4039.jpg,IMG_4040.jpg,210.04505920410156,362.0242004394531,331.0215148925781,211.27133178710938,800,1066,800,1066
IMG_4039.jpg,IMG_4040.jpg,210.97433471679688,800.0991821289062,242.9727783203125,749.8318481445312,800,1066,800,1066
IMG_4039.jpg,IMG_4040.jpg,211.0675048828125,457.9989318847656,252.6955108642578,301.9913024902344,800,1066,800,1066
IMG_4039.jpg,IMG_4040.jpg,211.16566467285156,881.4718017578125,272.0688171386719,836.5315551757812,800,1066,800,1066
IMG_4039.jpg,IMG_4040.jpg,211.18756103515625,892.7337036132812,383.9189453125,962.9392700195312,800,1066,800,1066
IMG_4039.jpg,IMG_4040.jpg,211.46453857421875,374.3930969238281,284.8577880859375,260.0938720703125,800,1066,800,1066
IMG_4039.jpg,IMG_4040.jpg,212.51280212402344,889.3535766601562,232.87689208984375,727.9421997070312,800,1066,800,1066
IMG_4039.jpg,IMG_4040.jpg,212.62020874023438,887.7738647460938,307.2774963378906,951.5784301757812,800,1066,800,1066
IMG_4039.jpg,IMG_4040.jpg,212.7841339111328,387.9222412109375,253.63330078125,306.61737060546875,800,1066,800,1066
IMG_4039.jpg,IMG_4040.jpg,213.07757568359375,858.93994140625,404.7318420410156,935.3842163085938,800,1066,800,1066
IMG_4039.jpg,IMG_4040.jpg,213.09024047851562,894.3363037109375,376.1307067871094,973.1388549804688,800,1066,800,1066
IMG_4039.jpg,IMG_4040.jpg,213.09024047851562,894.3363037109375,240.90139770507812,813.80517578125,800,1066,800,1066
IMG_4039.jpg,IMG_4040.jpg,213.14295959472656,900.0211181640625,347.26898193359375,935.8602294921875,800,1066,800,1066
IMG_4039.jpg,IMG_4040.jpg,213.14361572265625,595.2862548828125,260.6066589355469,655.0924072265625,800,1066,800,1066
IMG_4039.jpg,IMG_4040.jpg,213.2506103515625,389.5184020996094,252.45724487304688,312.5307922363281,800,1066,800,1066
IMG_4039.jpg,IMG_4040.jpg,213.99185180664062,401.73309326171875,284.8577880859375,260.0938720703125,800,1066,800,1066
IMG_4039.jpg,IMG_4040.jpg,213.99827575683594,464.2652587890625,247.11851501464844,351.42962646484375,800,1066,800,1066
IMG_4039.jpg,IMG_4040.jpg,214.4244384765625,865.0136108398438,265.683837890625,889.4017333984375,800,1066,800,1066
IMG_4039.jpg,IMG_4040.jpg,214.54348754882812,451.4021301269531,258.72686767578125,294.12298583984375,800,1066,800,1066
IMG_4039.jpg,IMG_4040.jpg,215.14071655273438,889.8280639648438,234.420654296875,726.3914184570312,800,1066,800,1066
IMG_4039.jpg,IMG_4040.jpg,215.4814910888672,953.9822998046875,327.08740234375,982.081787109375,800,1066,800,1066
IMG_4039.jpg,IMG_4040.jpg,217.95358276367188,979.5977172851562,124.20276641845703,979.2984619140625,800,1066,800,1066
IMG_4039.jpg,IMG_4040.jpg,218.14939880371094,882.2020263671875,246.7743682861328,778.0321044921875,800,1066,800,1066
IMG_4039.jpg,IMG_4040.jpg,220.1060333251953,918.1464233398438,365.9261169433594,943.1831665039062,800,1066,800,1066
IMG_4039.jpg,IMG_4040.jpg,220.1060333251953,918.1464233398438,365.9261169433594,943.1831665039062,800,1066,800,1066
IMG_4039.jpg,IMG_4040.jpg,220.19558715820312,465.7315979003906,251.64779663085938,370.4443359375,800,1066,800,1066
IMG_4039.jpg,IMG_4040.jpg,220.4008331298828,465.37359619140625,251.64779663085938,370.4443359375,800,1066,800,1066
IMG_4039.jpg,IMG_4040.jpg,221.02685546875,999.4545288085938,178.2021942138672,1036.574951171875,800,1066,800,1066
IMG_4039.jpg,IMG_4040.jpg,221.02685546875,999.4545288085938,379.5555114746094,946.1199951171875,800,1066,800,1066
IMG_4039.jpg,IMG_4040.jpg,221.03001403808594,907.87646484375,258.4045715332031,886.7899169921875,800,1066,800,1066
IMG_4039.jpg,IMG_4040.jpg,221.1060333251953,895.061767578125,288.8904724121094,899.12255859375,800,1066,800,1066
IMG_4039.jpg,IMG_4040.jpg,221.20654296875,857.6509399414062,276.6436462402344,868.5780029296875,800,1066,800,1066
IMG_4039.jpg,IMG_4040.jpg,222.07081604003906,882.341796875,284.2017822265625,916.12939453125,800,1066,800,1066
IMG_4039.jpg,IMG_4040.jpg,222.08287048339844,829.1260986328125,278.6699523925781,912.4832763671875,800,1066,800,1066
IMG_4039.jpg,IMG_4040.jpg,222.08287048339844,829.1260986328125,254.13894653320312,872.5196533203125,800,1066,800,1066
IMG_4039.jpg,IMG_4040.jpg,222.8048553466797,322.39971923828125,253.63330078125,306.61737060546875,800,1066,800,1066
IMG_4039.jpg,IMG_4040.jpg,223.48497009277344,448.993408203125,248.7356414794922,383.28839111328125,800,1066,800,1066
IMG_4039.jpg,IMG_4040.jpg,224.3256378173828,912.6473388671875,240.11158752441406,804.7061767578125,800,1066,800,1066
IMG_4039.jpg,IMG_4040.jpg,226.21168518066406,916.4057006835938,296.66131591796875,733.6676025390625,800,1066,800,1066
IMG_4039.jpg,IMG_4040.jpg,227.32456970214844,911.778564453125,367.0673522949219,969.39697265625,800,1066,800,1066
IMG_4039.jpg,IMG_4040.jpg,227.6346435546875,832.3767700195312,240.11431884765625,734.84375,800,1066,800,1066
IMG_4039.jpg,IMG_4040.jpg,227.96112060546875,1029.24072265625,327.08740234375,982.081787109375,800,1066,800,1066
IMG_4039.jpg,IMG_4040.jpg,227.96112060546875,1029.24072265625,327.08740234375,982.081787109375,800,1066,800,1066
IMG_4039.jpg,IMG_4040.jpg,228.62957763671875,413.9222412109375,258.6386413574219,346.1750183105469,800,1066,800,1066
IMG_4039.jpg,IMG_4040.jpg,229.4237823486328,899.7885131835938,307.7938232421875,912.4801635742188,800,1066,800,1066
IMG_4039.jpg,IMG_4040.jpg,230.02037048339844,921.6328735351562,341.49957275390625,955.083251953125,800,1066,800,1066
IMG_4039.jpg,IMG_4040.jpg,230.62185668945312,918.6344604492188,408.09356689453125,936.5286254882812,800,1066,800,1066
IMG_4039.jpg,IMG_4040.jpg,231.97349548339844,897.9732055664062,321.1577453613281,939.381103515625,800,1066,800,1066
IMG_4039.jpg,IMG_4040.jpg,233.62364196777344,301.4121398925781,247.9822235107422,323.12237548828125,800,1066,800,1066
IMG_4039.jpg,IMG_4040.jpg,237.0100860595703,912.030517578125,373.0214538574219,969.9019775390625,800,1066,800,1066
IMG_4039.jpg,IMG_4040.jpg,237.0100860595703,912.030517578125,272.651611328125,854.0624389648438,800,1066,800,1066
IMG_4039.jpg,IMG_4040.jpg,237.5415496826172,949.9629516601562,296.4387512207031,936.8988647460938,800,1066,800,1066
IMG_4039.jpg,IMG_4040.jpg,237.86056518554688,890.5867309570312,265.0469970703125,872.3451538085938,800,1066,800,1066
IMG_4039.jpg,IMG_4040.jpg,237.86056518554688,890.5867309570312,333.5506896972656,946.5552978515625,800,1066,800,1066
IMG_4039.jpg,IMG_4040.jpg,238.015625,295.0078125,248.98670959472656,320.0325927734375,800,1066,800,1066
IMG_4039.jpg,IMG_4040.jpg,238.04396057128906,909.8760375976562,313.6989440917969,931.5506591796875,800,1066,800,1066
IMG_4039.jpg,IMG_4040.jpg,238.5017852783203,905.76318359375,402.69573974609375,940.6824951171875,800,1066,800,1066
IMG_4039.jpg,IMG_4040.jpg,238.57150268554688,905.6314697265625,403.00128173828125,949.8870239257812,800,1066,800,1066
IMG_4039.jpg,IMG_4040.jpg,238.61099243164062,911.3764038085938,393.9231872558594,926.29541015625,800,1066,800,1066
IMG_4039.jpg,IMG_4040.jpg,238.64212036132812,295.5092468261719,247.9822235107422,323.12237548828125,800,1066,800,1066
IMG_4039.jpg,IMG_4040.jpg,238.71694946289062,889.0325927734375,332.9941711425781,915.5872802734375,800,1066,800,1066
IMG_4039.jpg,IMG_4040.jpg,240.1521453857422,918.1387329101562,368.4938659667969,943.3814697265625,800,1066,800,1066
IMG_4039.jpg,IMG_4040.jpg,240.61244201660156,292.5963134765625,318.01544189453125,222.78256225585938,800,1066,800,1066
IMG_4039.jpg,IMG_4040.jpg,240.888671875,930.5161743164062,273.7552490234375,894.8244018554688,800,1066,800,1066
IMG_4039.jpg,IMG_4040.jpg,241.44277954101562,903.138671875,331.0977783203125,916.390869140625,800,1066,800,1066
IMG_4039.jpg,IMG_4040.jpg,241.9288787841797,899.9810180664062,380.12872314453125,970.5128784179688,800,1066,800,1066
IMG_4039.jpg,IMG_4040.jpg,242.98733520507812,923.0548706054688,284.3369140625,736.9265747070312,800,1066,800,1066
IMG_4039.jpg,IMG_4040.jpg,243.5103302001953,896.1851196289062,349.24810791015625,843.0121459960938,800,1066,800,1066
IMG_4039.jpg,IMG_4040.jpg,244.95005798339844,926.3324584960938,246.7743682861328,778.0321044921875,800,1066,800,1066
IMG_4039.jpg,IMG_4040.jpg,245.2459716796875,288.0069580078125,308.5239562988281,233.73939514160156,800,1066,800,1066
IMG_4039.jpg,IMG_4040.jpg,246.67579650878906,862.5238037109375,343.03924560546875,919.0191650390625,800,1066,800,1066
IMG_4039.jpg,IMG_4040.jpg,247.10113525390625,291.7261657714844,303.00384521484375,243.1975860595703,800,1066,800,1066
IMG_4039.jpg,IMG_4040.jpg,247.5513458251953,860.8193969726562,329.1488342285156,907.9398803710938,800,1066,800,1066
IMG_4039.jpg,IMG_4040.jpg,249.00209045410156,467.8939208984375,319.55438232421875,479.3875427246094,800,1066,800,1066
IMG_4039.jpg,IMG_4040.jpg,249.14820861816406,932.1758422851562,281.30987548828125,907.4805908203125,800,1066,800,1066
IMG_4039.jpg,IMG_4040.jpg,249.14820861816406,932.1758422851562,406.07080078125,968.8999633789062,800,1066,800,1066
IMG_4039.jpg,IMG_4040.jpg,250.60816955566406,930.83251953125,380.0812072753906,955.9649658203125,800,1066,800,1066
IMG_4039.jpg,IMG_4040.jpg,252.4182891845703,920.1517944335938,235.52723693847656,799.60400390625,800,1066,800,1066
IMG_4039.jpg,IMG_4040.jpg,252.4182891845703,920.1517944335938,380.8979187011719,902.9149780273438,800,1066,800,1066
IMG_4039.jpg,IMG_4040.jpg,252.80160522460938,926.675048828125,378.7563171386719,962.4420776367188,800,1066,800,1066
IMG_4039.jpg,IMG_4040.jpg,253.34573364257812,275.65045166015625,296.1423034667969,242.3115692138672,800,1066,800,1066
IMG_4039.jpg,IMG_4040.jpg,254.03463745117188,888.7059936523438,282.7539978027344,873.6624755859375,800,1066,800,1066
IMG_4039.jpg,IMG_4040.jpg,254.07591247558594,861.4660034179688,409.049560546875,900.3815307617188,800,1066,800,1066
IMG_4039.jpg,IMG_4040.jpg,254.4662322998047,871.2579345703125,252.60813903808594,806.4458618164062,800,1066,800,1066
IMG_4039.jpg,IMG_4040.jpg,255.33949279785156,855.7994384765625,310.630615234375,897.039794921875,800,1066,800,1066
IMG_4039.jpg,IMG_4040.jpg,255.36412048339844,262.141845703125,266.1170959472656,269.86444091796875,800,1066,800,1066
IMG_4039.jpg,IMG_4040.jpg,255.38111877441406,865.4834594726562,367.0456237792969,964.1007080078125,800,1066,800,1066
IMG_4039.jpg,IMG_4040.jpg,256.04437255859375,867.83984375,339.8916931152344,944.9324340820312,800,1066,800,1066
IMG_4039.jpg,IMG_4040.jpg,256.7606506347656,870.5831298828125,366.2701416015625,921.0414428710938,800,1066,800,1066
IMG_4039.jpg,IMG_4040.jpg,257.5470886230469,467.2361145019531,317.0707702636719,474.1720275878906,800,1066,800,1066
IMG_4039.jpg,IMG_4040.jpg,257.980224609375,288.4293518066406,452.755859375,214.1324920654297,800,1066,800,1066
IMG_4039.jpg,IMG_4040.jpg,258.1495666503906,867.6941528320312,302.5894775390625,889.2860107421875,800,1066,800,1066
IMG_4039.jpg,IMG_4040.jpg,258.7957458496094,942.5379638671875,288.1838073730469,874.3321533203125,800,1066,800,1066
IMG_4039.jpg,IMG_4040.jpg,258.8827819824219,931.4854125976562,420.459228515625,1011.00341796875,800,1066,800,1066
IMG_4039.jpg,IMG_4040.jpg,259.0322265625,869.867431640625,252.60813903808594,806.4458618164062,800,1066,800,1066
IMG_4039.jpg,IMG_4040.jpg,259.6610412597656,900.2402954101562,307.7938232421875,912.4801635742188,800,1066,800,1066
IMG_4039.jpg,IMG_4040.jpg,259.8042907714844,949.5906982421875,324.24700927734375,771.2360229492188,800,1066,800,1066
IMG_4039.jpg,IMG_4040.jpg,259.9190368652344,921.4144287109375,351.11492919921875,934.5816040039062,800,1066,800,1066
IMG_4039.jpg,IMG_4040.jpg,259.9190368652344,921.4144287109375,431.6641540527344,961.5089111328125,800,1066,800,1066
IMG_4039.jpg,IMG_4040.jpg,260.50885009765625,896.10986328125,235.99481201171875,746.8328857421875,800,1066,800,1066
IMG_4039.jpg,IMG_4040.jpg,260.6942138671875,289.1441345214844,333.1692810058594,233.90451049804688,800,1066,800,1066
IMG_4039.jpg,IMG_4040.jpg,261.03515625,884.0073852539062,246.7743682861328,778.0321044921875,800,1066,800,1066
IMG_4039.jpg,IMG_4040.jpg,261.0845947265625,899.9577026367188,242.9682159423828,834.656005859375,800,1066,800,1066
IMG_4039.jpg,IMG_4040.jpg,261.4831848144531,945.4664916992188,261.05657958984375,805.71923828125,800,1066,800,1066
IMG_4039.jpg,IMG_4040.jpg,261.5588073730469,926.4501953125,307.0000915527344,925.8568115234375,800,1066,800,1066
IMG_4039.jpg,IMG_4040.jpg,261.5588073730469,926.4501953125,432.8289794921875,922.9840087890625,800,1066,800,1066
IMG_4039.jpg,IMG_4040.jpg,263.707763671875,516.8349609375,252.23428344726562,507.2173767089844,800,1066,800,1066
IMG_4039.jpg,IMG_4040.jpg,264.0971374511719,530.8281860351562,325.1490173339844,722.732177734375,800,1066,800,1066
IMG_4039.jpg,IMG_4040.jpg,264.3612976074219,911.9306030273438,447.9239807128906,947.1517944335938,800,1066,800,1066
IMG_4039.jpg,IMG_4040.jpg,264.869384765625,893.074951171875,331.0977783203125,916.390869140625,800,1066,800,1066
IMG_4039.jpg,IMG_4040.jpg,264.869384765625,893.074951171875,331.0977783203125,916.390869140625,800,1066,800,1066
IMG_4039.jpg,IMG_4040.jpg,265.5774841308594,268.58929443359375,292.47747802734375,246.52249145507812,800,1066,800,1066
IMG_4039.jpg,IMG_4040.jpg,265.7997741699219,674.0950927734375,260.6066589355469,655.0924072265625,800,1066,800,1066
IMG_4039.jpg,IMG_4040.jpg,265.8294982910156,268.8359680175781,334.56005859375,206.49618530273438,800,1066,800,1066
IMG_4039.jpg,IMG_4040.jpg,267.52813720703125,943.0040283203125,224.2929229736328,773.0256958007812,800,1066,800,1066
IMG_4039.jpg,IMG_4040.jpg,268.196533203125,266.0165710449219,482.8572692871094,146.04736328125,800,1066,800,1066
IMG_4039.jpg,IMG_4040.jpg,269.18145751953125,289.9703063964844,321.2539978027344,295.3619079589844,800,1066,800,1066
IMG_4039.jpg,IMG_4040.jpg,270.0291442871094,903.6480102539062,314.9427795410156,902.380859375,800,1066,800,1066
IMG_4039.jpg,IMG_4040.jpg,270.34814453125,245.3751983642578,273.034423828125,251.00840759277344,800,1066,800,1066
IMG_4039.jpg,IMG_4040.jpg,270.4695129394531,454.3843688964844,250.33676147460938,444.9453125,800,1066,800,1066
IMG_4039.jpg,IMG_4040.jpg,271.0855712890625,299.8359069824219,325.2674560546875,243.0648651123047,800,1066,800,1066
IMG_4039.jpg,IMG_4040.jpg,271.09796142578125,547.607666015625,319.4287414550781,456.7710266113281,800,1066,800,1066
IMG_4039.jpg,IMG_4040.jpg,271.13555908203125,538.8759765625,287.4441833496094,732.523193359375,800,1066,800,1066
IMG_4039.jpg,IMG_4040.jpg,272.6139221191406,945.9395141601562,246.7743682861328,778.0321044921875,800,1066,800,1066
IMG_4039.jpg,IMG_4040.jpg,272.72259521484375,462.0718688964844,345.1468811035156,304.0882568359375,800,1066,800,1066
IMG_4039.jpg,IMG_4040.jpg,273.2834167480469,462.5370178222656,345.1468811035156,304.0882568359375,800,1066,800,1066
IMG_4039.jpg,IMG_4040.jpg,276.7847595214844,952.8870849609375,253.0568084716797,847.6854858398438,800,1066,800,1066
IMG_4039.jpg,IMG_4040.jpg,277.0711975097656,457.45233154296875,483.587158203125,474.4017333984375,800,1066,800,1066
IMG_4039.jpg,IMG_4040.jpg,277.28778076171875,548.5579223632812,275.0501403808594,537.4722290039062,800,1066,800,1066
IMG_4039.jpg,IMG_4040.jpg,278.0869445800781,540.8815307617188,266.9065246582031,523.6463012695312,800,1066,800,1066
IMG_4039.jpg,IMG_4040.jpg,279.3262634277344,520.14208984375,495.8379821777344,538.107421875,800,1066,800,1066
IMG_4039.jpg,IMG_4040.jpg,279.3262634277344,520.14208984375,268.99554443359375,500.1154479980469,800,1066,800,1066
IMG_4039.jpg,IMG_4040.jpg,279.94512939453125,766.3473510742188,279.11639404296875,749.955810546875,800,1066,800,1066
IMG_4039.jpg,IMG_4040.jpg,280.5492858886719,299.8265075683594,309.5124206542969,283.1226806640625,800,1066,800,1066
IMG_4039.jpg,IMG_4040.jpg,281.16729736328125,517.1035766601562,527.3255004882812,495.16748046875,800,1066,800,1066
IMG_4039.jpg,IMG_4040.jpg,282.0518493652344,950.6671752929688,118.87394714355469,1008.6454467773438,800,1066,800,1066
IMG_4039.jpg,IMG_4040.jpg,283.1037902832031,962.73388671875,259.57965087890625,889.003662109375,800,1066,800,1066
IMG_4039.jpg,IMG_4040.jpg,283.1037902832031,962.73388671875,259.57965087890625,889.003662109375,800,1066,800,1066
IMG_4039.jpg,IMG_4040.jpg,284.6505432128906,961.0130615234375,254.08786010742188,872.8760375976562,800,1066,800,1066
IMG_4039.jpg,IMG_4040.jpg,284.733642578125,547.9846801757812,278.5320739746094,535.4314575195312,800,1066,800,1066
IMG_4039.jpg,IMG_4040.jpg,284.89288330078125,962.7136840820312,260.870361328125,891.1170043945312,800,1066,800,1066
IMG_4039.jpg,IMG_4040.jpg,285.6543884277344,542.0596313476562,275.87640380859375,529.3203735351562,800,1066,800,1066
IMG_4039.jpg,IMG_4040.jpg,285.77239990234375,926.47412109375,368.4051208496094,819.1994018554688,800,1066,800,1066
IMG_4039.jpg,IMG_4040.jpg,285.80316162109375,542.17041015625,275.87640380859375,529.3203735351562,800,1066,800,1066
IMG_4039.jpg,IMG_4040.jpg,286.9112548828125,961.0548706054688,290.768798828125,922.7796630859375,800,1066,800,1066
IMG_4039.jpg,IMG_4040.jpg,287.5039978027344,448.49285888671875,574.5143432617188,472.5472717285156,800,1066,800,1066
IMG_4039.jpg,IMG_4040.jpg,287.61517333984375,524.2551879882812,273.33447265625,506.14483642578125,800,1066,800,1066
IMG_4039.jpg,IMG_4040.jpg,288.4102478027344,471.92333984375,290.9080505371094,488.8435363769531,800,1066,800,1066
IMG_4039.jpg,IMG_4040.jpg,288.88238525390625,509.95263671875,269.9649963378906,492.34381103515625,800,1066,800,1066
IMG_4039.jpg,IMG_4040.jpg,289.1231994628906,252.07684326171875,318.01544189453125,222.78256225585938,800,1066,800,1066
IMG_4039.jpg,IMG_4040.jpg,289.3543395996094,530.3860473632812,259.06524658203125,409.0000915527344,800,1066,800,1066
IMG_4039.jpg,IMG_4040.jpg,289.8235778808594,540.2854614257812,277.5160217285156,524.93017578125,800,1066,800,1066
IMG_4039.jpg,IMG_4040.jpg,290.0148620605469,449.3572692871094,303.7324523925781,506.73834228515625,800,1066,800,1066
IMG_4039.jpg,IMG_4040.jpg,290.5472106933594,776.6162109375,353.137451171875,945.052978515625,800,1066,800,1066
IMG_4039.jpg,IMG_4040.jpg,290.5472106933594,776.6162109375,289.1777038574219,754.5834350585938,800,1066,800,1066
IMG_4039.jpg,IMG_4040.jpg,291.1799011230469,538.4560546875,508.7766418457031,558.5047607421875,800,1066,800,1066
IMG_4039.jpg,IMG_4040.jpg,291.8871765136719,551.8436279296875,275.87640380859375,529.3203735351562,800,1066,800,1066
IMG_4039.jpg,IMG_4040.jpg,292.2483215332031,539.9069213867188,279.5118713378906,523.8964233398438,800,1066,800,1066
IMG_4039.jpg,IMG_4040.jpg,292.4615478515625,452.2066345214844,346.6146240234375,268.49920654296875,800,1066,800,1066
IMG_4039.jpg,IMG_4040.jpg,292.4615478515625,452.2066345214844,379.5579528808594,267.7901306152344,800,1066,800,1066
IMG_4039.jpg,IMG_4040.jpg,292.83514404296875,453.8965148925781,381.41473388671875,270.491943359375,800,1066,800,1066
IMG_4039.jpg,IMG_4040.jpg,293.17376708984375,549.3063354492188,286.6542053222656,534.831298828125,800,1066,800,1066
IMG_4039.jpg,IMG_4040.jpg,294.0951232910156,545.7669677734375,282.9210510253906,529.7189331054688,800,1066,800,1066
IMG_4039.jpg,IMG_4040.jpg,294.4503479003906,921.1804809570312,454.4796447753906,906.2107543945312,800,1066,800,1066
IMG_4039.jpg,IMG_4040.jpg,296.39532470703125,521.7437133789062,281.58795166015625,500.41748046875,800,1066,800,1066
IMG_4039.jpg,IMG_4040.jpg,296.53790283203125,535.5054321289062,281.637451171875,510.0268859863281,800,1066,800,1066
IMG_4039.jpg,IMG_4040.jpg,296.53790283203125,535.5054321289062,281.6277160644531,518.1139526367188,800,1066,800,1066
IMG_4039.jpg,IMG_4040.jpg,297.49884033203125,302.1506042480469,387.3797607421875,244.68746948242188,800,1066,800,1066
IMG_4039.jpg,IMG_4040.jpg,297.54833984375,540.11376953125,283.000732421875,523.2152709960938,800,1066,800,1066
IMG_4039.jpg,IMG_4040.jpg,298.061767578125,931.9683837890625,293.3476867675781,911.2888793945312,800,1066,800,1066
IMG_4039.jpg,IMG_4040.jpg,298.2193298339844,286.5349426269531,535.740966796875,250.6351318359375,800,1066,800,1066
IMG_4039.jpg,IMG_4040.jpg,298.37713623046875,931.0386962890625,293.3476867675781,911.2888793945312,800,1066,800,1066
IMG_4039.jpg,IMG_4040.jpg,298.88037109375,955.37939453125,447.9239807128906,947.1517944335938,800,1066,800,1066
IMG_4039.jpg,IMG_4040.jpg,298.9003601074219,510.1946105957031,281.3423156738281,492.0902404785156,800,1066,800,1066
IMG_4039.jpg,IMG_4040.jpg,300.39532470703125,503.7219543457031,268.6045227050781,486.92327880859375,800,1066,800,1066
IMG_4039.jpg,IMG_4040.jpg,301.1891784667969,694.2299194335938,293.98138427734375,511.53961181640625,800,1066,800,1066
IMG_4039.jpg,IMG_4040.jpg,301.7471008300781,456.1290283203125,324.13226318359375,484.9635925292969,800,1066,800,1066
IMG_4039.jpg,IMG_4040.jpg,301.8337097167969,537.5845947265625,286.4673767089844,520.205810546875,800,1066,800,1066
IMG_4039.jpg,IMG_4040.jpg,301.8337097167969,537.5845947265625,513.2530517578125,553.6187744140625,800,1066,800,1066
IMG_4039.jpg,IMG_4040.jpg,302.48876953125,270.97467041015625,521.1710205078125,196.70901489257812,800,1066,800,1066
IMG_4039.jpg,IMG_4040.jpg,302.8338317871094,983.572998046875,245.69644165039062,836.0549926757812,800,1066,800,1066
IMG_4039.jpg,IMG_4040.jpg,303.5145263671875,246.82247924804688,284.8577880859375,260.0938720703125,800,1066,800,1066
IMG_4039.jpg,IMG_4040.jpg,303.8916931152344,537.7113037109375,286.4673767089844,520.205810546875,800,1066,800,1066
IMG_4039.jpg,IMG_4040.jpg,303.8916931152344,537.7113037109375,515.8137817382812,553.4441528320312,800,1066,800,1066
IMG_4039.jpg,IMG_4040.jpg,303.98504638671875,242.79640197753906,530.6531982421875,155.16766357421875,800,1066,800,1066
IMG_4039.jpg,IMG_4040.jpg,304.61053466796875,949.6343994140625,286.5727233886719,891.6106567382812,800,1066,800,1066
IMG_4039.jpg,IMG_4040.jpg,305.11669921875,539.9126586914062,289.64154052734375,523.0918579101562,800,1066,800,1066
IMG_4039.jpg,IMG_4040.jpg,305.387451171875,263.99346923828125,496.57440185546875,164.98526000976562,800,1066,800,1066
IMG_4039.jpg,IMG_4040.jpg,305.45556640625,245.3704071044922,572.8128662109375,169.71392822265625,800,1066,800,1066
IMG_4039.jpg,IMG_4040.jpg,305.75518798828125,921.0249633789062,302.7602233886719,889.1436157226562,800,1066,800,1066
IMG_4039.jpg,IMG_4040.jpg,306.7954406738281,504.88641357421875,268.6045227050781,486.92327880859375,800,1066,800,1066
IMG_4039.jpg,IMG_4040.jpg,306.8116760253906,269.4913635253906,577.8998413085938,225.29489135742188,800,1066,800,1066
IMG_4039.jpg,IMG_4040.jpg,306.8197937011719,524.248779296875,302.5257263183594,500.8730163574219,800,1066,800,1066
IMG_4039.jpg,IMG_4040.jpg,307.15179443359375,240.4798583984375,436.4630432128906,152.5186309814453,800,1066,800,1066
IMG_4039.jpg,IMG_4040.jpg,307.15179443359375,240.4798583984375,590.5487670898438,172.520263671875,800,1066,800,1066
IMG_4039.jpg,IMG_4040.jpg,307.21051025390625,900.1416625976562,376.8858337402344,928.290771484375,800,1066,800,1066
IMG_4039.jpg,IMG_4040.jpg,307.2804870605469,544.7242431640625,293.2470703125,526.3916625976562,800,1066,800,1066
IMG_4039.jpg,IMG_4040.jpg,307.334228515625,240.76983642578125,590.5487670898438,172.520263671875,800,1066,800,1066
IMG_4039.jpg,IMG_4040.jpg,307.3668212890625,527.4129638671875,521.45556640625,487.48895263671875,800,1066,800,1066
IMG_4039.jpg,IMG_4040.jpg,307.9866943359375,247.1636505126953,557.6430053710938,165.57276916503906,800,1066,800,1066
IMG_4039.jpg,IMG_4040.jpg,308.46038818359375,533.91943359375,525.1845703125,549.564697265625,800,1066,800,1066
IMG_4039.jpg,IMG_4040.jpg,308.4996643066406,533.859375,525.1845703125,549.564697265625,800,1066,800,1066
IMG_4039.jpg,IMG_4040.jpg,308.6225891113281,298.2818298339844,344.76007080078125,225.5238037109375,800,1066,800,1066
IMG_4039.jpg,IMG_4040.jpg,309.1931457519531,895.341552734375,342.3966064453125,937.5586547851562,800,1066,800,1066
IMG_4039.jpg,IMG_4040.jpg,309.75738525390625,536.82763671875,523.97412109375,552.76220703125,800,1066,800,1066
IMG_4039.jpg,IMG_4040.jpg,309.7620849609375,924.0989379882812,411.6590270996094,975.23583984375,800,1066,800,1066
IMG_4039.jpg,IMG_4040.jpg,309.9942321777344,934.4698486328125,377.0967712402344,954.9945068359375,800,1066,800,1066
IMG_4039.jpg,IMG_4040.jpg,311.0838317871094,943.313720703125,390.0706481933594,954.3692016601562,800,1066,800,1066
IMG_4039.jpg,IMG_4040.jpg,311.9798889160156,241.3802490234375,599.0888671875,226.97964477539062,800,1066,800,1066
IMG_4039.jpg,IMG_4040.jpg,311.99658203125,542.0857543945312,526.0486450195312,561.2354736328125,800,1066,800,1066
IMG_4039.jpg,IMG_4040.jpg,312.97265625,767.3035888671875,299.1663513183594,746.9163208007812,800,1066,800,1066
IMG_4039.jpg,IMG_4040.jpg,313.255126953125,946.912353515625,432.8289794921875,922.9840087890625,800,1066,800,1066
IMG_4039.jpg,IMG_4040.jpg,313.92303466796875,240.55763244628906,303.0855712890625,245.61375427246094,800,1066,800,1066
IMG_4039.jpg,IMG_4040.jpg,313.9824523925781,924.2836303710938,343.03924560546875,919.0191650390625,800,1066,800,1066
IMG_4039.jpg,IMG_4040.jpg,314.1326599121094,237.90171813964844,432.312744140625,155.51795959472656,800,1066,800,1066
IMG_4039.jpg,IMG_4040.jpg,314.6355285644531,538.1071166992188,399.96368408203125,697.9187622070312,800,1066,800,1066
IMG_4039.jpg,IMG_4040.jpg,315.3374938964844,489.0669250488281,282.3890686035156,473.24969482421875,800,1066,800,1066
IMG_4039.jpg,IMG_4040.jpg,315.4278564453125,269.0574645996094,346.6146240234375,268.49920654296875,800,1066,800,1066
IMG_4039.jpg,IMG_4040.jpg,315.8553161621094,233.63253784179688,292.47747802734375,246.52249145507812,800,1066,800,1066
IMG_4039.jpg,IMG_4040.jpg,315.9508056640625,233.3118438720703,292.47747802734375,246.52249145507812,800,1066,800,1066
IMG_4039.jpg,IMG_4040.jpg,316.3843688964844,342.2545471191406,291.5466613769531,315.28399658203125,800,1066,800,1066
IMG_4039.jpg,IMG_4040.jpg,316.39520263671875,385.28631591796875,321.4783020019531,280.746826171875,800,1066,800,1066
IMG_4039.jpg,IMG_4040.jpg,316.5412902832031,967.4530029296875,348.78692626953125,960.934326171875,800,1066,800,1066
IMG_4039.jpg,IMG_4040.jpg,316.9068298339844,941.4861450195312,198.09310913085938,935.6196899414062,800,1066,800,1066
IMG_4039.jpg,IMG_4040.jpg,317.6322021484375,534.3033447265625,532.4698486328125,546.5818481445312,800,1066,800,1066
IMG_4039.jpg,IMG_4040.jpg,319.79119873046875,789.2733764648438,305.5726013183594,764.2333984375,800,1066,800,1066
IMG_4039.jpg,IMG_4040.jpg,320.68707275390625,727.5878295898438,310.630615234375,897.039794921875,800,1066,800,1066
IMG_4039.jpg,IMG_4040.jpg,321.0556640625,789.445068359375,154.19906616210938,816.005859375,800,1066,800,1066
IMG_4039.jpg,IMG_4040.jpg,321.0556640625,789.445068359375,314.3265686035156,768.6751708984375,800,1066,800,1066
IMG_4039.jpg,IMG_4040.jpg,322.6195068359375,537.7454223632812,305.6217956542969,517.0223999023438,800,1066,800,1066
IMG_4039.jpg,IMG_4040.jpg,322.6551208496094,537.4366455078125,305.6217956542969,517.0223999023438,800,1066,800,1066
IMG_4039.jpg,IMG_4040.jpg,322.67041015625,528.5748901367188,303.7324523925781,506.73834228515625,800,1066,800,1066
IMG_4039.jpg,IMG_4040.jpg,322.8699645996094,955.0226440429688,424.6298828125,1006.4236450195312,800,1066,800,1066
IMG_4039.jpg,IMG_4040.jpg,323.6141357421875,511.6395568847656,305.2389831542969,495.2295837402344,800,1066,800,1066
IMG_4039.jpg,IMG_4040.jpg,323.8889465332031,760.3831176757812,267.1921081542969,757.9047241210938,800,1066,800,1066
IMG_4039.jpg,IMG_4040.jpg,324.35675048828125,771.9677124023438,292.1283874511719,741.9099731445312,800,1066,800,1066
IMG_4039.jpg,IMG_4040.jpg,324.5378723144531,461.5075988769531,295.1593933105469,451.0309143066406,800,1066,800,1066
IMG_4039.jpg,IMG_4040.jpg,325.2778015136719,225.59417724609375,587.8831176757812,169.9333038330078,800,1066,800,1066
IMG_4039.jpg,IMG_4040.jpg,325.2778015136719,225.59417724609375,295.7687683105469,242.87945556640625,800,1066,800,1066
IMG_4039.jpg,IMG_4040.jpg,326.1988830566406,950.5159912109375,254.13894653320312,872.5196533203125,800,1066,800,1066
IMG_4039.jpg,IMG_4040.jpg,326.1988830566406,950.5159912109375,271.8161926269531,870.9658203125,800,1066,800,1066
IMG_4039.jpg,IMG_4040.jpg,327.541259765625,454.8227844238281,571.7060546875,544.6207275390625,800,1066,800,1066
IMG_4039.jpg,IMG_4040.jpg,327.75836181640625,256.0146179199219,348.0616149902344,256.4385681152344,800,1066,800,1066
IMG_4039.jpg,IMG_4040.jpg,328.4471740722656,473.38525390625,521.45556640625,487.48895263671875,800,1066,800,1066
IMG_4039.jpg,IMG_4040.jpg,328.6236877441406,300.4601745605469,407.9883728027344,195.5598602294922,800,1066,800,1066
IMG_4039.jpg,IMG_4040.jpg,328.6236877441406,300.4601745605469,309.5124206542969,283.1226806640625,800,1066,800,1066
IMG_4039.jpg,IMG_4040.jpg,329.6562805175781,957.1070556640625,308.47698974609375,920.78125,800,1066,800,1066
IMG_4039.jpg,IMG_4040.jpg,329.87908935546875,323.8979187011719,332.6824035644531,230.943359375,800,1066,800,1066
IMG_4039.jpg,IMG_4040.jpg,330.9244689941406,234.5689697265625,557.6430053710938,165.57276916503906,800,1066,800,1066
IMG_4039.jpg,IMG_4040.jpg,331.1980895996094,951.9021606445312,381.06195068359375,941.5314331054688,800,1066,800,1066
IMG_4039.jpg,IMG_4040.jpg,331.5710754394531,459.59393310546875,299.75897216796875,458.2512512207031,800,1066,800,1066
IMG_4039.jpg,IMG_4040.jpg,331.9281921386719,942.7722778320312,235.28005981445312,795.662841796875,800,1066,800,1066
IMG_4039.jpg,IMG_4040.jpg,332.2291259765625,458.0600891113281,299.75897216796875,458.2512512207031,800,1066,800,1066
IMG_4039.jpg,IMG_4040.jpg,332.4334716796875,329.0597229003906,301.0948486328125,312.9964904785156,800,1066,800,1066
IMG_4039.jpg,IMG_4040.jpg,333.1940612792969,952.4749755859375,382.6634826660156,959.6525268554688,800,1066,800,1066
IMG_4039.jpg,IMG_4040.jpg,333.53338623046875,518.0107421875,309.02825927734375,497.8486633300781,800,1066,800,1066
IMG_4039.jpg,IMG_4040.jpg,333.96331787109375,877.9033813476562,450.0230407714844,954.0679321289062,800,1066,800,1066
IMG_4039.jpg,IMG_4040.jpg,334.9759521484375,996.3976440429688,115.49060821533203,1021.4775390625,800,1066,800,1066
IMG_4039.jpg,IMG_4040.jpg,334.9759521484375,996.3976440429688,178.2021942138672,1036.574951171875,800,1066,800,1066
IMG_4039.jpg,IMG_4040.jpg,334.9759521484375,996.3976440429688,348.34661865234375,978.5861206054688,800,1066,800,1066
IMG_4039.jpg,IMG_4040.jpg,335.61663818359375,920.2128295898438,334.4851989746094,903.8292846679688,800,1066,800,1066
IMG_4039.jpg,IMG_4040.jpg,336.2879638671875,189.3048858642578,448.4972229003906,118.10045623779297,800,1066,800,1066
IMG_4039.jpg,IMG_4040.jpg,337.9732360839844,877.0745849609375,409.049560546875,900.3815307617188,800,1066,800,1066
IMG_4039.jpg,IMG_4040.jpg,338.0361328125,222.88168334960938,436.4630432128906,152.5186309814453,800,1066,800,1066
IMG_4039.jpg,IMG_4040.jpg,338.0361328125,222.88168334960938,501.38470458984375,148.74363708496094,800,1066,800,1066
IMG_4039.jpg,IMG_4040.jpg,338.0361328125,222.88168334960938,436.4630432128906,152.5186309814453,800,1066,800,1066
IMG_4039.jpg,IMG_4040.jpg,338.7436218261719,314.576904296875,500.3437805175781,202.7666015625,800,1066,800,1066
IMG_4039.jpg,IMG_4040.jpg,339.34637451171875,309.0685729980469,336.607666015625,266.11700439453125,800,1066,800,1066
IMG_4039.jpg,IMG_4040.jpg,340.0041809082031,478.9498291015625,521.45556640625,487.48895263671875,800,1066,800,1066
IMG_4039.jpg,IMG_4040.jpg,340.1083068847656,792.3053588867188,327.00689697265625,771.2900390625,800,1066,800,1066
IMG_4039.jpg,IMG_4040.jpg,340.4505310058594,456.7096252441406,275.57574462890625,520.6446533203125,800,1066,800,1066
IMG_4039.jpg,IMG_4040.jpg,340.5744934082031,911.8009033203125,290.5535888671875,737.4859619140625,800,1066,800,1066
IMG_4039.jpg,IMG_4040.jpg,340.8919372558594,304.8813781738281,334.1208190917969,317.83087158203125,800,1066,800,1066
IMG_4039.jpg,IMG_4040.jpg,340.9595642089844,317.62371826171875,516.539306640625,236.06556701660156,800,1066,800,1066
IMG_4039.jpg,IMG_4040.jpg,341.82305908203125,524.4360961914062,316.5618896484375,502.96868896484375,800,1066,800,1066
IMG_4039.jpg,IMG_4040.jpg,341.9344177246094,308.9213562011719,344.83721923828125,280.1051025390625,800,1066,800,1066
IMG_4039.jpg,IMG_4040.jpg,341.9808349609375,245.73789978027344,408.88580322265625,227.9270782470703,800,1066,800,1066
IMG_4039.jpg,IMG_4040.jpg,342.0259094238281,308.6672668457031,344.83721923828125,280.1051025390625,800,1066,800,1066
IMG_4039.jpg,IMG_4040.jpg,342.6243896484375,529.1140747070312,319.6883850097656,509.1715087890625,800,1066,800,1066
IMG_4039.jpg,IMG_4040.jpg,342.6868896484375,480.17694091796875,521.45556640625,487.48895263671875,800,1066,800,1066
IMG_4039.jpg,IMG_4040.jpg,343.6733703613281,313.2149963378906,516.539306640625,236.06556701660156,800,1066,800,1066
IMG_4039.jpg,IMG_4040.jpg,344.81085205078125,216.33737182617188,295.7687683105469,242.87945556640625,800,1066,800,1066
IMG_4039.jpg,IMG_4040.jpg,345.7120056152344,316.31280517578125,394.37261962890625,245.40548706054688,800,1066,800,1066
IMG_4039.jpg,IMG_4040.jpg,346.0758361816406,865.8482055664062,351.2603454589844,855.0911254882812,800,1066,800,1066
IMG_4039.jpg,IMG_4040.jpg,346.62152099609375,243.93055725097656,422.8363037109375,226.17848205566406,800,1066,800,1066
IMG_4039.jpg,IMG_4040.jpg,346.6629638671875,244.06919860839844,321.4783020019531,280.746826171875,800,1066,800,1066
IMG_4039.jpg,IMG_4040.jpg,346.9608459472656,717.057861328125,375.5940856933594,900.9658813476562,800,1066,800,1066
IMG_4039.jpg,IMG_4040.jpg,347.40283203125,301.8454895019531,571.890869140625,229.56297302246094,800,1066,800,1066
IMG_4039.jpg,IMG_4040.jpg,348.0414123535156,241.29049682617188,346.8221740722656,228.18544006347656,800,1066,800,1066
IMG_4039.jpg,IMG_4040.jpg,348.3940124511719,254.64454650878906,554.293212890625,197.78976440429688,800,1066,800,1066
IMG_4039.jpg,IMG_4040.jpg,348.606689453125,246.200439453125,506.20135498046875,193.99142456054688,800,1066,800,1066
IMG_4039.jpg,IMG_4040.jpg,348.6210632324219,864.439453125,235.28005981445312,795.662841796875,800,1066,800,1066
IMG_4039.jpg,IMG_4040.jpg,349.3924255371094,221.53369140625,555.202392578125,164.81520080566406,800,1066,800,1066
IMG_4039.jpg,IMG_4040.jpg,349.3924255371094,221.53369140625,303.00384521484375,243.1975860595703,800,1066,800,1066
IMG_4039.jpg,IMG_4040.jpg,349.68621826171875,805.1365356445312,411.6590270996094,975.23583984375,800,1066,800,1066
IMG_4039.jpg,IMG_4040.jpg,349.90093994140625,794.9287719726562,335.516357421875,773.9159545898438,800,1066,800,1066
IMG_4039.jpg,IMG_4040.jpg,350.19305419921875,983.4450073242188,341.49957275390625,955.083251953125,800,1066,800,1066
IMG_4039.jpg,IMG_4040.jpg,350.4947204589844,861.4775390625,368.44842529296875,769.3367309570312,800,1066,800,1066
IMG_4039.jpg,IMG_4040.jpg,350.4947204589844,861.4775390625,369.3826904296875,770.4357299804688,800,1066,800,1066
IMG_4039.jpg,IMG_4040.jpg,351.59820556640625,754.2642822265625,416.1557922363281,788.2205810546875,800,1066,800,1066
IMG_4039.jpg,IMG_4040.jpg,352.3648376464844,798.401611328125,328.605712890625,774.0321655273438,800,1066,800,1066
IMG_4039.jpg,IMG_4040.jpg,352.6243591308594,621.1199951171875,260.6066589355469,655.0924072265625,800,1066,800,1066
IMG_4039.jpg,IMG_4040.jpg,352.6243591308594,621.1199951171875,260.6066589355469,655.0924072265625,800,1066,800,1066
IMG_4039.jpg,IMG_4040.jpg,353.43975830078125,299.54132080078125,523.926513671875,218.93545532226562,800,1066,800,1066
IMG_4039.jpg,IMG_4040.jpg,353.98419189453125,867.1681518554688,522.9844970703125,893.884765625,800,1066,800,1066
IMG_4039.jpg,IMG_4040.jpg,354.71954345703125,240.02114868164062,619.7080688476562,189.94119262695312,800,1066,800,1066
IMG_4039.jpg,IMG_4040.jpg,355.3874816894531,235.09011840820312,631.2703857421875,249.75453186035156,800,1066,800,1066
IMG_4039.jpg,IMG_4040.jpg,355.5452880859375,240.74789428710938,446.8670654296875,194.74253845214844,800,1066,800,1066
IMG_4039.jpg,IMG_4040.jpg,356.68878173828125,293.9959716796875,341.3277587890625,235.7166748046875,800,1066,800,1066
IMG_4039.jpg,IMG_4040.jpg,356.72845458984375,216.57286071777344,618.9152221679688,191.2678680419922,800,1066,800,1066
IMG_4039.jpg,IMG_4040.jpg,356.81927490234375,555.9304809570312,336.2821960449219,533.2230224609375,800,1066,800,1066
IMG_4039.jpg,IMG_4040.jpg,357.1190185546875,346.9678955078125,557.072509765625,230.70436096191406,800,1066,800,1066
IMG_4039.jpg,IMG_4040.jpg,357.1725158691406,949.474365234375,258.1343688964844,823.8002319335938,800,1066,800,1066
IMG_4039.jpg,IMG_4040.jpg,357.8217468261719,800.5606689453125,389.82342529296875,792.2008666992188,800,1066,800,1066
IMG_4039.jpg,IMG_4040.jpg,357.9966735839844,797.36376953125,342.1529235839844,776.9115600585938,800,1066,800,1066
IMG_4039.jpg,IMG_4040.jpg,358.01031494140625,265.2130126953125,333.8335266113281,276.7861328125,800,1066,800,1066
IMG_4039.jpg,IMG_4040.jpg,358.57220458984375,964.520263671875,276.8857116699219,868.8877563476562,800,1066,800,1066
IMG_4039.jpg,IMG_4040.jpg,358.86273193359375,797.7407836914062,342.1529235839844,776.9115600585938,800,1066,800,1066
IMG_4039.jpg,IMG_4040.jpg,359.3940124511719,811.0200805664062,281.6288757324219,856.6087646484375,800,1066,800,1066
IMG_4039.jpg,IMG_4040.jpg,360.1383056640625,979.067626953125,288.67584228515625,870.1647338867188,800,1066,800,1066
IMG_4039.jpg,IMG_4040.jpg,360.2495422363281,248.7919921875,366.92401123046875,221.4432373046875,800,1066,800,1066
IMG_4039.jpg,IMG_4040.jpg,360.3180847167969,241.81729125976562,344.5015869140625,219.086669921875,800,1066,800,1066
IMG_4039.jpg,IMG_4040.jpg,360.35406494140625,953.7445678710938,362.3811340332031,938.562255859375,800,1066,800,1066
IMG_4039.jpg,IMG_4040.jpg,360.40460205078125,241.90560913085938,344.5015869140625,219.086669921875,800,1066,800,1066
IMG_4039.jpg,IMG_4040.jpg,361.2452392578125,803.6856689453125,346.93756103515625,784.424560546875,800,1066,800,1066
IMG_4039.jpg,IMG_4040.jpg,361.2452392578125,803.6856689453125,346.40777587890625,784.2423706054688,800,1066,800,1066
IMG_4039.jpg,IMG_4040.jpg,361.7653503417969,955.7197875976562,381.2510070800781,939.1311645507812,800,1066,800,1066
IMG_4039.jpg,IMG_4040.jpg,362.0550231933594,232.14035034179688,336.2767028808594,316.56878662109375,800,1066,800,1066
IMG_4039.jpg,IMG_4040.jpg,362.4523010253906,238.80215454101562,649.7228393554688,203.71078491210938,800,1066,800,1066
IMG_4039.jpg,IMG_4040.jpg,362.5866394042969,214.6477508544922,341.0830078125,199.81532287597656,800,1066,800,1066
IMG_4039.jpg,IMG_4040.jpg,362.5866394042969,214.6477508544922,638.490234375,197.63645935058594,800,1066,800,1066
IMG_4039.jpg,IMG_4040.jpg,363.0306091308594,217.83815002441406,604.6428833007812,180.9497528076172,800,1066,800,1066
IMG_4039.jpg,IMG_4040.jpg,363.4022216796875,944.1935424804688,396.8874816894531,944.3306274414062,800,1066,800,1066
IMG_4039.jpg,IMG_4040.jpg,363.8922424316406,343.3528747558594,327.8631896972656,318.1896057128906,800,1066,800,1066
IMG_4039.jpg,IMG_4040.jpg,364.436279296875,961.9009399414062,443.00067138671875,931.5545043945312,800,1066,800,1066
IMG_4039.jpg,IMG_4040.jpg,364.6053771972656,236.56735229492188,650.3953857421875,264.9763488769531,800,1066,800,1066
IMG_4039.jpg,IMG_4040.jpg,366.3565979003906,341.2179870605469,532.876220703125,228.9080810546875,800,1066,800,1066
IMG_4039.jpg,IMG_4040.jpg,366.4937744140625,982.7947387695312,301.72930908203125,939.254638671875,800,1066,800,1066
IMG_4039.jpg,IMG_4040.jpg,366.5175476074219,520.7797241210938,532.4698486328125,546.5818481445312,800,1066,800,1066
IMG_4039.jpg,IMG_4040.jpg,366.5542907714844,248.96286010742188,588.1304931640625,287.9635314941406,800,1066,800,1066
IMG_4039.jpg,IMG_4040.jpg,366.9586181640625,232.42849731445312,333.9368896484375,250.1031951904297,800,1066,800,1066
IMG_4039.jpg,IMG_4040.jpg,366.9808654785156,254.6412811279297,389.71392822265625,237.57403564453125,800,1066,800,1066
IMG_4039.jpg,IMG_4040.jpg,367.1708679199219,209.92723083496094,295.7687683105469,242.87945556640625,800,1066,800,1066
IMG_4039.jpg,IMG_4040.jpg,367.27734375,335.55126953125,356.5760498046875,291.42950439453125,800,1066,800,1066
IMG_4039.jpg,IMG_4040.jpg,367.6758117675781,322.2066955566406,355.39837646484375,253.42633056640625,800,1066,800,1066
IMG_4039.jpg,IMG_4040.jpg,368.4250183105469,817.96240234375,352.8297119140625,798.4139404296875,800,1066,800,1066
IMG_4039.jpg,IMG_4040.jpg,368.6462707519531,340.13287353515625,308.5239562988281,233.73939514160156,800,1066,800,1066
IMG_4039.jpg,IMG_4040.jpg,368.78021240234375,862.3348999023438,366.84552001953125,846.5752563476562,800,1066,800,1066
IMG_4039.jpg,IMG_4040.jpg,369.0513916015625,959.7178344726562,336.4893493652344,937.0287475585938,800,1066,800,1066
IMG_4039.jpg,IMG_4040.jpg,369.06756591796875,324.15277099609375,516.8396606445312,233.326416015625,800,1066,800,1066
IMG_4039.jpg,IMG_4040.jpg,369.40374755859375,802.5900268554688,351.91552734375,781.8886108398438,800,1066,800,1066
IMG_4039.jpg,IMG_4040.jpg,369.4522399902344,954.50390625,365.9261169433594,943.1831665039062,800,1066,800,1066
IMG_4039.jpg,IMG_4040.jpg,369.4522399902344,954.50390625,260.870361328125,891.1170043945312,800,1066,800,1066
IMG_4039.jpg,IMG_4040.jpg,369.50732421875,946.4676513671875,385.79766845703125,939.2272338867188,800,1066,800,1066
IMG_4039.jpg,IMG_4040.jpg,369.60528564453125,231.34371948242188,394.5295715332031,280.0069885253906,800,1066,800,1066
IMG_4039.jpg,IMG_4040.jpg,369.8782043457031,930.8589477539062,376.7217712402344,928.4121704101562,800,1066,800,1066
IMG_4039.jpg,IMG_4040.jpg,370.02020263671875,341.36151123046875,625.4949951171875,261.0829162597656,800,1066,800,1066
IMG_4039.jpg,IMG_4040.jpg,371.0045166015625,209.6009063720703,590.3809204101562,173.0186767578125,800,1066,800,1066
IMG_4039.jpg,IMG_4040.jpg,371.2815246582031,355.04888916015625,319.4287414550781,456.7710266113281,800,1066,800,1066
IMG_4039.jpg,IMG_4040.jpg,371.5408935546875,328.2919006347656,356.5760498046875,291.42950439453125,800,1066,800,1066
IMG_4039.jpg,IMG_4040.jpg,372.87835693359375,993.7225952148438,258.4045715332031,886.7899169921875,800,1066,800,1066
IMG_4039.jpg,IMG_4040.jpg,373.0123596191406,883.1279907226562,243.47776794433594,776.4197387695312,800,1066,800,1066
IMG_4039.jpg,IMG_4040.jpg,373.22003173828125,233.19261169433594,383.07733154296875,223.56251525878906,800,1066,800,1066
IMG_4039.jpg,IMG_4040.jpg,373.7831726074219,804.9937744140625,355.7610168457031,783.6631469726562,800,1066,800,1066
IMG_4039.jpg,IMG_4040.jpg,374.0708312988281,247.83718872070312,348.5264587402344,222.6062774658203,800,1066,800,1066
IMG_4039.jpg,IMG_4040.jpg,374.3816223144531,243.30531311035156,408.12188720703125,195.3179473876953,800,1066,800,1066
IMG_4039.jpg,IMG_4040.jpg,376.3683166503906,810.6060791015625,341.9353942871094,779.5078735351562,800,1066,800,1066
IMG_4039.jpg,IMG_4040.jpg,376.6652526855469,948.9540405273438,378.4270935058594,934.3416748046875,800,1066,800,1066
IMG_4039.jpg,IMG_4040.jpg,376.9053039550781,217.4952392578125,330.0140686035156,234.54376220703125,800,1066,800,1066
IMG_4039.jpg,IMG_4040.jpg,377.37799072265625,207.4226531982422,572.8128662109375,169.71392822265625,800,1066,800,1066
IMG_4039.jpg,IMG_4040.jpg,377.5957946777344,340.8292236328125,312.26495361328125,311.1288757324219,800,1066,800,1066
IMG_4039.jpg,IMG_4040.jpg,378.03912353515625,323.027099609375,322.8722229003906,298.7996520996094,800,1066,800,1066
IMG_4039.jpg,IMG_4040.jpg,378.2413635253906,814.7550659179688,364.49737548828125,795.9974365234375,800,1066,800,1066
IMG_4039.jpg,IMG_4040.jpg,378.833740234375,806.398681640625,359.77838134765625,785.9549560546875,800,1066,800,1066
IMG_4039.jpg,IMG_4040.jpg,379.6522521972656,929.9698486328125,336.4893493652344,937.0287475585938,800,1066,800,1066
IMG_4039.jpg,IMG_4040.jpg,379.8677062988281,262.2679748535156,656.4450073242188,278.6864013671875,800,1066,800,1066
IMG_4039.jpg,IMG_4040.jpg,380.4001770019531,239.1590118408203,572.680908203125,239.47637939453125,800,1066,800,1066
IMG_4039.jpg,IMG_4040.jpg,380.63653564453125,321.20269775390625,496.6439514160156,167.06971740722656,800,1066,800,1066
IMG_4039.jpg,IMG_4040.jpg,380.6681823730469,977.9780883789062,282.4683837890625,861.7601318359375,800,1066,800,1066
IMG_4039.jpg,IMG_4040.jpg,381.0232238769531,219.87669372558594,655.2350463867188,269.7774353027344,800,1066,800,1066
IMG_4039.jpg,IMG_4040.jpg,381.3326416015625,349.0888366699219,334.4602355957031,468.0908508300781,800,1066,800,1066
IMG_4039.jpg,IMG_4040.jpg,381.4458312988281,242.1396484375,532.9384155273438,191.35861206054688,800,1066,800,1066
IMG_4039.jpg,IMG_4040.jpg,381.8013916015625,824.9512329101562,367.32806396484375,805.2907104492188,800,1066,800,1066
IMG_4039.jpg,IMG_4040.jpg,381.832763671875,969.4305419921875,422.93658447265625,1003.8885498046875,800,1066,800,1066
IMG_4039.jpg,IMG_4040.jpg,381.83343505859375,980.1321411132812,261.5602722167969,882.5184326171875,800,1066,800,1066
IMG_4039.jpg,IMG_4040.jpg,382.05670166015625,980.0940551757812,261.5602722167969,882.5184326171875,800,1066,800,1066
IMG_4039.jpg,IMG_4040.jpg,382.403076171875,263.154052734375,649.99560546875,277.0863952636719,800,1066,800,1066
IMG_4039.jpg,IMG_4040.jpg,382.8961486816406,239.4464111328125,453.79656982421875,207.13172912597656,800,1066,800,1066
IMG_4039.jpg,IMG_4040.jpg,383.5127258300781,970.9053344726562,383.9189453125,962.9392700195312,800,1066,800,1066
IMG_4039.jpg,IMG_4040.jpg,383.5341796875,226.40122985839844,422.8363037109375,226.17848205566406,800,1066,800,1066
IMG_4039.jpg,IMG_4040.jpg,383.6739501953125,232.5898895263672,567.8411254882812,224.12396240234375,800,1066,800,1066
IMG_4039.jpg,IMG_4040.jpg,383.928955078125,232.78280639648438,567.8411254882812,224.12396240234375,800,1066,800,1066
IMG_4039.jpg,IMG_4040.jpg,384.0748596191406,932.07275390625,405.6938781738281,959.8504638671875,800,1066,800,1066
IMG_4039.jpg,IMG_4040.jpg,384.12591552734375,273.55499267578125,604.1334228515625,192.01434326171875,800,1066,800,1066
IMG_4039.jpg,IMG_4040.jpg,384.31201171875,229.10479736328125,537.6246337890625,228.2216033935547,800,1066,800,1066
IMG_4039.jpg,IMG_4040.jpg,384.320556640625,214.32276916503906,476.03033447265625,181.44483947753906,800,1066,800,1066
IMG_4039.jpg,IMG_4040.jpg,384.8796691894531,972.439697265625,320.1322021484375,943.0473022460938,800,1066,800,1066
IMG_4039.jpg,IMG_4040.jpg,384.928466796875,980.438232421875,401.63580322265625,972.9827880859375,800,1066,800,1066
IMG_4039.jpg,IMG_4040.jpg,384.9416198730469,214.86248779296875,482.8559265136719,175.52093505859375,800,1066,800,1066
IMG_4039.jpg,IMG_4040.jpg,385.8882141113281,918.8074340820312,381.275146484375,905.6304931640625,800,1066,800,1066
IMG_4039.jpg,IMG_4040.jpg,385.98345947265625,636.5667114257812,510.0875244140625,540.4481201171875,800,1066,800,1066
IMG_4039.jpg,IMG_4040.jpg,386.5404357910156,227.77198791503906,561.3948364257812,240.3391571044922,800,1066,800,1066
IMG_4039.jpg,IMG_4040.jpg,386.5862731933594,943.8177490234375,375.0350341796875,927.1007690429688,800,1066,800,1066
IMG_4039.jpg,IMG_4040.jpg,386.6167907714844,943.7018432617188,375.0350341796875,927.1007690429688,800,1066,800,1066
IMG_4039.jpg,IMG_4040.jpg,387.91259765625,771.3916625976562,363.0306701660156,747.8819580078125,800,1066,800,1066
IMG_4039.jpg,IMG_4040.jpg,388.8367919921875,199.0710906982422,406.32293701171875,159.11314392089844,800,1066,800,1066
IMG_4039.jpg,IMG_4040.jpg,389.0376892089844,791.4022216796875,368.44842529296875,769.3367309570312,800,1066,800,1066
IMG_4039.jpg,IMG_4040.jpg,389.0376892089844,791.4022216796875,369.3826904296875,770.4357299804688,800,1066,800,1066
IMG_4039.jpg,IMG_4040.jpg,390.1458740234375,792.0751953125,369.3826904296875,770.4357299804688,800,1066,800,1066
IMG_4039.jpg,IMG_4040.jpg,390.35272216796875,257.46337890625,555.8298950195312,228.18881225585938,800,1066,800,1066
IMG_4039.jpg,IMG_4040.jpg,390.4622802734375,242.1294403076172,664.8251342773438,312.5274963378906,800,1066,800,1066
IMG_4039.jpg,IMG_4040.jpg,390.49493408203125,196.54067993164062,510.4472961425781,143.4126739501953,800,1066,800,1066
IMG_4039.jpg,IMG_4040.jpg,390.5871887207031,255.05418395996094,538.382080078125,217.41720581054688,800,1066,800,1066
IMG_4039.jpg,IMG_4040.jpg,391.16412353515625,973.4598999023438,413.7268371582031,967.3282470703125,800,1066,800,1066
IMG_4039.jpg,IMG_4040.jpg,392.6361083984375,235.99835205078125,574.9964599609375,184.0741424560547,800,1066,800,1066
IMG_4039.jpg,IMG_4040.jpg,392.8326110839844,959.094970703125,422.93658447265625,1003.8885498046875,800,1066,800,1066
IMG_4039.jpg,IMG_4040.jpg,393.1812438964844,252.85687255859375,446.8670654296875,194.74253845214844,800,1066,800,1066
IMG_4039.jpg,IMG_4040.jpg,393.92327880859375,983.8533935546875,306.62554931640625,897.314453125,800,1066,800,1066
IMG_4039.jpg,IMG_4040.jpg,394.01934814453125,218.58804321289062,611.5457153320312,221.6690216064453,800,1066,800,1066
IMG_4039.jpg,IMG_4040.jpg,394.1253967285156,246.2962188720703,643.4026489257812,212.96539306640625,800,1066,800,1066
IMG_4039.jpg,IMG_4040.jpg,395.0477294921875,283.5777587890625,428.7969970703125,237.6005859375,800,1066,800,1066
IMG_4039.jpg,IMG_4040.jpg,395.49310302734375,812.1071166992188,291.646728515625,936.3285522460938,800,1066,800,1066
IMG_4039.jpg,IMG_4040.jpg,395.5591735839844,972.6229858398438,397.1109619140625,975.57275390625,800,1066,800,1066
IMG_4039.jpg,IMG_4040.jpg,395.6426086425781,981.4906005859375,265.0469970703125,872.3451538085938,800,1066,800,1066
IMG_4039.jpg,IMG_4040.jpg,395.9181213378906,952.956298828125,454.4796447753906,906.2107543945312,800,1066,800,1066
IMG_4039.jpg,IMG_4040.jpg,396.39581298828125,275.450439453125,372.3237609863281,301.0775146484375,800,1066,800,1066
IMG_4039.jpg,IMG_4040.jpg,396.39581298828125,275.450439453125,500.1059265136719,180.3444366455078,800,1066,800,1066
IMG_4039.jpg,IMG_4040.jpg,397.02423095703125,976.0501098632812,425.0335693359375,988.3873291015625,800,1066,800,1066
IMG_4039.jpg,IMG_4040.jpg,397.6003112792969,201.02882385253906,607.2578735351562,181.79714965820312,800,1066,800,1066
IMG_4039.jpg,IMG_4040.jpg,398.79345703125,270.10760498046875,435.7871398925781,262.039306640625,800,1066,800,1066
IMG_4039.jpg,IMG_4040.jpg,399.5843200683594,262.6429138183594,551.8154296875,226.4188232421875,800,1066,800,1066
IMG_4039.jpg,IMG_4040.jpg,399.7511901855469,262.7560119628906,551.8154296875,226.4188232421875,800,1066,800,1066
IMG_4039.jpg,IMG_4040.jpg,399.8487243652344,946.5701293945312,259.7263488769531,902.9335327148438,800,1066,800,1066
IMG_4039.jpg,IMG_4040.jpg,400.0628356933594,260.83050537109375,561.3948364257812,240.3391571044922,800,1066,800,1066
IMG_4039.jpg,IMG_4040.jpg,400.1138916015625,810.507568359375,354.9576110839844,786.1395263671875,800,1066,800,1066
IMG_4039.jpg,IMG_4040.jpg,400.27752685546875,972.8176879882812,296.8313903808594,935.3671264648438,800,1066,800,1066
IMG_4039.jpg,IMG_4040.jpg,400.6742858886719,194.21397399902344,577.3628540039062,152.0403289794922,800,1066,800,1066
IMG_4039.jpg,IMG_4040.jpg,400.9092102050781,980.1529541015625,396.4219665527344,927.2203979492188,800,1066,800,1066
IMG_4039.jpg,IMG_4040.jpg,401.7736511230469,286.8038330078125,582.3250122070312,206.83160400390625,800,1066,800,1066
IMG_4039.jpg,IMG_4040.jpg,402.088134765625,263.62738037109375,637.0269165039062,273.8994445800781,800,1066,800,1066
IMG_4039.jpg,IMG_4040.jpg,402.088134765625,263.62738037109375,537.6246337890625,228.2216033935547,800,1066,800,1066
IMG_4039.jpg,IMG_4040.jpg,402.4261169433594,1005.7411499023438,422.93658447265625,1003.8885498046875,800,1066,800,1066
IMG_4039.jpg,IMG_4040.jpg,402.6077575683594,259.9618835449219,531.813720703125,227.69703674316406,800,1066,800,1066
IMG_4039.jpg,IMG_4040.jpg,402.6077575683594,259.9618835449219,531.813720703125,227.69703674316406,800,1066,800,1066
IMG_4039.jpg,IMG_4040.jpg,402.67120361328125,808.585205078125,385.7791748046875,788.9609985351562,800,1066,800,1066
IMG_4039.jpg,IMG_4040.jpg,402.7704162597656,914.3576049804688,486.7190856933594,921.9558715820312,800,1066,800,1066
IMG_4039.jpg,IMG_4040.jpg,403.11175537109375,200.08897399902344,667.6452026367188,229.99195861816406,800,1066,800,1066
IMG_4039.jpg,IMG_4040.jpg,403.85699462890625,807.8558349609375,386.94049072265625,788.2349243164062,800,1066,800,1066
IMG_4039.jpg,IMG_4040.jpg,403.9967346191406,289.9034118652344,575.7766723632812,212.33773803710938,800,1066,800,1066
IMG_4039.jpg,IMG_4040.jpg,404.7227478027344,1001.5354614257812,425.5229187011719,998.5778198242188,800,1066,800,1066
IMG_4039.jpg,IMG_4040.jpg,404.87518310546875,252.5366973876953,334.80194091796875,226.90286254882812,800,1066,800,1066
IMG_4039.jpg,IMG_4040.jpg,404.9781494140625,259.10845947265625,550.5263061523438,237.4501495361328,800,1066,800,1066
IMG_4039.jpg,IMG_4040.jpg,405.4639892578125,809.029296875,389.1710510253906,789.9846801757812,800,1066,800,1066
IMG_4039.jpg,IMG_4040.jpg,405.8457946777344,984.5321044921875,432.8289794921875,922.9840087890625,800,1066,800,1066
IMG_4039.jpg,IMG_4040.jpg,406.0374450683594,221.89694213867188,351.5494079589844,297.50408935546875,800,1066,800,1066
IMG_4039.jpg,IMG_4040.jpg,406.0696105957031,979.1610717773438,340.2797546386719,937.5656127929688,800,1066,800,1066
IMG_4039.jpg,IMG_4040.jpg,406.0903015136719,294.79052734375,377.41015625,226.358154296875,800,1066,800,1066
IMG_4039.jpg,IMG_4040.jpg,406.4977722167969,988.5228271484375,527.0529174804688,1046.7244873046875,800,1066,800,1066
IMG_4039.jpg,IMG_4040.jpg,406.7766418457031,241.95993041992188,677.9327392578125,308.2708435058594,800,1066,800,1066
IMG_4039.jpg,IMG_4040.jpg,407.41217041015625,810.55078125,338.8752136230469,778.0792846679688,800,1066,800,1066
IMG_4039.jpg,IMG_4040.jpg,407.42987060546875,810.8931884765625,399.3147888183594,792.1001586914062,800,1066,800,1066
IMG_4039.jpg,IMG_4040.jpg,407.502197265625,255.08865356445312,579.2163696289062,233.2273712158203,800,1066,800,1066
IMG_4039.jpg,IMG_4040.jpg,407.61297607421875,355.3114318847656,400.9698181152344,286.7263488769531,800,1066,800,1066
IMG_4039.jpg,IMG_4040.jpg,407.8218688964844,987.3314819335938,427.9159851074219,986.5388793945312,800,1066,800,1066
IMG_4039.jpg,IMG_4040.jpg,407.8218688964844,987.3314819335938,427.9159851074219,986.5388793945312,800,1066,800,1066
IMG_4039.jpg,IMG_4040.jpg,408.9708251953125,269.3774719238281,429.8465270996094,242.90997314453125,800,1066,800,1066
IMG_4039.jpg,IMG_4040.jpg,409.0867004394531,269.4035949707031,429.8465270996094,242.90997314453125,800,1066,800,1066
IMG_4039.jpg,IMG_4040.jpg,409.5881652832031,290.53509521484375,361.4124450683594,267.9146728515625,800,1066,800,1066
IMG_4039.jpg,IMG_4040.jpg,409.620361328125,926.6472778320312,331.0977783203125,916.390869140625,800,1066,800,1066
IMG_4039.jpg,IMG_4040.jpg,409.657958984375,241.89907836914062,453.2240905761719,181.62716674804688,800,1066,800,1066
IMG_4039.jpg,IMG_4040.jpg,409.7821350097656,955.97607421875,363.5721435546875,894.3400268554688,800,1066,800,1066
IMG_4039.jpg,IMG_4040.jpg,409.85394287109375,807.918701171875,397.8321838378906,789.1060791015625,800,1066,800,1066
IMG_4039.jpg,IMG_4040.jpg,409.87286376953125,812.4262084960938,412.67535400390625,792.6142578125,800,1066,800,1066
IMG_4039.jpg,IMG_4040.jpg,410.1460876464844,808.5151977539062,397.8321838378906,789.1060791015625,800,1066,800,1066
IMG_4039.jpg,IMG_4040.jpg,410.2037353515625,236.966552734375,565.149658203125,203.34523010253906,800,1066,800,1066
IMG_4039.jpg,IMG_4040.jpg,410.3944091796875,931.626953125,512.9049682617188,904.7152709960938,800,1066,800,1066
IMG_4039.jpg,IMG_4040.jpg,410.4610290527344,971.5133056640625,334.4851989746094,903.8292846679688,800,1066,800,1066
IMG_4039.jpg,IMG_4040.jpg,411.00775146484375,318.2732238769531,555.8298950195312,228.18881225585938,800,1066,800,1066
IMG_4039.jpg,IMG_4040.jpg,411.1426696777344,281.1562194824219,435.7871398925781,262.039306640625,800,1066,800,1066
IMG_4039.jpg,IMG_4040.jpg,411.1784362792969,810.3728637695312,352.3777160644531,784.4696044921875,800,1066,800,1066
IMG_4039.jpg,IMG_4040.jpg,411.7380065917969,904.9032592773438,265.5211181640625,816.9921875,800,1066,800,1066
IMG_4039.jpg,IMG_4040.jpg,411.7825927734375,316.5875549316406,361.764404296875,251.21348571777344,800,1066,800,1066
IMG_4039.jpg,IMG_4040.jpg,411.797119140625,904.9069213867188,265.5211181640625,816.9921875,800,1066,800,1066
IMG_4039.jpg,IMG_4040.jpg,412.060546875,289.05145263671875,570.4215087890625,227.5078125,800,1066,800,1066
IMG_4039.jpg,IMG_4040.jpg,412.1357421875,283.73992919921875,566.6512451171875,213.82806396484375,800,1066,800,1066
IMG_4039.jpg,IMG_4040.jpg,412.98236083984375,810.4702758789062,338.8752136230469,778.0792846679688,800,1066,800,1066
IMG_4039.jpg,IMG_4040.jpg,413.3844299316406,210.59976196289062,371.76287841796875,216.1837615966797,800,1066,800,1066
IMG_4039.jpg,IMG_4040.jpg,413.4729919433594,808.9559326171875,400.09576416015625,790.068359375,800,1066,800,1066
IMG_4039.jpg,IMG_4040.jpg,413.571533203125,353.1243591308594,574.5143432617188,472.5472717285156,800,1066,800,1066
IMG_4039.jpg,IMG_4040.jpg,413.63641357421875,973.5939331054688,310.9677734375,913.2263793945312,800,1066,800,1066
IMG_4039.jpg,IMG_4040.jpg,413.81854248046875,276.0799560546875,410.967041015625,223.6056671142578,800,1066,800,1066
IMG_4039.jpg,IMG_4040.jpg,414.1152038574219,286.4383239746094,400.0932312011719,266.40216064453125,800,1066,800,1066
IMG_4039.jpg,IMG_4040.jpg,414.1817321777344,1051.96875,433.44091796875,981.6881103515625,800,1066,800,1066
IMG_4039.jpg,IMG_4040.jpg,414.27947998046875,808.2421264648438,397.8321838378906,789.1060791015625,800,1066,800,1066
IMG_4039.jpg,IMG_4040.jpg,414.5482177734375,289.73162841796875,557.072509765625,230.70436096191406,800,1066,800,1066
IMG_4039.jpg,IMG_4040.jpg,414.8223571777344,208.45639038085938,671.865478515625,274.14715576171875,800,1066,800,1066
IMG_4039.jpg,IMG_4040.jpg,414.8707275390625,297.90704345703125,342.72479248046875,264.01617431640625,800,1066,800,1066
IMG_4039.jpg,IMG_4040.jpg,415.08294677734375,808.968994140625,308.0439453125,761.3118896484375,800,1066,800,1066
IMG_4039.jpg,IMG_4040.jpg,416.3177490234375,234.94309997558594,544.3726196289062,227.96182250976562,800,1066,800,1066
IMG_4039.jpg,IMG_4040.jpg,416.6115417480469,233.96981811523438,610.3374633789062,191.0801239013672,800,1066,800,1066
IMG_4039.jpg,IMG_4040.jpg,416.6262512207031,970.5401611328125,310.166259765625,943.71875,800,1066,800,1066
IMG_4039.jpg,IMG_4040.jpg,417.0242614746094,942.0870361328125,257.50823974609375,885.06201171875,800,1066,800,1066
IMG_4039.jpg,IMG_4040.jpg,417.0242614746094,942.0870361328125,257.50823974609375,885.06201171875,800,1066,800,1066
IMG_4039.jpg,IMG_4040.jpg,417.2947998046875,354.15826416015625,394.37261962890625,245.40548706054688,800,1066,800,1066
IMG_4039.jpg,IMG_4040.jpg,417.3108215332031,285.8840026855469,449.4855041503906,206.6821746826172,800,1066,800,1066
IMG_4039.jpg,IMG_4040.jpg,417.3245849609375,306.2862854003906,346.6146240234375,268.49920654296875,800,1066,800,1066
IMG_4039.jpg,IMG_4040.jpg,418.1224670410156,196.11514282226562,590.3809204101562,173.0186767578125,800,1066,800,1066
IMG_4039.jpg,IMG_4040.jpg,418.8328857421875,246.20651245117188,657.9807739257812,297.06829833984375,800,1066,800,1066
IMG_4039.jpg,IMG_4040.jpg,419.8120422363281,974.7996215820312,422.93658447265625,1003.8885498046875,800,1066,800,1066
IMG_4039.jpg,IMG_4040.jpg,419.8120422363281,974.7996215820312,422.93658447265625,1003.8885498046875,800,1066,800,1066
IMG_4039.jpg,IMG_4040.jpg,419.9002990722656,977.8950805664062,262.20501708984375,911.2163696289062,800,1066,800,1066
IMG_4039.jpg,IMG_4040.jpg,420.17547607421875,946.6213989257812,454.4796447753906,906.2107543945312,800,1066,800,1066
IMG_4039.jpg,IMG_4040.jpg,420.2586669921875,811.0280151367188,412.67535400390625,792.6142578125,800,1066,800,1066
IMG_4039.jpg,IMG_4040.jpg,420.3374938964844,238.601318359375,351.85302734375,268.9752197265625,800,1066,800,1066
IMG_4039.jpg,IMG_4040.jpg,421.03778076171875,253.56687927246094,531.813720703125,227.69703674316406,800,1066,800,1066
IMG_4039.jpg,IMG_4040.jpg,421.47515869140625,938.0261840820312,315.76153564453125,930.7443237304688,800,1066,800,1066
IMG_4039.jpg,IMG_4040.jpg,421.7511291503906,965.2530517578125,281.6288757324219,856.6087646484375,800,1066,800,1066
IMG_4039.jpg,IMG_4040.jpg,422.1533508300781,244.12954711914062,537.6246337890625,228.2216033935547,800,1066,800,1066
IMG_4039.jpg,IMG_4040.jpg,422.1533508300781,244.12954711914062,637.0269165039062,273.8994445800781,800,1066,800,1066
IMG_4039.jpg,IMG_4040.jpg,422.2068786621094,260.5462341308594,550.5263061523438,237.4501495361328,800,1066,800,1066
IMG_4039.jpg,IMG_4040.jpg,422.2547912597656,275.4950866699219,655.7942504882812,304.21221923828125,800,1066,800,1066
IMG_4039.jpg,IMG_4040.jpg,422.3901672363281,197.9829559326172,704.6996459960938,266.6314392089844,800,1066,800,1066
IMG_4039.jpg,IMG_4040.jpg,422.46624755859375,975.846923828125,425.5229187011719,998.5778198242188,800,1066,800,1066
IMG_4039.jpg,IMG_4040.jpg,422.46624755859375,975.846923828125,425.5229187011719,998.5778198242188,800,1066,800,1066
IMG_4039.jpg,IMG_4040.jpg,422.46990966796875,256.6279602050781,481.0981750488281,209.1848907470703,800,1066,800,1066
IMG_4039.jpg,IMG_4040.jpg,422.5201416015625,217.72325134277344,457.7385559082031,262.9891052246094,800,1066,800,1066
IMG_4039.jpg,IMG_4040.jpg,422.9542236328125,254.64581298828125,672.8262939453125,273.8719482421875,800,1066,800,1066
IMG_4039.jpg,IMG_4040.jpg,423.4220275878906,263.60162353515625,503.8695068359375,189.02093505859375,800,1066,800,1066
IMG_4039.jpg,IMG_4040.jpg,423.56097412109375,277.8370056152344,348.4100036621094,252.2994842529297,800,1066,800,1066
IMG_4039.jpg,IMG_4040.jpg,423.5757751464844,965.34375,259.0309143066406,869.0272827148438,800,1066,800,1066
IMG_4039.jpg,IMG_4040.jpg,423.8899230957031,194.96238708496094,714.1969604492188,276.2673645019531,800,1066,800,1066
IMG_4039.jpg,IMG_4040.jpg,423.8899230957031,194.96238708496094,421.8685607910156,156.0685577392578,800,1066,800,1066
IMG_4039.jpg,IMG_4040.jpg,424.012451171875,810.1502685546875,404.992431640625,792.0990600585938,800,1066,800,1066
IMG_4039.jpg,IMG_4040.jpg,424.0438537597656,968.248291015625,428.55792236328125,971.5370483398438,800,1066,800,1066
IMG_4039.jpg,IMG_4040.jpg,424.094970703125,809.5205078125,404.992431640625,792.0990600585938,800,1066,800,1066
IMG_4039.jpg,IMG_4040.jpg,424.9405517578125,255.8152313232422,573.1885375976562,185.85897827148438,800,1066,800,1066
IMG_4039.jpg,IMG_4040.jpg,425.0072937011719,334.38189697265625,381.41473388671875,270.491943359375,800,1066,800,1066
IMG_4039.jpg,IMG_4040.jpg,425.0152893066406,930.4572143554688,330.0299377441406,934.5117797851562,800,1066,800,1066
IMG_4039.jpg,IMG_4040.jpg,425.3894958496094,808.087646484375,406.66534423828125,790.0769653320312,800,1066,800,1066
IMG_4039.jpg,IMG_4040.jpg,425.582763671875,341.4267883300781,555.427001953125,219.10340881347656,800,1066,800,1066
IMG_4039.jpg,IMG_4040.jpg,425.80364990234375,305.9818115234375,457.3813781738281,260.425048828125,800,1066,800,1066
IMG_4039.jpg,IMG_4040.jpg,426.4398498535156,809.4786987304688,443.968017578125,793.20361328125,800,1066,800,1066
IMG_4039.jpg,IMG_4040.jpg,426.7908020019531,252.33534240722656,573.1885375976562,185.85897827148438,800,1066,800,1066
IMG_4039.jpg,IMG_4040.jpg,426.94549560546875,810.0548095703125,412.6999816894531,792.31494140625,800,1066,800,1066
IMG_4039.jpg,IMG_4040.jpg,427.2876281738281,255.68907165527344,587.7947998046875,242.12660217285156,800,1066,800,1066
IMG_4039.jpg,IMG_4040.jpg,427.5207214355469,203.5009002685547,439.6985778808594,190.1099853515625,800,1066,800,1066
IMG_4039.jpg,IMG_4040.jpg,427.5207214355469,203.5009002685547,544.6802368164062,223.61325073242188,800,1066,800,1066
IMG_4039.jpg,IMG_4040.jpg,427.5356140136719,261.1773376464844,544.9891357421875,249.09019470214844,800,1066,800,1066
IMG_4039.jpg,IMG_4040.jpg,427.5356140136719,261.1773376464844,585.8306274414062,225.85069274902344,800,1066,800,1066
IMG_4039.jpg,IMG_4040.jpg,427.59918212890625,957.9024047851562,288.67584228515625,870.1647338867188,800,1066,800,1066
IMG_4039.jpg,IMG_4040.jpg,427.8982849121094,268.2700500488281,703.604248046875,328.99578857421875,800,1066,800,1066
IMG_4039.jpg,IMG_4040.jpg,428.4747314453125,251.9871826171875,599.0888671875,226.97964477539062,800,1066,800,1066
IMG_4039.jpg,IMG_4040.jpg,428.75482177734375,272.0802001953125,459.2915344238281,250.0101776123047,800,1066,800,1066
IMG_4039.jpg,IMG_4040.jpg,429.0809326171875,310.97467041015625,439.6985778808594,190.1099853515625,800,1066,800,1066
IMG_4039.jpg,IMG_4040.jpg,429.889404296875,315.28277587890625,394.37261962890625,245.40548706054688,800,1066,800,1066
IMG_4039.jpg,IMG_4040.jpg,430.2917785644531,256.447265625,667.1041259765625,308.98260498046875,800,1066,800,1066
IMG_4039.jpg,IMG_4040.jpg,430.66094970703125,273.8877258300781,565.8436279296875,205.1815643310547,800,1066,800,1066
IMG_4039.jpg,IMG_4040.jpg,430.6834716796875,279.0216979980469,663.2817993164062,255.4112091064453,800,1066,800,1066
IMG_4039.jpg,IMG_4040.jpg,430.8367919921875,297.0819091796875,584.3885498046875,239.03952026367188,800,1066,800,1066
IMG_4039.jpg,IMG_4040.jpg,431.1279296875,193.07980346679688,571.9889526367188,165.29234313964844,800,1066,800,1066
IMG_4039.jpg,IMG_4040.jpg,432.0243835449219,261.2236633300781,527.2794799804688,171.57269287109375,800,1066,800,1066
IMG_4039.jpg,IMG_4040.jpg,432.0755615234375,192.06173706054688,431.6653137207031,152.03140258789062,800,1066,800,1066
IMG_4039.jpg,IMG_4040.jpg,432.2913513183594,270.8937072753906,699.8526000976562,341.69873046875,800,1066,800,1066
IMG_4039.jpg,IMG_4040.jpg,432.3786926269531,253.9054412841797,383.07733154296875,223.56251525878906,800,1066,800,1066
IMG_4039.jpg,IMG_4040.jpg,433.3581848144531,307.3708801269531,516.8396606445312,233.326416015625,800,1066,800,1066
IMG_4039.jpg,IMG_4040.jpg,433.3836364746094,276.2048034667969,358.85003662109375,249.10951232910156,800,1066,800,1066
IMG_4039.jpg,IMG_4040.jpg,433.84149169921875,275.3878479003906,638.3998413085938,287.5566101074219,800,1066,800,1066
IMG_4039.jpg,IMG_4040.jpg,434.90997314453125,256.7791748046875,385.7506103515625,234.85385131835938,800,1066,800,1066
IMG_4039.jpg,IMG_4040.jpg,434.92498779296875,253.2139129638672,570.0576171875,227.293701171875,800,1066,800,1066
IMG_4039.jpg,IMG_4040.jpg,434.9942932128906,250.58750915527344,562.5406494140625,246.59629821777344,800,1066,800,1066
IMG_4039.jpg,IMG_4040.jpg,435.396240234375,305.6798095703125,507.0445861816406,176.72610473632812,800,1066,800,1066
IMG_4039.jpg,IMG_4040.jpg,437.05413818359375,238.4905548095703,640.9067993164062,225.79173278808594,800,1066,800,1066
IMG_4039.jpg,IMG_4040.jpg,437.90447998046875,253.7912139892578,677.7943115234375,270.82891845703125,800,1066,800,1066
IMG_4039.jpg,IMG_4040.jpg,438.0343933105469,325.9356994628906,553.2478637695312,247.04624938964844,800,1066,800,1066
IMG_4039.jpg,IMG_4040.jpg,438.11260986328125,253.5449981689453,677.7943115234375,270.82891845703125,800,1066,800,1066
IMG_4039.jpg,IMG_4040.jpg,438.1923522949219,325.0114440917969,592.4012451171875,237.19244384765625,800,1066,800,1066
IMG_4039.jpg,IMG_4040.jpg,438.1923522949219,325.0114440917969,573.2835693359375,267.2413635253906,800,1066,800,1066
IMG_4039.jpg,IMG_4040.jpg,439.3973693847656,924.9231567382812,257.50823974609375,885.06201171875,800,1066,800,1066
IMG_4039.jpg,IMG_4040.jpg,439.7058410644531,311.879638671875,672.8262939453125,273.8719482421875,800,1066,800,1066
IMG_4039.jpg,IMG_4040.jpg,439.92913818359375,218.43545532226562,659.2672729492188,262.7965087890625,800,1066,800,1066
IMG_4039.jpg,IMG_4040.jpg,439.9661560058594,947.1447143554688,301.85235595703125,939.34326171875,800,1066,800,1066
IMG_4039.jpg,IMG_4040.jpg,440.015380859375,218.4838409423828,659.2672729492188,262.7965087890625,800,1066,800,1066
IMG_4039.jpg,IMG_4040.jpg,440.0316162109375,275.5848083496094,504.8885192871094,191.79736328125,800,1066,800,1066
IMG_4039.jpg,IMG_4040.jpg,440.617919921875,255.95742797851562,675.01123046875,273.51129150390625,800,1066,800,1066
IMG_4039.jpg,IMG_4040.jpg,441.35491943359375,297.51495361328125,557.027099609375,224.00564575195312,800,1066,800,1066
IMG_4039.jpg,IMG_4040.jpg,442.3988037109375,221.04689025878906,617.3218383789062,200.15249633789062,800,1066,800,1066
IMG_4039.jpg,IMG_4040.jpg,443.07928466796875,913.3168334960938,546.8955078125,1050.4014892578125,800,1066,800,1066
IMG_4039.jpg,IMG_4040.jpg,443.20379638671875,960.7980346679688,421.5294494628906,931.4327392578125,800,1066,800,1066
IMG_4039.jpg,IMG_4040.jpg,443.3712158203125,958.0635375976562,543.1050415039062,955.6572875976562,800,1066,800,1066
IMG_4039.jpg,IMG_4040.jpg,443.4256286621094,950.9381713867188,387.09295654296875,949.625244140625,800,1066,800,1066
IMG_4039.jpg,IMG_4040.jpg,443.45751953125,961.3382568359375,281.8727111816406,916.3902587890625,800,1066,800,1066
IMG_4039.jpg,IMG_4040.jpg,443.7047119140625,161.66986083984375,448.4972229003906,118.10045623779297,800,1066,800,1066
IMG_4039.jpg,IMG_4040.jpg,444.2738342285156,291.09246826171875,671.1603393554688,331.40478515625,800,1066,800,1066
IMG_4039.jpg,IMG_4040.jpg,444.39678955078125,255.8844757080078,565.149658203125,203.34523010253906,800,1066,800,1066
IMG_4039.jpg,IMG_4040.jpg,444.6553955078125,963.6112060546875,400.925048828125,914.6708374023438,800,1066,800,1066
IMG_4039.jpg,IMG_4040.jpg,444.7173767089844,803.5374145507812,432.307861328125,785.0147094726562,800,1066,800,1066
IMG_4039.jpg,IMG_4040.jpg,445.4590759277344,201.17791748046875,546.4418334960938,178.90760803222656,800,1066,800,1066
IMG_4039.jpg,IMG_4040.jpg,445.8607177734375,951.0227661132812,376.1307067871094,973.1388549804688,800,1066,800,1066
IMG_4039.jpg,IMG_4040.jpg,446.1299743652344,1024.8330078125,373.0005798339844,927.337890625,800,1066,800,1066
IMG_4039.jpg,IMG_4040.jpg,446.36260986328125,810.2556762695312,443.968017578125,793.20361328125,800,1066,800,1066
IMG_4039.jpg,IMG_4040.jpg,446.4176940917969,196.3648223876953,583.1234130859375,171.97439575195312,800,1066,800,1066
IMG_4039.jpg,IMG_4040.jpg,447.0394287109375,304.8652038574219,637.564697265625,285.0023193359375,800,1066,800,1066
IMG_4039.jpg,IMG_4040.jpg,447.1214294433594,810.665771484375,252.96282958984375,868.0072631835938,800,1066,800,1066
IMG_4039.jpg,IMG_4040.jpg,448.0909118652344,310.1350402832031,575.13427734375,249.64454650878906,800,1066,800,1066
IMG_4039.jpg,IMG_4040.jpg,448.381103515625,260.8150634765625,497.144775390625,207.69390869140625,800,1066,800,1066
IMG_4039.jpg,IMG_4040.jpg,448.89666748046875,260.4593811035156,535.740966796875,250.6351318359375,800,1066,800,1066
IMG_4039.jpg,IMG_4040.jpg,450.23931884765625,280.8851318359375,506.20135498046875,193.99142456054688,800,1066,800,1066
IMG_4039.jpg,IMG_4040.jpg,450.47222900390625,263.99725341796875,663.7135620117188,301.07122802734375,800,1066,800,1066
IMG_4039.jpg,IMG_4040.jpg,451.47296142578125,258.092529296875,503.8695068359375,189.02093505859375,800,1066,800,1066
IMG_4039.jpg,IMG_4040.jpg,451.4991455078125,241.54563903808594,573.2835693359375,267.2413635253906,800,1066,800,1066
IMG_4039.jpg,IMG_4040.jpg,451.52301025390625,269.7442626953125,561.0978393554688,228.84243774414062,800,1066,800,1066
IMG_4039.jpg,IMG_4040.jpg,452.2531433105469,177.6170196533203,441.37896728515625,137.366455078125,800,1066,800,1066
IMG_4039.jpg,IMG_4040.jpg,452.65216064453125,253.4609375,420.22705078125,272.64105224609375,800,1066,800,1066
IMG_4039.jpg,IMG_4040.jpg,452.9776611328125,293.65203857421875,513.7965698242188,264.1332702636719,800,1066,800,1066
IMG_4039.jpg,IMG_4040.jpg,453.2571716308594,933.9310302734375,285.1281433105469,918.0398559570312,800,1066,800,1066
IMG_4039.jpg,IMG_4040.jpg,453.2625427246094,256.5477294921875,659.2672729492188,262.7965087890625,800,1066,800,1066
IMG_4039.jpg,IMG_4040.jpg,453.42779541015625,320.47259521484375,408.6463928222656,271.12786865234375,800,1066,800,1066
IMG_4039.jpg,IMG_4040.jpg,455.8698425292969,195.38938903808594,590.5487670898438,172.520263671875,800,1066,800,1066
IMG_4039.jpg,IMG_4040.jpg,455.97491455078125,1010.058349609375,320.1322021484375,943.0473022460938,800,1066,800,1066
IMG_4039.jpg,IMG_4040.jpg,456.03106689453125,197.99658203125,704.6996459960938,266.6314392089844,800,1066,800,1066
IMG_4039.jpg,IMG_4040.jpg,456.2032165527344,313.0849304199219,453.2240905761719,181.62716674804688,800,1066,800,1066
IMG_4039.jpg,IMG_4040.jpg,457.55133056640625,253.3944549560547,657.9807739257812,297.06829833984375,800,1066,800,1066
IMG_4039.jpg,IMG_4040.jpg,458.4527587890625,340.5032043457031,372.3237609863281,301.0775146484375,800,1066,800,1066
IMG_4039.jpg,IMG_4040.jpg,458.4651184082031,275.9483642578125,537.6246337890625,228.2216033935547,800,1066,800,1066
IMG_4039.jpg,IMG_4040.jpg,459.083984375,285.624267578125,503.8695068359375,189.02093505859375,800,1066,800,1066
IMG_4039.jpg,IMG_4040.jpg,460.1407775878906,928.8553466796875,381.06195068359375,941.5314331054688,800,1066,800,1066
IMG_4039.jpg,IMG_4040.jpg,460.1407775878906,928.8553466796875,302.4563293457031,936.0537719726562,800,1066,800,1066
IMG_4039.jpg,IMG_4040.jpg,460.2348937988281,192.12673950195312,433.194091796875,152.13157653808594,800,1066,800,1066
IMG_4039.jpg,IMG_4040.jpg,460.51092529296875,260.191162109375,586.620361328125,240.70095825195312,800,1066,800,1066
IMG_4039.jpg,IMG_4040.jpg,461.529296875,267.4356689453125,576.4847412109375,230.1018524169922,800,1066,800,1066
IMG_4039.jpg,IMG_4040.jpg,461.7174377441406,682.6617431640625,446.1532897949219,665.5571899414062,800,1066,800,1066
IMG_4039.jpg,IMG_4040.jpg,461.92578125,198.58128356933594,667.6452026367188,229.99195861816406,800,1066,800,1066
IMG_4039.jpg,IMG_4040.jpg,461.9883117675781,336.9042053222656,706.8655395507812,277.49639892578125,800,1066,800,1066
IMG_4039.jpg,IMG_4040.jpg,462.12689208984375,206.032470703125,463.94500732421875,159.6572265625,800,1066,800,1066
IMG_4039.jpg,IMG_4040.jpg,462.5219421386719,262.5290222167969,416.019287109375,180.2481689453125,800,1066,800,1066
IMG_4039.jpg,IMG_4040.jpg,463.3107604980469,684.5245361328125,446.1532897949219,665.5571899414062,800,1066,800,1066
IMG_4039.jpg,IMG_4040.jpg,463.5494384765625,336.1217041015625,686.0430297851562,428.95745849609375,800,1066,800,1066
IMG_4039.jpg,IMG_4040.jpg,464.8639831542969,259.41162109375,659.2672729492188,262.7965087890625,800,1066,800,1066
IMG_4039.jpg,IMG_4040.jpg,465.07147216796875,319.2023620605469,455.704833984375,275.99481201171875,800,1066,800,1066
IMG_4039.jpg,IMG_4040.jpg,465.2455749511719,311.2491760253906,397.94268798828125,235.74447631835938,800,1066,800,1066
IMG_4039.jpg,IMG_4040.jpg,465.5277404785156,194.50100708007812,697.0468139648438,243.98585510253906,800,1066,800,1066
IMG_4039.jpg,IMG_4040.jpg,465.6512756347656,195.18475341796875,590.5487670898438,172.520263671875,800,1066,800,1066
IMG_4039.jpg,IMG_4040.jpg,466.95208740234375,228.6248321533203,574.0005493164062,243.24859619140625,800,1066,800,1066
IMG_4039.jpg,IMG_4040.jpg,467.06689453125,915.957275390625,406.8389892578125,882.4511108398438,800,1066,800,1066
IMG_4039.jpg,IMG_4040.jpg,467.232421875,910.4755249023438,334.4851989746094,903.8292846679688,800,1066,800,1066
IMG_4039.jpg,IMG_4040.jpg,467.9656982421875,282.2238464355469,396.76617431640625,236.32620239257812,800,1066,800,1066
IMG_4039.jpg,IMG_4040.jpg,468.9108581542969,244.1070556640625,411.8973693847656,218.198974609375,800,1066,800,1066
IMG_4039.jpg,IMG_4040.jpg,468.9383544921875,304.1053771972656,699.8526000976562,341.69873046875,800,1066,800,1066
IMG_4039.jpg,IMG_4040.jpg,468.9383544921875,304.1053771972656,460.2105712890625,214.9405059814453,800,1066,800,1066
IMG_4039.jpg,IMG_4040.jpg,469.1395568847656,308.3168029785156,633.4088745117188,252.13818359375,800,1066,800,1066
IMG_4039.jpg,IMG_4040.jpg,469.3219909667969,256.6880798339844,500.3437805175781,202.7666015625,800,1066,800,1066
IMG_4039.jpg,IMG_4040.jpg,469.6857604980469,1049.845947265625,376.1307067871094,973.1388549804688,800,1066,800,1066
IMG_4039.jpg,IMG_4040.jpg,469.9769592285156,302.4504089355469,574.0005493164062,243.24859619140625,800,1066,800,1066
IMG_4039.jpg,IMG_4040.jpg,469.9769592285156,302.4504089355469,574.0005493164062,243.24859619140625,800,1066,800,1066
IMG_4039.jpg,IMG_4040.jpg,470.3607177734375,915.8099365234375,408.4613037109375,962.102783203125,800,1066,800,1066
IMG_4039.jpg,IMG_4040.jpg,470.5032958984375,326.5582275390625,621.797119140625,251.244140625,800,1066,800,1066
IMG_4039.jpg,IMG_4040.jpg,470.9725036621094,301.2866516113281,555.8298950195312,228.18881225585938,800,1066,800,1066
IMG_4039.jpg,IMG_4040.jpg,471.0250244140625,938.8619384765625,443.00067138671875,931.5545043945312,800,1066,800,1066
IMG_4039.jpg,IMG_4040.jpg,471.0854797363281,279.7830810546875,400.98101806640625,233.38697814941406,800,1066,800,1066
IMG_4039.jpg,IMG_4040.jpg,472.8616027832031,277.298583984375,515.2443237304688,197.87254333496094,800,1066,800,1066
IMG_4039.jpg,IMG_4040.jpg,472.8616027832031,277.298583984375,573.2835693359375,267.2413635253906,800,1066,800,1066
IMG_4039.jpg,IMG_4040.jpg,472.939208984375,203.4539794921875,709.621826171875,301.0501403808594,800,1066,800,1066
IMG_4039.jpg,IMG_4040.jpg,473.36151123046875,265.62518310546875,577.0864868164062,207.9109344482422,800,1066,800,1066
IMG_4039.jpg,IMG_4040.jpg,473.4177551269531,272.6451416015625,612.9686279296875,190.08935546875,800,1066,800,1066
IMG_4039.jpg,IMG_4040.jpg,474.3974304199219,302.6524963378906,562.5406494140625,246.59629821777344,800,1066,800,1066
IMG_4039.jpg,IMG_4040.jpg,474.42034912109375,210.91969299316406,611.4149780273438,279.58294677734375,800,1066,800,1066
IMG_4039.jpg,IMG_4040.jpg,474.43194580078125,274.7497863769531,641.7522583007812,289.2207946777344,800,1066,800,1066
IMG_4039.jpg,IMG_4040.jpg,474.5673828125,250.1114959716797,653.6948852539062,279.60479736328125,800,1066,800,1066
IMG_4039.jpg,IMG_4040.jpg,475.4255065917969,218.82415771484375,604.1334228515625,192.01434326171875,800,1066,800,1066
IMG_4039.jpg,IMG_4040.jpg,476.7762451171875,277.5716857910156,530.0355834960938,172.44390869140625,800,1066,800,1066
IMG_4039.jpg,IMG_4040.jpg,477.4231262207031,194.2592315673828,647.30078125,198.8258056640625,800,1066,800,1066
IMG_4039.jpg,IMG_4040.jpg,478.0187072753906,313.33636474609375,533.515869140625,195.61851501464844,800,1066,800,1066
IMG_4039.jpg,IMG_4040.jpg,478.3802185058594,252.0478515625,679.8492431640625,263.2170104980469,800,1066,800,1066
IMG_4039.jpg,IMG_4040.jpg,478.4042663574219,322.8752746582031,401.59112548828125,274.3174133300781,800,1066,800,1066
IMG_4039.jpg,IMG_4040.jpg,478.808837890625,922.162109375,334.9951477050781,929.9948120117188,800,1066,800,1066
IMG_4039.jpg,IMG_4040.jpg,479.44757080078125,252.52565002441406,457.7353515625,245.51902770996094,800,1066,800,1066
IMG_4039.jpg,IMG_4040.jpg,479.6759033203125,267.2386474609375,477.0126037597656,186.6677703857422,800,1066,800,1066
IMG_4039.jpg,IMG_4040.jpg,480.02423095703125,315.2332458496094,584.4984130859375,222.62403869628906,800,1066,800,1066
IMG_4039.jpg,IMG_4040.jpg,480.08978271484375,314.0733337402344,532.9384155273438,191.35861206054688,800,1066,800,1066
IMG_4039.jpg,IMG_4040.jpg,480.35247802734375,262.4098205566406,561.3948364257812,240.3391571044922,800,1066,800,1066
IMG_4039.jpg,IMG_4040.jpg,480.6556091308594,295.61590576171875,603.1065063476562,235.22317504882812,800,1066,800,1066
IMG_4039.jpg,IMG_4040.jpg,480.6578674316406,319.9390869140625,676.338623046875,330.6493225097656,800,1066,800,1066
IMG_4039.jpg,IMG_4040.jpg,480.7003173828125,247.87286376953125,669.6640625,290.9460754394531,800,1066,800,1066
IMG_4039.jpg,IMG_4040.jpg,480.702392578125,295.8237609863281,678.6221923828125,302.6629333496094,800,1066,800,1066
IMG_4039.jpg,IMG_4040.jpg,480.9156494140625,319.623779296875,669.2830810546875,255.8976593017578,800,1066,800,1066
IMG_4039.jpg,IMG_4040.jpg,481.67242431640625,298.00872802734375,561.0303955078125,240.17909240722656,800,1066,800,1066
IMG_4039.jpg,IMG_4040.jpg,482.3270263671875,286.6080017089844,629.1182250976562,251.41006469726562,800,1066,800,1066
IMG_4039.jpg,IMG_4040.jpg,482.47998046875,918.3530883789062,365.9261169433594,943.1831665039062,800,1066,800,1066
IMG_4039.jpg,IMG_4040.jpg,482.7961120605469,270.7416076660156,513.7965698242188,264.1332702636719,800,1066,800,1066
IMG_4039.jpg,IMG_4040.jpg,483.0475769042969,249.5380859375,420.76904296875,230.45555114746094,800,1066,800,1066
IMG_4039.jpg,IMG_4040.jpg,483.3218078613281,200.36810302734375,628.91259765625,198.33628845214844,800,1066,800,1066
IMG_4039.jpg,IMG_4040.jpg,484.634033203125,917.958740234375,424.5185852050781,1005.0125732421875,800,1066,800,1066
IMG_4039.jpg,IMG_4040.jpg,485.28485107421875,258.9493408203125,570.1325073242188,230.17063903808594,800,1066,800,1066
IMG_4039.jpg,IMG_4040.jpg,485.4417419433594,293.5755310058594,618.8985595703125,234.95321655273438,800,1066,800,1066
IMG_4039.jpg,IMG_4040.jpg,485.5599365234375,260.638916015625,680.87744140625,307.56781005859375,800,1066,800,1066
IMG_4039.jpg,IMG_4040.jpg,485.6968688964844,258.3341064453125,570.1325073242188,230.17063903808594,800,1066,800,1066
IMG_4039.jpg,IMG_4040.jpg,485.7330627441406,892.18505859375,375.5940856933594,900.9658813476562,800,1066,800,1066
IMG_4039.jpg,IMG_4040.jpg,487.31158447265625,759.073974609375,487.23223876953125,732.910888671875,800,1066,800,1066
IMG_4039.jpg,IMG_4040.jpg,487.6983642578125,201.47482299804688,571.8241577148438,174.1141815185547,800,1066,800,1066
IMG_4039.jpg,IMG_4040.jpg,487.76849365234375,183.12478637695312,478.7557678222656,134.4776611328125,800,1066,800,1066
IMG_4039.jpg,IMG_4040.jpg,488.65570068359375,269.9451599121094,659.4719848632812,257.51702880859375,800,1066,800,1066
IMG_4039.jpg,IMG_4040.jpg,488.8117370605469,303.9590148925781,570.5233764648438,212.67526245117188,800,1066,800,1066
IMG_4039.jpg,IMG_4040.jpg,489.06103515625,926.9635620117188,424.8084411621094,999.8190307617188,800,1066,800,1066
IMG_4039.jpg,IMG_4040.jpg,489.8190002441406,321.48834228515625,413.360595703125,271.36041259765625,800,1066,800,1066
IMG_4039.jpg,IMG_4040.jpg,489.8190002441406,321.48834228515625,675.01123046875,273.51129150390625,800,1066,800,1066
IMG_4039.jpg,IMG_4040.jpg,490.03814697265625,271.8333740234375,628.1817016601562,269.932373046875,800,1066,800,1066
IMG_4039.jpg,IMG_4040.jpg,490.5191345214844,897.606201171875,382.5429382324219,979.4512329101562,800,1066,800,1066
IMG_4039.jpg,IMG_4040.jpg,490.5191345214844,897.606201171875,602.1736450195312,836.59228515625,800,1066,800,1066
IMG_4039.jpg,IMG_4040.jpg,491.4941711425781,585.7125854492188,475.8674621582031,551.314208984375,800,1066,800,1066
IMG_4039.jpg,IMG_4040.jpg,492.0325927734375,247.60980224609375,459.2915344238281,250.0101776123047,800,1066,800,1066
IMG_4039.jpg,IMG_4040.jpg,492.50738525390625,267.6086120605469,663.2817993164062,255.4112091064453,800,1066,800,1066
IMG_4039.jpg,IMG_4040.jpg,492.6239318847656,916.8563232421875,461.3189697265625,940.5769653320312,800,1066,800,1066
IMG_4039.jpg,IMG_4040.jpg,492.89447021484375,198.796142578125,590.5487670898438,172.520263671875,800,1066,800,1066
IMG_4039.jpg,IMG_4040.jpg,494.0456237792969,276.298095703125,577.0864868164062,207.9109344482422,800,1066,800,1066
IMG_4039.jpg,IMG_4040.jpg,495.4252014160156,299.6080017089844,550.5263061523438,237.4501495361328,800,1066,800,1066
IMG_4039.jpg,IMG_4040.jpg,496.51397705078125,253.7220916748047,577.964111328125,258.0071105957031,800,1066,800,1066
IMG_4039.jpg,IMG_4040.jpg,496.9461975097656,959.5198364257812,309.6511535644531,1020.1915283203125,800,1066,800,1066
IMG_4039.jpg,IMG_4040.jpg,497.1433410644531,266.4500732421875,663.2817993164062,255.4112091064453,800,1066,800,1066
IMG_4039.jpg,IMG_4040.jpg,497.7552490234375,323.08135986328125,420.22705078125,272.64105224609375,800,1066,800,1066
IMG_4039.jpg,IMG_4040.jpg,497.7552490234375,323.08135986328125,446.8670654296875,194.74253845214844,800,1066,800,1066
IMG_4039.jpg,IMG_4040.jpg,497.94317626953125,247.47218322753906,500.3437805175781,202.7666015625,800,1066,800,1066
IMG_4039.jpg,IMG_4040.jpg,498.0619812011719,936.537109375,379.4331970214844,980.203125,800,1066,800,1066
IMG_4039.jpg,IMG_4040.jpg,498.74859619140625,277.2264404296875,420.76904296875,230.45555114746094,800,1066,800,1066
IMG_4039.jpg,IMG_4040.jpg,501.1451110839844,243.2158203125,555.8298950195312,228.18881225585938,800,1066,800,1066
IMG_4039.jpg,IMG_4040.jpg,503.1104736328125,241.6007537841797,659.4719848632812,257.51702880859375,800,1066,800,1066
IMG_4039.jpg,IMG_4040.jpg,503.1104736328125,241.6007537841797,451.89697265625,254.33212280273438,800,1066,800,1066
IMG_4039.jpg,IMG_4040.jpg,503.1343994140625,256.9166564941406,633.8617553710938,246.08087158203125,800,1066,800,1066
IMG_4039.jpg,IMG_4040.jpg,503.1904296875,237.55955505371094,675.6990356445312,315.30657958984375,800,1066,800,1066
IMG_4039.jpg,IMG_4040.jpg,503.3764343261719,877.0242309570312,380.07525634765625,975.913330078125,800,1066,800,1066
IMG_4039.jpg,IMG_4040.jpg,504.3472595214844,266.0015869140625,555.8298950195312,228.18881225585938,800,1066,800,1066
IMG_4039.jpg,IMG_4040.jpg,504.3607177734375,265.9529724121094,555.8298950195312,228.18881225585938,800,1066,800,1066
IMG_4039.jpg,IMG_4040.jpg,504.8317565917969,578.6785888671875,510.0875244140625,540.4481201171875,800,1066,800,1066
IMG_4039.jpg,IMG_4040.jpg,506.048095703125,207.0103302001953,584.8217163085938,172.98634338378906,800,1066,800,1066
IMG_4039.jpg,IMG_4040.jpg,506.4344482421875,240.9109344482422,503.8695068359375,189.02093505859375,800,1066,800,1066
IMG_4039.jpg,IMG_4040.jpg,506.55413818359375,964.9415893554688,306.5657958984375,965.9273071289062,800,1066,800,1066
IMG_4039.jpg,IMG_4040.jpg,507.7014465332031,222.6507568359375,462.34698486328125,172.84117126464844,800,1066,800,1066
IMG_4039.jpg,IMG_4040.jpg,507.83282470703125,318.1556091308594,533.515869140625,195.61851501464844,800,1066,800,1066
IMG_4039.jpg,IMG_4040.jpg,507.8665466308594,263.873046875,441.4761962890625,208.84439086914062,800,1066,800,1066
IMG_4039.jpg,IMG_4040.jpg,507.9515380859375,317.9485168457031,584.3885498046875,239.03952026367188,800,1066,800,1066
IMG_4039.jpg,IMG_4040.jpg,507.9515380859375,317.9485168457031,514.08935546875,267.3839111328125,800,1066,800,1066
IMG_4039.jpg,IMG_4040.jpg,507.9819030761719,587.5621948242188,495.6112365722656,551.4119262695312,800,1066,800,1066
IMG_4039.jpg,IMG_4040.jpg,508.6492614746094,321.0400085449219,561.6235961914062,176.8600616455078,800,1066,800,1066
IMG_4039.jpg,IMG_4040.jpg,513.10498046875,215.1490936279297,496.57379150390625,159.322265625,800,1066,800,1066
IMG_4039.jpg,IMG_4040.jpg,515.5853881835938,295.5536804199219,555.8298950195312,228.18881225585938,800,1066,800,1066
IMG_4039.jpg,IMG_4040.jpg,516.1244506835938,586.6272583007812,503.9684753417969,550.88623046875,800,1066,800,1066
IMG_4039.jpg,IMG_4040.jpg,517.0869750976562,333.4667053222656,554.293212890625,197.78976440429688,800,1066,800,1066
IMG_4039.jpg,IMG_4040.jpg,517.84814453125,590.9677734375,507.30877685546875,557.01416015625,800,1066,800,1066
IMG_4039.jpg,IMG_4040.jpg,519.3682250976562,586.8034057617188,506.8204650878906,550.428466796875,800,1066,800,1066
IMG_4039.jpg,IMG_4040.jpg,520.8680419921875,245.184326171875,591.385986328125,266.3666687011719,800,1066,800,1066
IMG_4039.jpg,IMG_4040.jpg,521.3167114257812,861.962158203125,678.4948120117188,881.6458740234375,800,1066,800,1066
IMG_4039.jpg,IMG_4040.jpg,523.1263427734375,585.921875,572.681640625,496.5085144042969,800,1066,800,1066
IMG_4039.jpg,IMG_4040.jpg,523.2252807617188,214.31423950195312,711.9271240234375,288.1634521484375,800,1066,800,1066
IMG_4039.jpg,IMG_4040.jpg,524.0474853515625,589.5169067382812,513.2530517578125,553.6187744140625,800,1066,800,1066
IMG_4039.jpg,IMG_4040.jpg,524.3674926757812,586.602294921875,513.1315307617188,550.5545654296875,800,1066,800,1066
IMG_4039.jpg,IMG_4040.jpg,526.520263671875,591.551513671875,517.6353759765625,556.1907958984375,800,1066,800,1066
IMG_4039.jpg,IMG_4040.jpg,526.8788452148438,574.6878051757812,521.45556640625,487.48895263671875,800,1066,800,1066
IMG_4039.jpg,IMG_4040.jpg,528.05810546875,255.92381286621094,557.027099609375,224.00564575195312,800,1066,800,1066
IMG_4039.jpg,IMG_4040.jpg,528.5960083007812,596.4386596679688,519.2172241210938,560.7369995117188,800,1066,800,1066
IMG_4039.jpg,IMG_4040.jpg,528.6738891601562,602.4917602539062,521.4126586914062,566.5337524414062,800,1066,800,1066
IMG_4039.jpg,IMG_4040.jpg,529.78564453125,267.7356872558594,586.2965698242188,223.52560424804688,800,1066,800,1066
IMG_4039.jpg,IMG_4040.jpg,530.1453857421875,250.6085662841797,625.3613891601562,222.7535858154297,800,1066,800,1066
IMG_4039.jpg,IMG_4040.jpg,530.3365478515625,594.0557861328125,649.4423828125,735.837158203125,800,1066,800,1066
IMG_4039.jpg,IMG_4040.jpg,530.3609008789062,213.05035400390625,691.9618530273438,237.95513916015625,800,1066,800,1066
IMG_4039.jpg,IMG_4040.jpg,530.5357666015625,893.0565185546875,601.1817626953125,881.7556762695312,800,1066,800,1066
IMG_4039.jpg,IMG_4040.jpg,531.6107177734375,243.90948486328125,504.8461608886719,195.0762939453125,800,1066,800,1066
IMG_4039.jpg,IMG_4040.jpg,531.9577026367188,590.2052001953125,523.97412109375,552.76220703125,800,1066,800,1066
IMG_4039.jpg,IMG_4040.jpg,532.4152221679688,216.77622985839844,536.0728759765625,158.23959350585938,800,1066,800,1066
IMG_4039.jpg,IMG_4040.jpg,532.8125,249.4292755126953,623.5091552734375,249.15155029296875,800,1066,800,1066
IMG_4039.jpg,IMG_4040.jpg,533.0558471679688,243.66220092773438,476.03033447265625,181.44483947753906,800,1066,800,1066
IMG_4039.jpg,IMG_4040.jpg,534.6809692382812,588.2314453125,471.90728759765625,551.8154296875,800,1066,800,1066
IMG_4039.jpg,IMG_4040.jpg,535.3605346679688,247.96038818359375,584.3885498046875,239.03952026367188,800,1066,800,1066
IMG_4039.jpg,IMG_4040.jpg,535.5797119140625,823.3452758789062,537.5112915039062,972.3643188476562,800,1066,800,1066
IMG_4039.jpg,IMG_4040.jpg,535.8583984375,247.6378631591797,533.515869140625,195.61851501464844,800,1066,800,1066
IMG_4039.jpg,IMG_4040.jpg,536.0724487304688,325.8998718261719,574.0005493164062,243.24859619140625,800,1066,800,1066
IMG_4039.jpg,IMG_4040.jpg,536.0724487304688,325.8998718261719,573.2835693359375,267.2413635253906,800,1066,800,1066
IMG_4039.jpg,IMG_4040.jpg,536.3734130859375,245.91232299804688,584.4984130859375,222.62403869628906,800,1066,800,1066
IMG_4039.jpg,IMG_4040.jpg,536.9667358398438,592.025146484375,739.6032104492188,427.02001953125,800,1066,800,1066
IMG_4039.jpg,IMG_4040.jpg,537.0072021484375,233.4981231689453,576.906982421875,209.47972106933594,800,1066,800,1066
IMG_4039.jpg,IMG_4040.jpg,539.166259765625,280.4023742675781,583.9664306640625,262.8056945800781,800,1066,800,1066
IMG_4039.jpg,IMG_4040.jpg,541.8775634765625,585.4780883789062,532.4698486328125,546.5818481445312,800,1066,800,1066
IMG_4039.jpg,IMG_4040.jpg,542.1675415039062,282.6803283691406,607.1403198242188,212.51307678222656,800,1066,800,1066
IMG_4039.jpg,IMG_4040.jpg,542.5206298828125,576.8856201171875,557.2334594726562,528.8621826171875,800,1066,800,1066
IMG_4039.jpg,IMG_4040.jpg,543.9992065429688,294.7303771972656,574.0005493164062,243.24859619140625,800,1066,800,1066
IMG_4039.jpg,IMG_4040.jpg,544.182861328125,243.85626220703125,655.2350463867188,269.7774353027344,800,1066,800,1066
IMG_4039.jpg,IMG_4040.jpg,545.0524291992188,596.0162963867188,537.7443237304688,558.0543823242188,800,1066,800,1066
IMG_4039.jpg,IMG_4040.jpg,545.376708984375,221.09361267089844,530.6531982421875,155.16766357421875,800,1066,800,1066
IMG_4039.jpg,IMG_4040.jpg,545.4963989257812,577.46728515625,560.8654174804688,530.2657470703125,800,1066,800,1066
IMG_4039.jpg,IMG_4040.jpg,545.8043212890625,578.1903686523438,539.3606567382812,539.185302734375,800,1066,800,1066
IMG_4039.jpg,IMG_4040.jpg,548.0831298828125,223.82461547851562,536.0728759765625,158.23959350585938,800,1066,800,1066
IMG_4039.jpg,IMG_4040.jpg,548.2036743164062,247.91696166992188,567.8411254882812,224.12396240234375,800,1066,800,1066
IMG_4039.jpg,IMG_4040.jpg,548.955810546875,245.67076110839844,526.3606567382812,194.0748291015625,800,1066,800,1066
IMG_4039.jpg,IMG_4040.jpg,550.0302124023438,263.5761413574219,693.4033813476562,348.66094970703125,800,1066,800,1066
IMG_4039.jpg,IMG_4040.jpg,551.4389038085938,555.3071899414062,527.8876953125,513.1817626953125,800,1066,800,1066
IMG_4039.jpg,IMG_4040.jpg,551.661865234375,274.5339660644531,682.9942016601562,358.5321960449219,800,1066,800,1066
IMG_4039.jpg,IMG_4040.jpg,552.5863037109375,260.34564208984375,506.20135498046875,193.99142456054688,800,1066,800,1066
IMG_4039.jpg,IMG_4040.jpg,555.392822265625,332.9163513183594,537.6246337890625,228.2216033935547,800,1066,800,1066
IMG_4039.jpg,IMG_4040.jpg,555.393798828125,598.213623046875,550.0932006835938,559.0798950195312,800,1066,800,1066
IMG_4039.jpg,IMG_4040.jpg,556.2255249023438,967.1278076171875,689.4815673828125,1003.879638671875,800,1066,800,1066
IMG_4039.jpg,IMG_4040.jpg,556.525634765625,810.6129760742188,616.043701171875,803.0577392578125,800,1066,800,1066
IMG_4039.jpg,IMG_4040.jpg,556.5747680664062,272.3020935058594,501.74224853515625,206.58338928222656,800,1066,800,1066
IMG_4039.jpg,IMG_4040.jpg,558.1353149414062,226.06845092773438,636.3192749023438,188.3007049560547,800,1066,800,1066
IMG_4039.jpg,IMG_4040.jpg,558.4307861328125,835.0579223632812,427.16534423828125,972.28369140625,800,1066,800,1066
IMG_4039.jpg,IMG_4040.jpg,559.9342041015625,581.7225952148438,555.4367065429688,544.0625610351562,800,1066,800,1066
IMG_4039.jpg,IMG_4040.jpg,562.0994262695312,270.94189453125,637.564697265625,285.0023193359375,800,1066,800,1066
IMG_4039.jpg,IMG_4040.jpg,563.2066040039062,268.428466796875,577.0864868164062,207.9109344482422,800,1066,800,1066
IMG_4039.jpg,IMG_4040.jpg,563.3751220703125,601.4658813476562,506.8204650878906,550.428466796875,800,1066,800,1066
IMG_4039.jpg,IMG_4040.jpg,563.67236328125,267.834228515625,663.2817993164062,255.4112091064453,800,1066,800,1066
IMG_4039.jpg,IMG_4040.jpg,566.2222290039062,779.4563598632812,631.2925415039062,775.2095336914062,800,1066,800,1066
IMG_4039.jpg,IMG_4040.jpg,566.5521240234375,278.4776611328125,637.2488403320312,223.74517822265625,800,1066,800,1066
IMG_4039.jpg,IMG_4040.jpg,567.6264038085938,333.48663330078125,655.2350463867188,269.7774353027344,800,1066,800,1066
IMG_4039.jpg,IMG_4040.jpg,567.6264038085938,333.48663330078125,655.2350463867188,269.7774353027344,800,1066,800,1066
IMG_4039.jpg,IMG_4040.jpg,569.0917358398438,285.9995422363281,533.515869140625,195.61851501464844,800,1066,800,1066
IMG_4039.jpg,IMG_4040.jpg,569.593505859375,589.6312255859375,564.618408203125,549.9754028320312,800,1066,800,1066
IMG_4039.jpg,IMG_4040.jpg,570.40185546875,336.49407958984375,725.5740966796875,370.0352783203125,800,1066,800,1066
IMG_4039.jpg,IMG_4040.jpg,570.7037353515625,330.6355285644531,513.7965698242188,264.1332702636719,800,1066,800,1066
IMG_4039.jpg,IMG_4040.jpg,570.8139038085938,305.7647705078125,561.0303955078125,240.17909240722656,800,1066,800,1066
IMG_4039.jpg,IMG_4040.jpg,570.8594970703125,336.817626953125,514.6685791015625,270.5711669921875,800,1066,800,1066
IMG_4039.jpg,IMG_4040.jpg,571.8267211914062,332.9671936035156,573.2835693359375,267.2413635253906,800,1066,800,1066
IMG_4039.jpg,IMG_4040.jpg,572.6028442382812,321.347412109375,675.6990356445312,315.30657958984375,800,1066,800,1066
IMG_4039.jpg,IMG_4040.jpg,572.7122802734375,304.347412109375,561.3948364257812,240.3391571044922,800,1066,800,1066
IMG_4039.jpg,IMG_4040.jpg,573.4431762695312,295.9658508300781,585.3357543945312,236.4514617919922,800,1066,800,1066
IMG_4039.jpg,IMG_4040.jpg,574.878173828125,302.9652404785156,534.7621459960938,231.2810821533203,800,1066,800,1066
IMG_4039.jpg,IMG_4040.jpg,577.7889404296875,297.64068603515625,537.6246337890625,228.2216033935547,800,1066,800,1066
IMG_4039.jpg,IMG_4040.jpg,577.7889404296875,297.64068603515625,537.6246337890625,228.2216033935547,800,1066,800,1066
IMG_4039.jpg,IMG_4040.jpg,577.7981567382812,331.0679931640625,695.4027709960938,329.6722717285156,800,1066,800,1066
IMG_4039.jpg,IMG_4040.jpg,578.460205078125,333.4753723144531,553.5843505859375,228.4125213623047,800,1066,800,1066
IMG_4039.jpg,IMG_4040.jpg,578.7110595703125,320.980224609375,550.5263061523438,237.4501495361328,800,1066,800,1066
IMG_4039.jpg,IMG_4040.jpg,578.9724731445312,968.6134033203125,552.6454467773438,935.6865844726562,800,1066,800,1066
IMG_4039.jpg,IMG_4040.jpg,579.1080932617188,329.3150939941406,730.1508178710938,333.31585693359375,800,1066,800,1066
IMG_4039.jpg,IMG_4040.jpg,581.2349853515625,247.66714477539062,589.3535766601562,176.4195556640625,800,1066,800,1066
IMG_4039.jpg,IMG_4040.jpg,581.7758178710938,242.0152587890625,619.9645385742188,184.3644561767578,800,1066,800,1066
IMG_4039.jpg,IMG_4040.jpg,582.8135375976562,672.2122802734375,780.1218872070312,574.7880859375,800,1066,800,1066
IMG_4039.jpg,IMG_4040.jpg,584.35400390625,242.7067413330078,647.30078125,198.8258056640625,800,1066,800,1066
IMG_4039.jpg,IMG_4040.jpg,584.35400390625,242.7067413330078,616.8367309570312,182.5487823486328,800,1066,800,1066
IMG_4039.jpg,IMG_4040.jpg,584.5721435546875,301.8778076171875,681.0650024414062,329.8651123046875,800,1066,800,1066
IMG_4039.jpg,IMG_4040.jpg,584.8892822265625,242.55783081054688,616.8367309570312,182.5487823486328,800,1066,800,1066
IMG_4039.jpg,IMG_4040.jpg,584.9918823242188,305.9922790527344,543.1945190429688,234.9907989501953,800,1066,800,1066
IMG_4039.jpg,IMG_4040.jpg,585.3094482421875,725.3160400390625,574.5609741210938,899.2953491210938,800,1066,800,1066
IMG_4039.jpg,IMG_4040.jpg,585.427001953125,298.0848388671875,678.9398193359375,331.12701416015625,800,1066,800,1066
IMG_4039.jpg,IMG_4040.jpg,587.34130859375,719.4850463867188,597.1805419921875,845.0205078125,800,1066,800,1066
IMG_4039.jpg,IMG_4040.jpg,587.7243041992188,664.73095703125,780.1218872070312,574.7880859375,800,1066,800,1066
IMG_4039.jpg,IMG_4040.jpg,588.896728515625,287.2145080566406,667.6452026367188,229.99195861816406,800,1066,800,1066
IMG_4039.jpg,IMG_4040.jpg,590.4312133789062,660.57763671875,780.1218872070312,574.7880859375,800,1066,800,1066
IMG_4039.jpg,IMG_4040.jpg,592.3194580078125,255.25433349609375,635.761474609375,195.98239135742188,800,1066,800,1066
IMG_4039.jpg,IMG_4040.jpg,592.3787841796875,258.3489074707031,684.8710327148438,239.8411407470703,800,1066,800,1066
IMG_4039.jpg,IMG_4040.jpg,593.0411376953125,960.3229370117188,669.7594604492188,993.6961669921875,800,1066,800,1066
IMG_4039.jpg,IMG_4040.jpg,593.2227783203125,293.98480224609375,671.1603393554688,331.40478515625,800,1066,800,1066
IMG_4039.jpg,IMG_4040.jpg,594.2147216796875,311.6313781738281,667.1502685546875,291.6792907714844,800,1066,800,1066
IMG_4039.jpg,IMG_4040.jpg,594.5486450195312,342.5304260253906,623.5091552734375,249.15155029296875,800,1066,800,1066
IMG_4039.jpg,IMG_4040.jpg,595.3821411132812,314.54852294921875,582.3250122070312,206.83160400390625,800,1066,800,1066
IMG_4039.jpg,IMG_4040.jpg,596.6747436523438,290.700439453125,615.427490234375,221.31956481933594,800,1066,800,1066
IMG_4039.jpg,IMG_4040.jpg,597.0643310546875,313.3310546875,586.620361328125,240.70095825195312,800,1066,800,1066
IMG_4039.jpg,IMG_4040.jpg,597.7271118164062,691.8812866210938,686.5285034179688,659.3389282226562,800,1066,800,1066
IMG_4039.jpg,IMG_4040.jpg,597.947265625,323.7325744628906,570.1325073242188,230.17063903808594,800,1066,800,1066
IMG_4039.jpg,IMG_4040.jpg,599.1002807617188,335.9468994140625,653.0557250976562,217.98646545410156,800,1066,800,1066
IMG_4039.jpg,IMG_4040.jpg,599.8917236328125,631.673828125,780.1218872070312,574.7880859375,800,1066,800,1066
IMG_4039.jpg,IMG_4040.jpg,600.5534057617188,346.8917541503906,706.2071533203125,352.4861755371094,800,1066,800,1066
IMG_4039.jpg,IMG_4040.jpg,601.0056762695312,283.0638427734375,582.3250122070312,206.83160400390625,800,1066,800,1066
IMG_4039.jpg,IMG_4040.jpg,601.87744140625,288.906494140625,619.7379150390625,251.2184295654297,800,1066,800,1066
IMG_4039.jpg,IMG_4040.jpg,602.3896484375,662.0410766601562,710.7103881835938,625.4840698242188,800,1066,800,1066
IMG_4039.jpg,IMG_4040.jpg,604.0279541015625,337.329833984375,677.3362426757812,327.0576171875,800,1066,800,1066
IMG_4039.jpg,IMG_4040.jpg,604.3402099609375,316.6091613769531,643.5521850585938,213.61386108398438,800,1066,800,1066
IMG_4039.jpg,IMG_4040.jpg,607.61083984375,863.1906127929688,685.7066650390625,1061.6768798828125,800,1066,800,1066
IMG_4039.jpg,IMG_4040.jpg,608.1798706054688,301.19354248046875,585.8306274414062,225.85069274902344,800,1066,800,1066
IMG_4039.jpg,IMG_4040.jpg,608.2777709960938,578.4153442382812,738.0178833007812,331.7771911621094,800,1066,800,1066
IMG_4039.jpg,IMG_4040.jpg,608.3869018554688,341.793701171875,588.1304931640625,287.9635314941406,800,1066,800,1066
IMG_4039.jpg,IMG_4040.jpg,608.8062744140625,340.1653137207031,647.81298828125,293.84686279296875,800,1066,800,1066
IMG_4039.jpg,IMG_4040.jpg,608.8062744140625,340.1653137207031,647.81298828125,293.84686279296875,800,1066,800,1066
IMG_4039.jpg,IMG_4040.jpg,609.0233154296875,333.4949035644531,678.1405029296875,321.41259765625,800,1066,800,1066
IMG_4039.jpg,IMG_4040.jpg,609.5231323242188,672.3768310546875,677.8108520507812,562.6708984375,800,1066,800,1066
IMG_4039.jpg,IMG_4040.jpg,610.0126953125,312.8013916015625,611.5457153320312,221.6690216064453,800,1066,800,1066
IMG_4039.jpg,IMG_4040.jpg,610.0126953125,312.8013916015625,675.7067260742188,296.3670654296875,800,1066,800,1066
IMG_4039.jpg,IMG_4040.jpg,610.0489501953125,272.1701354980469,681.7825317382812,234.91668701171875,800,1066,800,1066
IMG_4039.jpg,IMG_4040.jpg,610.6405639648438,628.124267578125,677.8108520507812,562.6708984375,800,1066,800,1066
IMG_4039.jpg,IMG_4040.jpg,610.8712768554688,317.0165100097656,587.7947998046875,242.12660217285156,800,1066,800,1066
IMG_4039.jpg,IMG_4040.jpg,610.9898071289062,613.6143188476562,719.6682739257812,562.2115478515625,800,1066,800,1066
IMG_4039.jpg,IMG_4040.jpg,611.3049926757812,633.1526489257812,677.8108520507812,562.6708984375,800,1066,800,1066
IMG_4039.jpg,IMG_4040.jpg,612.0405883789062,595.1231079101562,754.1829833984375,569.8963623046875,800,1066,800,1066
IMG_4039.jpg,IMG_4040.jpg,612.1264038085938,607.5691528320312,719.12841796875,556.9622192382812,800,1066,800,1066
IMG_4039.jpg,IMG_4040.jpg,612.4313354492188,279.8106384277344,601.919921875,190.86386108398438,800,1066,800,1066
IMG_4039.jpg,IMG_4040.jpg,613.1530151367188,606.6497802734375,719.12841796875,556.9622192382812,800,1066,800,1066
IMG_4039.jpg,IMG_4040.jpg,614.2136840820312,605.82958984375,719.12841796875,556.9622192382812,800,1066,800,1066
IMG_4039.jpg,IMG_4040.jpg,614.8896484375,315.2425231933594,651.0172729492188,269.9329528808594,800,1066,800,1066
IMG_4039.jpg,IMG_4040.jpg,614.89208984375,315.3669128417969,663.2817993164062,255.4112091064453,800,1066,800,1066
IMG_4039.jpg,IMG_4040.jpg,615.1136474609375,596.770263671875,764.8778076171875,568.0511474609375,800,1066,800,1066
IMG_4039.jpg,IMG_4040.jpg,616.10009765625,304.81585693359375,667.6452026367188,229.99195861816406,800,1066,800,1066
IMG_4039.jpg,IMG_4040.jpg,616.8600463867188,358.67901611328125,679.8492431640625,263.2170104980469,800,1066,800,1066
IMG_4039.jpg,IMG_4040.jpg,619.6748046875,565.8883666992188,752.8685913085938,568.6982421875,800,1066,800,1066
IMG_4039.jpg,IMG_4040.jpg,619.7074584960938,603.5573120117188,719.12841796875,556.9622192382812,800,1066,800,1066
IMG_4039.jpg,IMG_4040.jpg,620.7816162109375,564.7462768554688,752.8685913085938,568.6982421875,800,1066,800,1066
IMG_4039.jpg,IMG_4040.jpg,620.9457397460938,295.9958190917969,709.9810791015625,301.2799072265625,800,1066,800,1066
IMG_4039.jpg,IMG_4040.jpg,621.4020385742188,564.97216796875,752.8685913085938,568.6982421875,800,1066,800,1066
IMG_4039.jpg,IMG_4040.jpg,621.9676513671875,864.6226806640625,740.879638671875,802.5346069335938,800,1066,800,1066
IMG_4039.jpg,IMG_4040.jpg,625.3851928710938,346.4712219238281,675.6990356445312,315.30657958984375,800,1066,800,1066
IMG_4039.jpg,IMG_4040.jpg,625.4152221679688,601.22802734375,719.12841796875,556.9622192382812,800,1066,800,1066
IMG_4039.jpg,IMG_4040.jpg,627.436279296875,547.2581176757812,771.5783081054688,570.0499267578125,800,1066,800,1066
IMG_4039.jpg,IMG_4040.jpg,630.5501098632812,887.8080444335938,701.0772094726562,1036.747802734375,800,1066,800,1066
IMG_4039.jpg,IMG_4040.jpg,631.0111083984375,530.5399169921875,718.9364013671875,589.5643920898438,800,1066,800,1066
IMG_4039.jpg,IMG_4040.jpg,631.3204345703125,531.1380004882812,718.9364013671875,589.5643920898438,800,1066,800,1066
IMG_4039.jpg,IMG_4040.jpg,632.3546752929688,319.6611633300781,710.1812744140625,259.1405334472656,800,1066,800,1066
IMG_4039.jpg,IMG_4040.jpg,632.3546752929688,319.6611633300781,708.5221557617188,257.6222839355469,800,1066,800,1066
IMG_4039.jpg,IMG_4040.jpg,635.3904418945312,896.6141967773438,554.1902465820312,1039.9483642578125,800,1066,800,1066
IMG_4039.jpg,IMG_4040.jpg,635.9074096679688,929.6083374023438,554.1902465820312,1039.9483642578125,800,1066,800,1066
IMG_4039.jpg,IMG_4040.jpg,637.0271606445312,913.9214477539062,554.8235473632812,1041.0880126953125,800,1066,800,1066
IMG_4039.jpg,IMG_4040.jpg,637.1766967773438,930.01025390625,598.2722778320312,1030.195068359375,800,1066,800,1066
IMG_4039.jpg,IMG_4040.jpg,637.3319091796875,916.808837890625,554.8235473632812,1041.0880126953125,800,1066,800,1066
IMG_4039.jpg,IMG_4040.jpg,637.8111572265625,515.041748046875,678.1643676757812,429.68536376953125,800,1066,800,1066
IMG_4039.jpg,IMG_4040.jpg,638.5420532226562,949.4435424804688,555.9191284179688,1045.8939208984375,800,1066,800,1066
IMG_4039.jpg,IMG_4040.jpg,639.6695556640625,926.9660034179688,555.9066162109375,1046.06787109375,800,1066,800,1066
IMG_4039.jpg,IMG_4040.jpg,639.6695556640625,926.9660034179688,551.33642578125,1053.654541015625,800,1066,800,1066
IMG_4039.jpg,IMG_4040.jpg,639.76953125,930.9407958984375,555.9066162109375,1046.06787109375,800,1066,800,1066
IMG_4039.jpg,IMG_4040.jpg,640.4221801757812,328.7569885253906,695.5292358398438,261.3338317871094,800,1066,800,1066
IMG_4039.jpg,IMG_4040.jpg,640.8892211914062,337.37188720703125,667.3839111328125,230.60757446289062,800,1066,800,1066
IMG_4039.jpg,IMG_4040.jpg,644.2874145507812,677.6718139648438,632.9600830078125,770.6851196289062,800,1066,800,1066
IMG_4039.jpg,IMG_4040.jpg,644.9813842773438,968.9966430664062,555.9066162109375,1046.06787109375,800,1066,800,1066
IMG_4039.jpg,IMG_4040.jpg,646.177978515625,655.5208129882812,770.768310546875,567.9227905273438,800,1066,800,1066
IMG_4039.jpg,IMG_4040.jpg,648.4202270507812,355.4500732421875,735.957275390625,343.9906005859375,800,1066,800,1066
IMG_4039.jpg,IMG_4040.jpg,648.4948120117188,355.3775329589844,735.957275390625,343.9906005859375,800,1066,800,1066
IMG_4039.jpg,IMG_4040.jpg,650.2078857421875,346.9697265625,706.5633544921875,255.06712341308594,800,1066,800,1066
IMG_4039.jpg,IMG_4040.jpg,650.4963989257812,520.5270385742188,740.2078247070312,451.71624755859375,800,1066,800,1066
IMG_4039.jpg,IMG_4040.jpg,650.7487182617188,342.2122802734375,694.1205444335938,226.6706085205078,800,1066,800,1066
IMG_4039.jpg,IMG_4040.jpg,651.7208251953125,514.0090942382812,743.8318481445312,416.87908935546875,800,1066,800,1066
IMG_4039.jpg,IMG_4040.jpg,653.8718872070312,667.9608154296875,788.0690307617188,574.1082153320312,800,1066,800,1066
IMG_4039.jpg,IMG_4040.jpg,654.0969848632812,509.5845947265625,762.641845703125,569.402099609375,800,1066,800,1066
IMG_4039.jpg,IMG_4040.jpg,656.4064331054688,360.50872802734375,722.085693359375,289.962646484375,800,1066,800,1066
IMG_4039.jpg,IMG_4040.jpg,658.3932495117188,494.1590576171875,734.1859741210938,365.5951232910156,800,1066,800,1066
IMG_4039.jpg,IMG_4040.jpg,660.98388671875,380.4195556640625,743.4419555664062,344.9209289550781,800,1066,800,1066
IMG_4039.jpg,IMG_4040.jpg,661.9216918945312,481.3514709472656,731.8755493164062,320.05548095703125,800,1066,800,1066
IMG_4039.jpg,IMG_4040.jpg,662.0708618164062,381.62896728515625,740.7564697265625,332.9894104003906,800,1066,800,1066
IMG_4039.jpg,IMG_4040.jpg,662.5177612304688,492.3927001953125,717.0285034179688,270.98468017578125,800,1066,800,1066
IMG_4039.jpg,IMG_4040.jpg,662.5220336914062,694.7301635742188,767.7017822265625,569.0121459960938,800,1066,800,1066
IMG_4039.jpg,IMG_4040.jpg,664.1900024414062,699.3922119140625,771.5783081054688,570.0499267578125,800,1066,800,1066
IMG_4039.jpg,IMG_4040.jpg,664.4755249023438,463.0676574707031,743.4419555664062,344.9209289550781,800,1066,800,1066
IMG_4039.jpg,IMG_4040.jpg,665.202392578125,475.59375,743.7418212890625,311.2147521972656,800,1066,800,1066
IMG_4039.jpg,IMG_4040.jpg,666.067626953125,473.8511657714844,743.7418212890625,311.2147521972656,800,1066,800,1066
IMG_4039.jpg,IMG_4040.jpg,669.0564575195312,420.52947998046875,744.9503784179688,396.8168640136719,800,1066,800,1066
IMG_4039.jpg,IMG_4040.jpg,672.0841064453125,724.9150390625,699.5234375,701.5318603515625,800,1066,800,1066
IMG_4039.jpg,IMG_4040.jpg,672.8232421875,733.1351318359375,699.5234375,701.5318603515625,800,1066,800,1066
IMG_4039.jpg,IMG_4041.jpg,13.593026161193848,974.0354614257812,376.5822448730469,153.18955993652344,800,1066,800,1066
IMG_4039.jpg,IMG_4041.jpg,16.044466018676758,1044.806396484375,547.4891357421875,230.95480346679688,800,1066,800,1066
IMG_4039.jpg,IMG_4041.jpg,21.472991943359375,891.7020874023438,583.1880493164062,123.57455444335938,800,1066,800,1066
IMG_4039.jpg,IMG_4041.jpg,34.59238815307617,788.7192993164062,626.5723876953125,243.16197204589844,800,1066,800,1066
IMG_4039.jpg,IMG_4041.jpg,35.29096603393555,789.5087280273438,626.5723876953125,243.16197204589844,800,1066,800,1066
IMG_4039.jpg,IMG_4041.jpg,35.29096603393555,789.5087280273438,415.5771179199219,367.40435791015625,800,1066,800,1066
IMG_4039.jpg,IMG_4041.jpg,35.9732551574707,841.7373046875,410.2091369628906,157.28427124023438,800,1066,800,1066
IMG_4039.jpg,IMG_4041.jpg,47.174625396728516,862.270751953125,613.0713500976562,157.96131896972656,800,1066,800,1066
IMG_4039.jpg,IMG_4041.jpg,62.125789642333984,654.4329833984375,672.6122436523438,323.6092834472656,800,1066,800,1066
IMG_4039.jpg,IMG_4041.jpg,73.94120025634766,927.0101928710938,556.569580078125,110.06609344482422,800,1066,800,1066
IMG_4039.jpg,IMG_4041.jpg,76.60379791259766,924.43896484375,437.37884521484375,83.46761322021484,800,1066,800,1066
IMG_4039.jpg,IMG_4041.jpg,77.9148178100586,638.0607299804688,414.86016845703125,61.33612060546875,800,1066,800,1066
IMG_4039.jpg,IMG_4041.jpg,87.28070831298828,639.0299682617188,668.06591796875,255.2844696044922,800,1066,800,1066
IMG_4039.jpg,IMG_4041.jpg,88.91651916503906,842.4561157226562,545.4578857421875,155.2676239013672,800,1066,800,1066
IMG_4039.jpg,IMG_4041.jpg,92.6613998413086,908.6099243164062,486.8571472167969,138.57025146484375,800,1066,800,1066
IMG_4039.jpg,IMG_4041.jpg,96.34394836425781,655.96240234375,598.92822265625,243.45762634277344,800,1066,800,1066
IMG_4039.jpg,IMG_4041.jpg,98.77266693115234,631.0111694335938,684.3645629882812,331.6110534667969,800,1066,800,1066
IMG_4039.jpg,IMG_4041.jpg,103.6460189819336,785.0638427734375,599.451416015625,284.0132141113281,800,1066,800,1066
IMG_4039.jpg,IMG_4041.jpg,105.86211395263672,788.7788696289062,361.00323486328125,224.72695922851562,800,1066,800,1066
IMG_4039.jpg,IMG_4041.jpg,106.74683380126953,628.0286254882812,414.86016845703125,61.33612060546875,800,1066,800,1066
IMG_4039.jpg,IMG_4041.jpg,108.9975814819336,986.3850708007812,437.37884521484375,83.46761322021484,800,1066,800,1066
IMG_4039.jpg,IMG_4041.jpg,113.26121520996094,630.5907592773438,628.5162353515625,268.2108459472656,800,1066,800,1066
IMG_4039.jpg,IMG_4041.jpg,116.10071563720703,937.9827270507812,501.5625915527344,76.63203430175781,800,1066,800,1066
IMG_4039.jpg,IMG_4041.jpg,128.76795959472656,965.4065551757812,582.2218627929688,341.0726013183594,800,1066,800,1066
IMG_4039.jpg,IMG_4041.jpg,130.8239288330078,966.8287963867188,582.2218627929688,341.0726013183594,800,1066,800,1066
IMG_4039.jpg,IMG_4041.jpg,131.4325408935547,1023.3065795898438,538.3778686523438,126.12443542480469,800,1066,800,1066
IMG_4039.jpg,IMG_4041.jpg,131.85877990722656,657.4454956054688,349.64703369140625,221.44715881347656,800,1066,800,1066
IMG_4039.jpg,IMG_4041.jpg,141.0573272705078,760.5151977539062,599.451416015625,284.0132141113281,800,1066,800,1066
IMG_4039.jpg,IMG_4041.jpg,147.38607788085938,837.216064453125,444.5328674316406,381.0726623535156,800,1066,800,1066
IMG_4039.jpg,IMG_4041.jpg,147.5078582763672,757.9520263671875,567.4183959960938,167.9562225341797,800,1066,800,1066
IMG_4039.jpg,IMG_4041.jpg,147.5078582763672,757.9520263671875,509.3973083496094,176.17657470703125,800,1066,800,1066
IMG_4039.jpg,IMG_4041.jpg,148.70068359375,765.6270141601562,518.0899658203125,225.3643798828125,800,1066,800,1066
IMG_4039.jpg,IMG_4041.jpg,149.21836853027344,764.13525390625,518.0899658203125,225.3643798828125,800,1066,800,1066
IMG_4039.jpg,IMG_4041.jpg,150.20933532714844,859.3734741210938,577.9518432617188,154.97525024414062,800,1066,800,1066
IMG_4039.jpg,IMG_4041.jpg,154.66221618652344,769.4622192382812,559.526611328125,178.9959259033203,800,1066,800,1066
IMG_4039.jpg,IMG_4041.jpg,156.06332397460938,793.520751953125,626.5723876953125,243.16197204589844,800,1066,800,1066
IMG_4039.jpg,IMG_4041.jpg,160.26004028320312,820.0616455078125,626.5723876953125,243.16197204589844,800,1066,800,1066
IMG_4039.jpg,IMG_4041.jpg,167.59503173828125,839.136962890625,495.5046691894531,293.9770812988281,800,1066,800,1066
IMG_4039.jpg,IMG_4041.jpg,171.8623809814453,959.0498046875,467.7256774902344,70.50450134277344,800,1066,800,1066
IMG_4039.jpg,IMG_4041.jpg,180.6241912841797,814.1055297851562,502.66839599609375,231.02967834472656,800,1066,800,1066
IMG_4039.jpg,IMG_4041.jpg,182.92955017089844,792.6549072265625,409.9747009277344,174.76849365234375,800,1066,800,1066
IMG_4039.jpg,IMG_4041.jpg,183.9369659423828,820.0377197265625,543.3458251953125,261.6580810546875,800,1066,800,1066
IMG_4039.jpg,IMG_4041.jpg,185.9925537109375,785.4097290039062,509.4974060058594,157.62109375,800,1066,800,1066
IMG_4039.jpg,IMG_4041.jpg,191.75672912597656,782.6793212890625,424.8473815917969,67.45995330810547,800,1066,800,1066
IMG_4039.jpg,IMG_4041.jpg,191.75672912597656,782.6793212890625,424.8473815917969,67.45995330810547,800,1066,800,1066
IMG_4039.jpg,IMG_4041.jpg,192.2988739013672,817.0309448242188,511.75372314453125,113.77491760253906,800,1066,800,1066
IMG_4039.jpg,IMG_4041.jpg,194.19859313964844,511.50933837890625,675.4242553710938,278.7715148925781,800,1066,800,1066
IMG_4039.jpg,IMG_4041.jpg,194.20751953125,781.4105834960938,424.8473815917969,67.45995330810547,800,1066,800,1066
IMG_4039.jpg,IMG_4041.jpg,194.20751953125,781.4105834960938,424.8473815917969,67.45995330810547,800,1066,800,1066
IMG_4039.jpg,IMG_4041.jpg,194.53785705566406,810.74658203125,576.3052978515625,167.04908752441406,800,1066,800,1066
IMG_4039.jpg,IMG_4041.jpg,197.6396942138672,993.07763671875,605.5488891601562,153.74891662597656,800,1066,800,1066
IMG_4039.jpg,IMG_4041.jpg,198.16224670410156,832.8160400390625,441.4670715332031,155.06015014648438,800,1066,800,1066
IMG_4039.jpg,IMG_4041.jpg,200.93209838867188,836.5449829101562,619.581787109375,212.81405639648438,800,1066,800,1066
IMG_4039.jpg,IMG_4041.jpg,201.58685302734375,837.8290405273438,622.3432006835938,311.34466552734375,800,1066,800,1066
IMG_4039.jpg,IMG_4041.jpg,201.8597869873047,834.6611938476562,452.6465148925781,149.770263671875,800,1066,800,1066
IMG_4039.jpg,IMG_4041.jpg,201.8597869873047,834.6611938476562,549.5209350585938,183.9918212890625,800,1066,800,1066
IMG_4039.jpg,IMG_4041.jpg,202.97348022460938,488.5362548828125,414.86016845703125,61.33612060546875,800,1066,800,1066
IMG_4039.jpg,IMG_4041.jpg,203.08192443847656,547.9720458984375,606.9129028320312,212.6055450439453,800,1066,800,1066
IMG_4039.jpg,IMG_4041.jpg,203.354736328125,818.0426635742188,577.2034912109375,188.64984130859375,800,1066,800,1066
IMG_4039.jpg,IMG_4041.jpg,203.4300994873047,544.01904296875,606.9129028320312,212.6055450439453,800,1066,800,1066
IMG_4039.jpg,IMG_4041.jpg,203.8984832763672,486.9957275390625,414.86016845703125,61.33612060546875,800,1066,800,1066
IMG_4039.jpg,IMG_4041.jpg,203.98675537109375,532.2566528320312,418.9775695800781,130.01670837402344,800,1066,800,1066
IMG_4039.jpg,IMG_4041.jpg,204.6598358154297,536.5443725585938,598.92822265625,243.45762634277344,800,1066,800,1066
IMG_4039.jpg,IMG_4041.jpg,204.69552612304688,525.1611328125,606.9129028320312,212.6055450439453,800,1066,800,1066
IMG_4039.jpg,IMG_4041.jpg,204.822021484375,536.90673828125,606.9129028320312,212.6055450439453,800,1066,800,1066
IMG_4039.jpg,IMG_4041.jpg,207.7589111328125,377.4958190917969,655.88916015625,217.56396484375,800,1066,800,1066
IMG_4039.jpg,IMG_4041.jpg,207.88955688476562,508.4101867675781,644.4611206054688,276.16339111328125,800,1066,800,1066
IMG_4039.jpg,IMG_4041.jpg,208.1414794921875,350.3833312988281,666.8931274414062,245.76968383789062,800,1066,800,1066
IMG_4039.jpg,IMG_4041.jpg,208.16921997070312,758.1203002929688,536.83154296875,193.9529266357422,800,1066,800,1066
IMG_4039.jpg,IMG_4041.jpg,208.22032165527344,377.4156799316406,647.0731201171875,197.45484924316406,800,1066,800,1066
IMG_4039.jpg,IMG_4041.jpg,208.39637756347656,385.53570556640625,687.2493896484375,265.4894714355469,800,1066,800,1066
IMG_4039.jpg,IMG_4041.jpg,209.16421508789062,373.70599365234375,646.8919067382812,200.999267578125,800,1066,800,1066
IMG_4039.jpg,IMG_4041.jpg,209.79566955566406,351.7604064941406,449.41583251953125,67.86929321289062,800,1066,800,1066
IMG_4039.jpg,IMG_4041.jpg,211.46453857421875,374.3930969238281,668.0110473632812,258.0449523925781,800,1066,800,1066
IMG_4039.jpg,IMG_4041.jpg,211.56178283691406,922.497802734375,411.23779296875,99.01773071289062,800,1066,800,1066
IMG_4039.jpg,IMG_4041.jpg,211.97833251953125,416.0238342285156,666.8931274414062,245.76968383789062,800,1066,800,1066
IMG_4039.jpg,IMG_4041.jpg,212.1269989013672,433.3178405761719,678.9251708984375,345.670654296875,800,1066,800,1066
IMG_4039.jpg,IMG_4041.jpg,212.17222595214844,920.7072143554688,369.54730224609375,173.53073120117188,800,1066,800,1066
IMG_4039.jpg,IMG_4041.jpg,212.33950805664062,492.6280212402344,644.4611206054688,276.16339111328125,800,1066,800,1066
IMG_4039.jpg,IMG_4041.jpg,213.00924682617188,912.7535400390625,581.564697265625,311.6747131347656,800,1066,800,1066
IMG_4039.jpg,IMG_4041.jpg,213.0794219970703,428.5432434082031,412.4023742675781,65.73873901367188,800,1066,800,1066
IMG_4039.jpg,IMG_4041.jpg,213.09024047851562,894.3363037109375,493.4625549316406,211.8391876220703,800,1066,800,1066
IMG_4039.jpg,IMG_4041.jpg,213.12477111816406,361.5940856933594,508.43463134765625,93.77546691894531,800,1066,800,1066
IMG_4039.jpg,IMG_4041.jpg,213.14425659179688,424.9308776855469,657.9176025390625,226.32749938964844,800,1066,800,1066
IMG_4039.jpg,IMG_4041.jpg,213.4509735107422,469.79974365234375,676.9995727539062,349.5716552734375,800,1066,800,1066
IMG_4039.jpg,IMG_4041.jpg,213.65342712402344,436.1297607421875,579.8551635742188,114.677490234375,800,1066,800,1066
IMG_4039.jpg,IMG_4041.jpg,213.66188049316406,411.66748046875,676.2079467773438,323.3589172363281,800,1066,800,1066
IMG_4039.jpg,IMG_4041.jpg,213.86062622070312,469.5640563964844,668.4698486328125,263.7108154296875,800,1066,800,1066
IMG_4039.jpg,IMG_4041.jpg,213.89369201660156,332.1084899902344,675.78076171875,302.1525573730469,800,1066,800,1066
IMG_4039.jpg,IMG_4041.jpg,213.99827575683594,464.2652587890625,348.9283142089844,149.8936309814453,800,1066,800,1066
IMG_4039.jpg,IMG_4041.jpg,214.0836181640625,396.0989685058594,662.5487670898438,245.9626007080078,800,1066,800,1066
IMG_4039.jpg,IMG_4041.jpg,214.31201171875,897.1077880859375,585.1099243164062,232.1934814453125,800,1066,800,1066
IMG_4039.jpg,IMG_4041.jpg,214.4244384765625,865.0136108398438,442.9390869140625,90.54681396484375,800,1066,800,1066
IMG_4039.jpg,IMG_4041.jpg,214.5681915283203,445.4085998535156,470.5760498046875,388.3871765136719,800,1066,800,1066
IMG_4039.jpg,IMG_4041.jpg,214.6267547607422,371.9750671386719,653.96826171875,232.43211364746094,800,1066,800,1066
IMG_4039.jpg,IMG_4041.jpg,215.14071655273438,889.8280639648438,427.2927551269531,373.9451904296875,800,1066,800,1066
IMG_4039.jpg,IMG_4041.jpg,216.07823181152344,327.75921630859375,414.86016845703125,61.33612060546875,800,1066,800,1066
IMG_4039.jpg,IMG_4041.jpg,216.40243530273438,878.0420532226562,487.0547180175781,126.16241455078125,800,1066,800,1066
IMG_4039.jpg,IMG_4041.jpg,216.71836853027344,324.4571533203125,414.86016845703125,61.33612060546875,800,1066,800,1066
IMG_4039.jpg,IMG_4041.jpg,216.91500854492188,921.3815307617188,543.3458251953125,261.6580810546875,800,1066,800,1066
IMG_4039.jpg,IMG_4041.jpg,217.7570343017578,331.2286682128906,669.9525756835938,268.5961608886719,800,1066,800,1066
IMG_4039.jpg,IMG_4041.jpg,217.82901000976562,406.0731201171875,497.5315246582031,194.0339813232422,800,1066,800,1066
IMG_4039.jpg,IMG_4041.jpg,218.00537109375,909.8004760742188,515.0364990234375,208.17454528808594,800,1066,800,1066
IMG_4039.jpg,IMG_4041.jpg,218.2380828857422,918.8660888671875,369.54730224609375,173.53073120117188,800,1066,800,1066
IMG_4039.jpg,IMG_4041.jpg,218.87672424316406,492.57513427734375,644.4611206054688,276.16339111328125,800,1066,800,1066
IMG_4039.jpg,IMG_4041.jpg,219.00985717773438,887.2637939453125,592.5155029296875,223.04916381835938,800,1066,800,1066
IMG_4039.jpg,IMG_4041.jpg,219.69496154785156,902.6173095703125,489.85211181640625,180.37200927734375,800,1066,800,1066
IMG_4039.jpg,IMG_4041.jpg,219.70773315429688,412.3273620605469,654.0819702148438,232.58428955078125,800,1066,800,1066
IMG_4039.jpg,IMG_4041.jpg,220.19558715820312,465.7315979003906,606.9129028320312,212.6055450439453,800,1066,800,1066
IMG_4039.jpg,IMG_4041.jpg,220.31488037109375,855.9566650390625,483.8409118652344,190.63128662109375,800,1066,800,1066
IMG_4039.jpg,IMG_4041.jpg,220.31488037109375,855.9566650390625,586.9883422851562,122.74962615966797,800,1066,800,1066
IMG_4039.jpg,IMG_4041.jpg,220.34259033203125,325.8575744628906,671.908447265625,272.8638610839844,800,1066,800,1066
IMG_4039.jpg,IMG_4041.jpg,220.8814697265625,827.1678466796875,509.6787109375,210.9141845703125,800,1066,800,1066
IMG_4039.jpg,IMG_4041.jpg,221.02685546875,999.4545288085938,526.64208984375,112.49990844726562,800,1066,800,1066
IMG_4039.jpg,IMG_4041.jpg,221.03001403808594,907.87646484375,454.5990905761719,159.96595764160156,800,1066,800,1066
IMG_4039.jpg,IMG_4041.jpg,221.20654296875,857.6509399414062,452.9527587890625,90.40021514892578,800,1066,800,1066
IMG_4039.jpg,IMG_4041.jpg,221.7626495361328,309.31964111328125,692.3877563476562,303.8285217285156,800,1066,800,1066
IMG_4039.jpg,IMG_4041.jpg,221.85594177246094,964.634765625,490.6086120605469,86.56436920166016,800,1066,800,1066
IMG_4039.jpg,IMG_4041.jpg,222.07081604003906,882.341796875,349.14581298828125,146.22109985351562,800,1066,800,1066
IMG_4039.jpg,IMG_4041.jpg,222.08287048339844,829.1260986328125,391.1595458984375,139.5990447998047,800,1066,800,1066
IMG_4039.jpg,IMG_4041.jpg,222.08287048339844,829.1260986328125,589.5345458984375,300.91766357421875,800,1066,800,1066
IMG_4039.jpg,IMG_4041.jpg,222.42498779296875,901.8960571289062,459.26690673828125,385.4834289550781,800,1066,800,1066
IMG_4039.jpg,IMG_4041.jpg,222.8048553466797,322.39971923828125,672.3062744140625,276.5255126953125,800,1066,800,1066
IMG_4039.jpg,IMG_4041.jpg,223.12449645996094,315.2904052734375,678.0291137695312,283.7876281738281,800,1066,800,1066
IMG_4039.jpg,IMG_4041.jpg,223.36273193359375,879.5379028320312,609.0269165039062,204.629638671875,800,1066,800,1066
IMG_4039.jpg,IMG_4041.jpg,224.18910217285156,885.8592529296875,534.0001831054688,173.70916748046875,800,1066,800,1066
IMG_4039.jpg,IMG_4041.jpg,224.57064819335938,909.365478515625,602.010009765625,233.64540100097656,800,1066,800,1066
IMG_4039.jpg,IMG_4041.jpg,224.581298828125,920.0513305664062,568.8007202148438,118.43630981445312,800,1066,800,1066
IMG_4039.jpg,IMG_4041.jpg,224.85574340820312,326.14923095703125,659.8748779296875,241.53114318847656,800,1066,800,1066
IMG_4039.jpg,IMG_4041.jpg,226.21168518066406,916.4057006835938,546.5816650390625,230.10455322265625,800,1066,800,1066
IMG_4039.jpg,IMG_4041.jpg,227.04722595214844,315.7633056640625,673.6572875976562,281.14080810546875,800,1066,800,1066
IMG_4039.jpg,IMG_4041.jpg,227.32456970214844,911.778564453125,539.602783203125,150.7080078125,800,1066,800,1066
IMG_4039.jpg,IMG_4041.jpg,227.46994018554688,908.788818359375,477.2052001953125,96.3559341430664,800,1066,800,1066
IMG_4039.jpg,IMG_4041.jpg,228.1607666015625,321.96466064453125,670.763427734375,279.5225524902344,800,1066,800,1066
IMG_4039.jpg,IMG_4041.jpg,229.1732635498047,888.4122924804688,633.3159790039062,298.1641845703125,800,1066,800,1066
IMG_4039.jpg,IMG_4041.jpg,230.56332397460938,307.978515625,667.515380859375,250.72035217285156,800,1066,800,1066
IMG_4039.jpg,IMG_4041.jpg,230.62185668945312,918.6344604492188,539.9066162109375,103.96815490722656,800,1066,800,1066
IMG_4039.jpg,IMG_4041.jpg,232.9652557373047,892.2572021484375,548.7451171875,208.22610473632812,800,1066,800,1066
IMG_4039.jpg,IMG_4041.jpg,233.67825317382812,913.9860229492188,519.4943237304688,104.85307312011719,800,1066,800,1066
IMG_4039.jpg,IMG_4041.jpg,233.67825317382812,913.9860229492188,519.4943237304688,104.85307312011719,800,1066,800,1066
IMG_4039.jpg,IMG_4041.jpg,234.00625610351562,890.5567016601562,392.9394836425781,167.5780792236328,800,1066,800,1066
IMG_4039.jpg,IMG_4041.jpg,234.3406982421875,927.9253540039062,380.3250427246094,155.59039306640625,800,1066,800,1066
IMG_4039.jpg,IMG_4041.jpg,237.0100860595703,912.030517578125,577.2034912109375,188.64984130859375,800,1066,800,1066
IMG_4039.jpg,IMG_4041.jpg,237.0100860595703,912.030517578125,565.5713500976562,322.5132751464844,800,1066,800,1066
IMG_4039.jpg,IMG_4041.jpg,237.5415496826172,949.9629516601562,519.0955200195312,145.5088653564453,800,1066,800,1066
IMG_4039.jpg,IMG_4041.jpg,238.04396057128906,909.8760375976562,510.52960205078125,153.53709411621094,800,1066,800,1066
IMG_4039.jpg,IMG_4041.jpg,238.57150268554688,905.6314697265625,461.83160400390625,85.54029846191406,800,1066,800,1066
IMG_4039.jpg,IMG_4041.jpg,238.57150268554688,905.6314697265625,567.078857421875,160.90444946289062,800,1066,800,1066
IMG_4039.jpg,IMG_4041.jpg,238.71694946289062,889.0325927734375,504.85870361328125,120.07107543945312,800,1066,800,1066
IMG_4039.jpg,IMG_4041.jpg,239.85678100585938,839.9555053710938,415.2844543457031,229.01397705078125,800,1066,800,1066
IMG_4039.jpg,IMG_4041.jpg,240.1521453857422,918.1387329101562,488.60601806640625,108.53836822509766,800,1066,800,1066
IMG_4039.jpg,IMG_4041.jpg,241.9288787841797,899.9810180664062,460.4803161621094,94.23334503173828,800,1066,800,1066
IMG_4039.jpg,IMG_4041.jpg,242.66159057617188,929.0221557617188,539.4905395507812,97.9759521484375,800,1066,800,1066
IMG_4039.jpg,IMG_4041.jpg,243.00466918945312,840.47998046875,441.2781677246094,213.67495727539062,800,1066,800,1066
IMG_4039.jpg,IMG_4041.jpg,243.02040100097656,918.0176391601562,629.6312255859375,179.12274169921875,800,1066,800,1066
IMG_4039.jpg,IMG_4041.jpg,243.65599060058594,905.3311157226562,487.59185791015625,132.959716796875,800,1066,800,1066
IMG_4039.jpg,IMG_4041.jpg,244.59231567382812,867.0018310546875,541.2140502929688,142.84849548339844,800,1066,800,1066
IMG_4039.jpg,IMG_4041.jpg,245.2459716796875,288.0069580078125,666.3035278320312,252.62986755371094,800,1066,800,1066
IMG_4039.jpg,IMG_4041.jpg,245.71575927734375,923.4405517578125,446.3560791015625,89.84269714355469,800,1066,800,1066
IMG_4039.jpg,IMG_4041.jpg,245.7714080810547,923.478759765625,563.102294921875,153.3773956298828,800,1066,800,1066
IMG_4039.jpg,IMG_4041.jpg,245.9393310546875,922.9439697265625,583.4744262695312,137.67611694335938,800,1066,800,1066
IMG_4039.jpg,IMG_4041.jpg,245.9393310546875,922.9439697265625,535.1524658203125,156.37843322753906,800,1066,800,1066
IMG_4039.jpg,IMG_4041.jpg,246.62478637695312,930.9642333984375,526.1119995117188,176.6460418701172,800,1066,800,1066
IMG_4039.jpg,IMG_4041.jpg,248.13465881347656,300.55682373046875,577.7846069335938,250.0601348876953,800,1066,800,1066
IMG_4039.jpg,IMG_4041.jpg,249.00209045410156,467.8939208984375,440.6845703125,216.0042724609375,800,1066,800,1066
IMG_4039.jpg,IMG_4041.jpg,249.14820861816406,932.1758422851562,576.52001953125,305.082763671875,800,1066,800,1066
IMG_4039.jpg,IMG_4041.jpg,250.44154357910156,297.8838195800781,478.5508728027344,169.1644287109375,800,1066,800,1066
IMG_4039.jpg,IMG_4041.jpg,252.4182891845703,920.1517944335938,508.8120422363281,100.9113540649414,800,1066,800,1066
IMG_4039.jpg,IMG_4041.jpg,252.93655395507812,772.5027465820312,413.0897521972656,231.47711181640625,800,1066,800,1066
IMG_4039.jpg,IMG_4041.jpg,252.93655395507812,772.5027465820312,504.0318908691406,169.0489044189453,800,1066,800,1066
IMG_4039.jpg,IMG_4041.jpg,253.51332092285156,300.14263916015625,653.4994506835938,306.4243469238281,800,1066,800,1066
IMG_4039.jpg,IMG_4041.jpg,254.07591247558594,861.4660034179688,440.6845703125,216.0042724609375,800,1066,800,1066
IMG_4039.jpg,IMG_4041.jpg,254.1941680908203,465.96539306640625,576.4929809570312,175.00961303710938,800,1066,800,1066
IMG_4039.jpg,IMG_4041.jpg,255.01502990722656,1002.4357299804688,582.8535766601562,112.66380310058594,800,1066,800,1066
IMG_4039.jpg,IMG_4041.jpg,255.36412048339844,262.141845703125,401.8717956542969,66.15941619873047,800,1066,800,1066
IMG_4039.jpg,IMG_4041.jpg,255.39794921875,904.0621337890625,553.7797241210938,233.13775634765625,800,1066,800,1066
IMG_4039.jpg,IMG_4041.jpg,255.46240234375,926.0827026367188,452.6465148925781,149.770263671875,800,1066,800,1066
IMG_4039.jpg,IMG_4041.jpg,258.4548645019531,287.7288513183594,525.95556640625,168.4923858642578,800,1066,800,1066
IMG_4039.jpg,IMG_4041.jpg,258.8827819824219,931.4854125976562,522.3922729492188,146.84609985351562,800,1066,800,1066
IMG_4039.jpg,IMG_4041.jpg,258.968994140625,292.88861083984375,574.6905517578125,201.71197509765625,800,1066,800,1066
IMG_4039.jpg,IMG_4041.jpg,259.1021728515625,292.9201354980469,520.0999145507812,169.38282775878906,800,1066,800,1066
IMG_4039.jpg,IMG_4041.jpg,259.9190368652344,921.4144287109375,539.9066162109375,103.96815490722656,800,1066,800,1066
IMG_4039.jpg,IMG_4041.jpg,259.9190368652344,921.4144287109375,398.01275634765625,166.613037109375,800,1066,800,1066
IMG_4039.jpg,IMG_4041.jpg,260.0597229003906,938.9567260742188,606.9129028320312,212.6055450439453,800,1066,800,1066
IMG_4039.jpg,IMG_4041.jpg,260.2940673828125,527.3546752929688,474.7013854980469,98.4735336303711,800,1066,800,1066
IMG_4039.jpg,IMG_4041.jpg,260.4237976074219,949.0895385742188,575.0538330078125,253.87245178222656,800,1066,800,1066
IMG_4039.jpg,IMG_4041.jpg,260.50885009765625,896.10986328125,508.30792236328125,206.50062561035156,800,1066,800,1066
IMG_4039.jpg,IMG_4041.jpg,260.6942138671875,289.1441345214844,536.9559326171875,298.07293701171875,800,1066,800,1066
IMG_4039.jpg,IMG_4041.jpg,261.3567810058594,909.3101196289062,621.8111572265625,247.45462036132812,800,1066,800,1066
IMG_4039.jpg,IMG_4041.jpg,262.0994873046875,466.8424377441406,614.015625,246.13055419921875,800,1066,800,1066
IMG_4039.jpg,IMG_4041.jpg,264.0971374511719,530.8281860351562,542.4401245117188,189.93011474609375,800,1066,800,1066
IMG_4039.jpg,IMG_4041.jpg,264.3612976074219,911.9306030273438,577.7846069335938,250.0601348876953,800,1066,800,1066
IMG_4039.jpg,IMG_4041.jpg,264.53839111328125,953.32861328125,599.4341430664062,166.07577514648438,800,1066,800,1066
IMG_4039.jpg,IMG_4041.jpg,264.5479736328125,765.4907836914062,465.7879943847656,396.0740661621094,800,1066,800,1066
IMG_4039.jpg,IMG_4041.jpg,265.5774841308594,268.58929443359375,579.8551635742188,114.677490234375,800,1066,800,1066
IMG_4039.jpg,IMG_4041.jpg,265.5774841308594,268.58929443359375,443.9372253417969,70.49445343017578,800,1066,800,1066
IMG_4039.jpg,IMG_4041.jpg,265.8294982910156,268.8359680175781,579.8551635742188,114.677490234375,800,1066,800,1066
IMG_4039.jpg,IMG_4041.jpg,265.8294982910156,268.8359680175781,443.9372253417969,70.49445343017578,800,1066,800,1066
IMG_4039.jpg,IMG_4041.jpg,266.4736328125,898.530029296875,482.1710510253906,92.98188781738281,800,1066,800,1066
IMG_4039.jpg,IMG_4041.jpg,266.884521484375,462.3769226074219,528.8292846679688,155.63790893554688,800,1066,800,1066
IMG_4039.jpg,IMG_4041.jpg,266.9349365234375,883.476806640625,537.8892822265625,211.79734802246094,800,1066,800,1066
IMG_4039.jpg,IMG_4041.jpg,267.52813720703125,943.0040283203125,378.0318603515625,95.3570327758789,800,1066,800,1066
IMG_4039.jpg,IMG_4041.jpg,268.4389953613281,271.66729736328125,407.8699035644531,71.49565124511719,800,1066,800,1066
IMG_4039.jpg,IMG_4041.jpg,268.6338195800781,532.2391967773438,461.34722900390625,97.58486938476562,800,1066,800,1066
IMG_4039.jpg,IMG_4041.jpg,271.0855712890625,299.8359069824219,565.5713500976562,322.5132751464844,800,1066,800,1066
IMG_4039.jpg,IMG_4041.jpg,271.0975646972656,783.4682006835938,461.83160400390625,85.54029846191406,800,1066,800,1066
IMG_4039.jpg,IMG_4041.jpg,271.3318176269531,299.0501403808594,563.509521484375,321.48760986328125,800,1066,800,1066
IMG_4039.jpg,IMG_4041.jpg,271.3318176269531,299.0501403808594,565.5713500976562,322.5132751464844,800,1066,800,1066
IMG_4039.jpg,IMG_4041.jpg,271.42474365234375,544.80517578125,415.2844543457031,229.01397705078125,800,1066,800,1066
IMG_4039.jpg,IMG_4041.jpg,274.1136169433594,532.5744018554688,457.4572448730469,103.25348663330078,800,1066,800,1066
IMG_4039.jpg,IMG_4041.jpg,275.79315185546875,288.1231384277344,563.7562866210938,211.0349578857422,800,1066,800,1066
IMG_4039.jpg,IMG_4041.jpg,278.8484191894531,457.2100830078125,661.1756591796875,333.1299133300781,800,1066,800,1066
IMG_4039.jpg,IMG_4041.jpg,281.1428527832031,459.0479736328125,651.3152465820312,329.3022766113281,800,1066,800,1066
IMG_4039.jpg,IMG_4041.jpg,283.61602783203125,531.0692138671875,556.0203857421875,130.42764282226562,800,1066,800,1066
IMG_4039.jpg,IMG_4041.jpg,283.75518798828125,531.9800415039062,556.0203857421875,130.42764282226562,800,1066,800,1066
IMG_4039.jpg,IMG_4041.jpg,284.587646484375,549.0217895507812,552.6321411132812,275.3807678222656,800,1066,800,1066
IMG_4039.jpg,IMG_4041.jpg,284.6505432128906,961.0130615234375,502.1627502441406,175.9794921875,800,1066,800,1066
IMG_4039.jpg,IMG_4041.jpg,284.89288330078125,962.7136840820312,483.7019348144531,100.98877716064453,800,1066,800,1066
IMG_4039.jpg,IMG_4041.jpg,285.4404296875,533.9811401367188,612.9299926757812,160.21974182128906,800,1066,800,1066
IMG_4039.jpg,IMG_4041.jpg,285.6895446777344,456.4867248535156,601.458740234375,286.1623229980469,800,1066,800,1066
IMG_4039.jpg,IMG_4041.jpg,285.6895446777344,456.4867248535156,549.5209350585938,183.9918212890625,800,1066,800,1066
IMG_4039.jpg,IMG_4041.jpg,287.5744934082031,466.7807312011719,386.06146240234375,122.59207916259766,800,1066,800,1066
IMG_4039.jpg,IMG_4041.jpg,288.4102478027344,471.92333984375,442.610595703125,377.77197265625,800,1066,800,1066
IMG_4039.jpg,IMG_4041.jpg,289.1231994628906,252.07684326171875,412.4023742675781,65.73873901367188,800,1066,800,1066
IMG_4039.jpg,IMG_4041.jpg,290.5472106933594,776.6162109375,465.1001892089844,74.47615814208984,800,1066,800,1066
IMG_4039.jpg,IMG_4041.jpg,290.96966552734375,913.3613891601562,518.4962158203125,268.403564453125,800,1066,800,1066
IMG_4039.jpg,IMG_4041.jpg,291.8099060058594,531.6823120117188,595.664306640625,126.15614318847656,800,1066,800,1066
IMG_4039.jpg,IMG_4041.jpg,292.4615478515625,452.2066345214844,578.5015258789062,278.6097412109375,800,1066,800,1066
IMG_4039.jpg,IMG_4041.jpg,292.4615478515625,452.2066345214844,654.486572265625,271.0054016113281,800,1066,800,1066
IMG_4039.jpg,IMG_4041.jpg,292.6434326171875,289.4938659667969,588.928955078125,205.25584411621094,800,1066,800,1066
IMG_4039.jpg,IMG_4041.jpg,293.5880126953125,557.4893798828125,664.6739501953125,260.1520080566406,800,1066,800,1066
IMG_4039.jpg,IMG_4041.jpg,294.0130310058594,282.4082946777344,563.8339233398438,214.0702362060547,800,1066,800,1066
IMG_4039.jpg,IMG_4041.jpg,294.0951232910156,545.7669677734375,583.7816162109375,177.74668884277344,800,1066,800,1066
IMG_4039.jpg,IMG_4041.jpg,294.8833923339844,290.66998291015625,590.431640625,204.85194396972656,800,1066,800,1066
IMG_4039.jpg,IMG_4041.jpg,294.9303894042969,290.83099365234375,590.431640625,204.85194396972656,800,1066,800,1066
IMG_4039.jpg,IMG_4041.jpg,296.1639709472656,299.5103454589844,638.6396484375,317.3605041503906,800,1066,800,1066
IMG_4039.jpg,IMG_4041.jpg,296.3233642578125,515.4784545898438,675.78076171875,302.1525573730469,800,1066,800,1066
IMG_4039.jpg,IMG_4041.jpg,296.7269592285156,248.1777801513672,582.8535766601562,112.66380310058594,800,1066,800,1066
IMG_4039.jpg,IMG_4041.jpg,297.49884033203125,302.1506042480469,452.6465148925781,149.770263671875,800,1066,800,1066
IMG_4039.jpg,IMG_4041.jpg,297.59552001953125,249.95602416992188,551.9423217773438,99.06623840332031,800,1066,800,1066
IMG_4039.jpg,IMG_4041.jpg,297.7796630859375,520.8436889648438,407.3363037109375,154.10848999023438,800,1066,800,1066
IMG_4039.jpg,IMG_4041.jpg,297.80908203125,443.62591552734375,347.6069030761719,183.5831756591797,800,1066,800,1066
IMG_4039.jpg,IMG_4041.jpg,298.061767578125,931.9683837890625,587.8119506835938,120.02214813232422,800,1066,800,1066
IMG_4039.jpg,IMG_4041.jpg,298.061767578125,931.9683837890625,628.5162353515625,268.2108459472656,800,1066,800,1066
IMG_4039.jpg,IMG_4041.jpg,298.2193298339844,286.5349426269531,559.526611328125,178.9959259033203,800,1066,800,1066
IMG_4039.jpg,IMG_4041.jpg,298.37713623046875,931.0386962890625,490.6671142578125,165.19168090820312,800,1066,800,1066
IMG_4039.jpg,IMG_4041.jpg,298.88037109375,955.37939453125,563.509521484375,321.48760986328125,800,1066,800,1066
IMG_4039.jpg,IMG_4041.jpg,298.9003601074219,510.1946105957031,551.19140625,165.9713897705078,800,1066,800,1066
IMG_4039.jpg,IMG_4041.jpg,299.9703369140625,932.02392578125,486.77874755859375,164.6964874267578,800,1066,800,1066
IMG_4039.jpg,IMG_4041.jpg,301.2093200683594,269.04718017578125,591.0193481445312,303.7996520996094,800,1066,800,1066
IMG_4039.jpg,IMG_4041.jpg,301.3550109863281,243.7703857421875,666.8931274414062,245.76968383789062,800,1066,800,1066
IMG_4039.jpg,IMG_4041.jpg,301.4814758300781,291.4457702636719,429.0782775878906,106.22340393066406,800,1066,800,1066
IMG_4039.jpg,IMG_4041.jpg,301.8668518066406,950.6688842773438,531.0509033203125,121.9334487915039,800,1066,800,1066
IMG_4039.jpg,IMG_4041.jpg,301.9624328613281,289.2897644042969,633.3159790039062,298.1641845703125,800,1066,800,1066
IMG_4039.jpg,IMG_4041.jpg,301.9624328613281,289.2897644042969,633.3159790039062,298.1641845703125,800,1066,800,1066
IMG_4039.jpg,IMG_4041.jpg,302.48876953125,270.97467041015625,603.5840454101562,377.14764404296875,800,1066,800,1066
IMG_4039.jpg,IMG_4041.jpg,303.818115234375,244.75685119628906,655.8864135742188,222.06781005859375,800,1066,800,1066
IMG_4039.jpg,IMG_4041.jpg,303.8916931152344,537.7113037109375,489.7601623535156,82.52523040771484,800,1066,800,1066
IMG_4039.jpg,IMG_4041.jpg,303.98504638671875,242.79640197753906,666.9782104492188,247.57461547851562,800,1066,800,1066
IMG_4039.jpg,IMG_4041.jpg,304.80194091796875,521.4614868164062,347.6069030761719,183.5831756591797,800,1066,800,1066
IMG_4039.jpg,IMG_4041.jpg,305.28668212890625,463.80377197265625,533.1790161132812,198.21994018554688,800,1066,800,1066
IMG_4039.jpg,IMG_4041.jpg,305.387451171875,263.99346923828125,465.9997863769531,127.34451293945312,800,1066,800,1066
IMG_4039.jpg,IMG_4041.jpg,306.7954406738281,504.88641357421875,529.8758544921875,209.96099853515625,800,1066,800,1066
IMG_4039.jpg,IMG_4041.jpg,306.8197937011719,524.248779296875,556.6255493164062,203.46658325195312,800,1066,800,1066
IMG_4039.jpg,IMG_4041.jpg,307.15179443359375,240.4798583984375,579.8551635742188,114.677490234375,800,1066,800,1066
IMG_4039.jpg,IMG_4041.jpg,307.15179443359375,240.4798583984375,667.515380859375,250.72035217285156,800,1066,800,1066
IMG_4039.jpg,IMG_4041.jpg,307.21051025390625,900.1416625976562,415.09259033203125,192.27911376953125,800,1066,800,1066
IMG_4039.jpg,IMG_4041.jpg,307.334228515625,240.76983642578125,667.515380859375,250.72035217285156,800,1066,800,1066
IMG_4039.jpg,IMG_4041.jpg,307.6107482910156,453.856201171875,544.7171630859375,126.0621337890625,800,1066,800,1066
IMG_4039.jpg,IMG_4041.jpg,308.6225891113281,298.2818298339844,523.8306884765625,279.2705383300781,800,1066,800,1066
IMG_4039.jpg,IMG_4041.jpg,308.7849426269531,944.813232421875,643.3097534179688,186.05465698242188,800,1066,800,1066
IMG_4039.jpg,IMG_4041.jpg,311.0838317871094,943.313720703125,502.66839599609375,231.02967834472656,800,1066,800,1066
IMG_4039.jpg,IMG_4041.jpg,311.8507385253906,266.9573669433594,580.809326171875,194.35382080078125,800,1066,800,1066
IMG_4039.jpg,IMG_4041.jpg,311.9798889160156,241.3802490234375,579.8551635742188,114.677490234375,800,1066,800,1066
IMG_4039.jpg,IMG_4041.jpg,312.5741882324219,532.6904907226562,469.1181640625,95.0908203125,800,1066,800,1066
IMG_4039.jpg,IMG_4041.jpg,313.8480529785156,560.3841552734375,509.4974060058594,157.62109375,800,1066,800,1066
IMG_4039.jpg,IMG_4041.jpg,313.92303466796875,240.55763244628906,521.504150390625,96.1039810180664,800,1066,800,1066
IMG_4039.jpg,IMG_4041.jpg,314.1326599121094,237.90171813964844,590.4314575195312,332.99365234375,800,1066,800,1066
IMG_4039.jpg,IMG_4041.jpg,314.7070617675781,459.5221252441406,584.1475830078125,184.94268798828125,800,1066,800,1066
IMG_4039.jpg,IMG_4041.jpg,314.90545654296875,918.9465942382812,505.5667724609375,138.02915954589844,800,1066,800,1066
IMG_4039.jpg,IMG_4041.jpg,315.3374938964844,489.0669250488281,603.024169921875,166.2900848388672,800,1066,800,1066
IMG_4039.jpg,IMG_4041.jpg,315.6878662109375,245.95315551757812,653.96826171875,232.43211364746094,800,1066,800,1066
IMG_4039.jpg,IMG_4041.jpg,315.8553161621094,233.63253784179688,579.8551635742188,114.677490234375,800,1066,800,1066
IMG_4039.jpg,IMG_4041.jpg,315.8553161621094,233.63253784179688,443.9372253417969,70.49445343017578,800,1066,800,1066
IMG_4039.jpg,IMG_4041.jpg,315.9508056640625,233.3118438720703,443.9372253417969,70.49445343017578,800,1066,800,1066
IMG_4039.jpg,IMG_4041.jpg,315.9547424316406,557.5781860351562,504.0318908691406,169.0489044189453,800,1066,800,1066
IMG_4039.jpg,IMG_4041.jpg,316.8100891113281,239.94525146484375,443.9372253417969,70.49445343017578,800,1066,800,1066
IMG_4039.jpg,IMG_4041.jpg,316.9068298339844,941.4861450195312,409.9747009277344,174.76849365234375,800,1066,800,1066
IMG_4039.jpg,IMG_4041.jpg,320.6351013183594,464.93487548828125,431.659423828125,377.113037109375,800,1066,800,1066
IMG_4039.jpg,IMG_4041.jpg,320.68707275390625,727.5878295898438,536.7684326171875,124.59310150146484,800,1066,800,1066
IMG_4039.jpg,IMG_4041.jpg,321.0780334472656,239.97364807128906,583.4744262695312,137.67611694335938,800,1066,800,1066
IMG_4039.jpg,IMG_4041.jpg,322.19683837890625,234.36666870117188,509.4974060058594,157.62109375,800,1066,800,1066
IMG_4039.jpg,IMG_4041.jpg,322.5653991699219,229.93699645996094,472.10809326171875,72.32560729980469,800,1066,800,1066
IMG_4039.jpg,IMG_4041.jpg,322.8699645996094,955.0226440429688,546.9199829101562,241.9672088623047,800,1066,800,1066
IMG_4039.jpg,IMG_4041.jpg,323.147705078125,322.12591552734375,571.6158447265625,281.00799560546875,800,1066,800,1066
IMG_4039.jpg,IMG_4041.jpg,323.8889465332031,760.3831176757812,465.7879943847656,396.0740661621094,800,1066,800,1066
IMG_4039.jpg,IMG_4041.jpg,324.35675048828125,771.9677124023438,528.4388427734375,129.04611206054688,800,1066,800,1066
IMG_4039.jpg,IMG_4041.jpg,324.59326171875,956.404296875,502.66839599609375,231.02967834472656,800,1066,800,1066
IMG_4039.jpg,IMG_4041.jpg,324.72479248046875,674.4561767578125,497.5064392089844,143.85403442382812,800,1066,800,1066
IMG_4039.jpg,IMG_4041.jpg,326.1988830566406,950.5159912109375,497.5064392089844,143.85403442382812,800,1066,800,1066
IMG_4039.jpg,IMG_4041.jpg,326.564453125,236.1458282470703,649.583251953125,221.0596923828125,800,1066,800,1066
IMG_4039.jpg,IMG_4041.jpg,327.541259765625,454.8227844238281,615.2672119140625,242.57791137695312,800,1066,800,1066
IMG_4039.jpg,IMG_4041.jpg,327.9220275878906,456.3828125,584.945068359375,369.6665344238281,800,1066,800,1066
IMG_4039.jpg,IMG_4041.jpg,328.27667236328125,755.9763793945312,430.943603515625,374.7333984375,800,1066,800,1066
IMG_4039.jpg,IMG_4041.jpg,328.27667236328125,755.9763793945312,349.64703369140625,221.44715881347656,800,1066,800,1066
IMG_4039.jpg,IMG_4041.jpg,328.5464172363281,758.4132690429688,584.4459228515625,369.508056640625,800,1066,800,1066
IMG_4039.jpg,IMG_4041.jpg,329.77044677734375,319.1395568847656,347.9670715332031,173.7550506591797,800,1066,800,1066
IMG_4039.jpg,IMG_4041.jpg,329.8090515136719,532.095458984375,491.4725036621094,139.89996337890625,800,1066,800,1066
IMG_4039.jpg,IMG_4041.jpg,330.9244689941406,234.5689697265625,450.27960205078125,77.3399887084961,800,1066,800,1066
IMG_4039.jpg,IMG_4041.jpg,331.7622985839844,326.68023681640625,519.3809204101562,178.48446655273438,800,1066,800,1066
IMG_4039.jpg,IMG_4041.jpg,332.7452697753906,232.6215057373047,534.9215698242188,123.17991638183594,800,1066,800,1066
IMG_4039.jpg,IMG_4041.jpg,333.11181640625,223.75650024414062,512.1915283203125,81.33538055419922,800,1066,800,1066
IMG_4039.jpg,IMG_4041.jpg,333.1940612792969,952.4749755859375,527.3372192382812,283.0074157714844,800,1066,800,1066
IMG_4039.jpg,IMG_4041.jpg,333.96331787109375,877.9033813476562,347.9670715332031,173.7550506591797,800,1066,800,1066
IMG_4039.jpg,IMG_4041.jpg,336.3102722167969,943.501953125,365.4472961425781,118.94637298583984,800,1066,800,1066
IMG_4039.jpg,IMG_4041.jpg,336.3102722167969,943.501953125,547.9254760742188,127.41845703125,800,1066,800,1066
IMG_4039.jpg,IMG_4041.jpg,336.6094970703125,264.2176208496094,431.5299987792969,117.69585418701172,800,1066,800,1066
IMG_4039.jpg,IMG_4041.jpg,338.0361328125,222.88168334960938,579.8551635742188,114.677490234375,800,1066,800,1066
IMG_4039.jpg,IMG_4041.jpg,338.0361328125,222.88168334960938,667.515380859375,250.72035217285156,800,1066,800,1066
IMG_4039.jpg,IMG_4041.jpg,338.8675537109375,265.4211730957031,569.56005859375,211.26661682128906,800,1066,800,1066
IMG_4039.jpg,IMG_4041.jpg,340.9595642089844,317.62371826171875,370.5017395019531,213.4092559814453,800,1066,800,1066
IMG_4039.jpg,IMG_4041.jpg,341.0244445800781,317.47039794921875,370.5017395019531,213.4092559814453,800,1066,800,1066
IMG_4039.jpg,IMG_4041.jpg,341.4613037109375,222.67811584472656,476.4490051269531,166.53701782226562,800,1066,800,1066
IMG_4039.jpg,IMG_4041.jpg,341.6973571777344,450.72283935546875,431.05792236328125,99.01473999023438,800,1066,800,1066
IMG_4039.jpg,IMG_4041.jpg,341.9808349609375,245.73789978027344,484.77642822265625,153.87889099121094,800,1066,800,1066
IMG_4039.jpg,IMG_4041.jpg,342.0406188964844,876.7325439453125,361.00323486328125,224.72695922851562,800,1066,800,1066
IMG_4039.jpg,IMG_4041.jpg,342.6196594238281,261.34161376953125,603.5840454101562,377.14764404296875,800,1066,800,1066
IMG_4039.jpg,IMG_4041.jpg,342.6243896484375,529.1140747070312,482.5674133300781,128.36550903320312,800,1066,800,1066
IMG_4039.jpg,IMG_4041.jpg,343.6733703613281,313.2149963378906,569.2027587890625,170.1444091796875,800,1066,800,1066
IMG_4039.jpg,IMG_4041.jpg,344.06146240234375,754.763671875,599.451416015625,284.0132141113281,800,1066,800,1066
IMG_4039.jpg,IMG_4041.jpg,345.82537841796875,484.3518981933594,424.97369384765625,145.21258544921875,800,1066,800,1066
IMG_4039.jpg,IMG_4041.jpg,345.92974853515625,242.13160705566406,429.4182434082031,88.48027038574219,800,1066,800,1066
IMG_4039.jpg,IMG_4041.jpg,346.9679870605469,982.344970703125,380.5127868652344,95.19915008544922,800,1066,800,1066
IMG_4039.jpg,IMG_4041.jpg,347.48297119140625,747.5338745117188,416.86767578125,157.00741577148438,800,1066,800,1066
IMG_4039.jpg,IMG_4041.jpg,348.0414123535156,241.29049682617188,512.2567138671875,119.60041809082031,800,1066,800,1066
IMG_4039.jpg,IMG_4041.jpg,349.3924255371094,221.53369140625,662.5487670898438,245.9626007080078,800,1066,800,1066
IMG_4039.jpg,IMG_4041.jpg,349.61181640625,302.4669189453125,542.8734130859375,250.54127502441406,800,1066,800,1066
IMG_4039.jpg,IMG_4041.jpg,349.62518310546875,218.5320587158203,673.6572875976562,281.14080810546875,800,1066,800,1066
IMG_4039.jpg,IMG_4041.jpg,350.3037414550781,240.30970764160156,570.8406372070312,117.15497589111328,800,1066,800,1066
IMG_4039.jpg,IMG_4041.jpg,351.59820556640625,754.2642822265625,647.3474731445312,246.91600036621094,800,1066,800,1066
IMG_4039.jpg,IMG_4041.jpg,351.70794677734375,300.5719909667969,580.809326171875,194.35382080078125,800,1066,800,1066
IMG_4039.jpg,IMG_4041.jpg,352.166015625,302.8066711425781,583.26806640625,191.0654754638672,800,1066,800,1066
IMG_4039.jpg,IMG_4041.jpg,352.6243591308594,621.1199951171875,461.3462829589844,369.823486328125,800,1066,800,1066
IMG_4039.jpg,IMG_4041.jpg,352.6243591308594,621.1199951171875,461.3462829589844,369.823486328125,800,1066,800,1066
IMG_4039.jpg,IMG_4041.jpg,353.1435546875,744.6039428710938,494.9826965332031,158.4375762939453,800,1066,800,1066
IMG_4039.jpg,IMG_4041.jpg,353.43975830078125,299.54132080078125,569.5072021484375,286.85198974609375,800,1066,800,1066
IMG_4039.jpg,IMG_4041.jpg,353.6497497558594,246.93472290039062,434.2125549316406,88.44841766357422,800,1066,800,1066
IMG_4039.jpg,IMG_4041.jpg,355.001220703125,219.98521423339844,665.4017333984375,263.7782897949219,800,1066,800,1066
IMG_4039.jpg,IMG_4041.jpg,355.001220703125,219.98521423339844,659.8748779296875,241.53114318847656,800,1066,800,1066
IMG_4039.jpg,IMG_4041.jpg,356.68878173828125,293.9959716796875,523.8306884765625,279.2705383300781,800,1066,800,1066
IMG_4039.jpg,IMG_4041.jpg,356.81927490234375,555.9304809570312,481.4330139160156,111.04950714111328,800,1066,800,1066
IMG_4039.jpg,IMG_4041.jpg,357.49041748046875,414.54498291015625,461.3462829589844,369.823486328125,800,1066,800,1066
IMG_4039.jpg,IMG_4041.jpg,357.5032043457031,350.67657470703125,424.51666259765625,127.4428939819336,800,1066,800,1066
IMG_4039.jpg,IMG_4041.jpg,357.5546569824219,948.5347290039062,507.9203796386719,173.66493225097656,800,1066,800,1066
IMG_4039.jpg,IMG_4041.jpg,357.55987548828125,228.6282958984375,481.4330139160156,111.04950714111328,800,1066,800,1066
IMG_4039.jpg,IMG_4041.jpg,357.95751953125,350.6327209472656,462.5279541015625,95.77389526367188,800,1066,800,1066
IMG_4039.jpg,IMG_4041.jpg,357.9966735839844,797.36376953125,418.9775695800781,130.01670837402344,800,1066,800,1066
IMG_4039.jpg,IMG_4041.jpg,358.7016296386719,212.0869903564453,655.88916015625,217.56396484375,800,1066,800,1066
IMG_4039.jpg,IMG_4041.jpg,359.1490783691406,218.42987060546875,662.5487670898438,245.9626007080078,800,1066,800,1066
IMG_4039.jpg,IMG_4041.jpg,359.77313232421875,214.0652618408203,449.41583251953125,67.86929321289062,800,1066,800,1066
IMG_4039.jpg,IMG_4041.jpg,359.77313232421875,214.0652618408203,527.334716796875,280.0440673828125,800,1066,800,1066
IMG_4039.jpg,IMG_4041.jpg,360.3180847167969,241.81729125976562,519.4943237304688,104.85307312011719,800,1066,800,1066
IMG_4039.jpg,IMG_4041.jpg,360.3180847167969,241.81729125976562,543.0504760742188,116.61662292480469,800,1066,800,1066
IMG_4039.jpg,IMG_4041.jpg,360.40460205078125,241.90560913085938,506.30059814453125,148.8102569580078,800,1066,800,1066
IMG_4039.jpg,IMG_4041.jpg,361.045166015625,984.0244140625,429.54205322265625,93.72489929199219,800,1066,800,1066
IMG_4039.jpg,IMG_4041.jpg,361.2452392578125,803.6856689453125,605.0552978515625,202.66537475585938,800,1066,800,1066
IMG_4039.jpg,IMG_4041.jpg,361.2452392578125,803.6856689453125,370.5017395019531,213.4092559814453,800,1066,800,1066
IMG_4039.jpg,IMG_4041.jpg,361.7653503417969,955.7197875976562,518.023193359375,216.93902587890625,800,1066,800,1066
IMG_4039.jpg,IMG_4041.jpg,362.0550231933594,232.14035034179688,460.4803161621094,94.23334503173828,800,1066,800,1066
IMG_4039.jpg,IMG_4041.jpg,362.5866394042969,214.6477508544922,398.4499816894531,68.87155151367188,800,1066,800,1066
IMG_4039.jpg,IMG_4041.jpg,362.67877197265625,344.6002502441406,440.6845703125,216.0042724609375,800,1066,800,1066
IMG_4039.jpg,IMG_4041.jpg,362.75244140625,344.2352294921875,645.9510498046875,222.39993286132812,800,1066,800,1066
IMG_4039.jpg,IMG_4041.jpg,363.0306091308594,217.83815002441406,669.55859375,302.96051025390625,800,1066,800,1066
IMG_4039.jpg,IMG_4041.jpg,363.4022216796875,944.1935424804688,409.9109802246094,174.2975311279297,800,1066,800,1066
IMG_4039.jpg,IMG_4041.jpg,364.4639587402344,326.32965087890625,644.4611206054688,276.16339111328125,800,1066,800,1066
IMG_4039.jpg,IMG_4041.jpg,364.6053771972656,236.56735229492188,504.7156677246094,147.12200927734375,800,1066,800,1066
IMG_4039.jpg,IMG_4041.jpg,364.888916015625,997.3280639648438,651.3152465820312,329.3022766113281,800,1066,800,1066
IMG_4039.jpg,IMG_4041.jpg,366.0128479003906,958.3543701171875,550.888427734375,182.48370361328125,800,1066,800,1066
IMG_4039.jpg,IMG_4041.jpg,366.40020751953125,212.50912475585938,646.0548095703125,204.0320587158203,800,1066,800,1066
IMG_4039.jpg,IMG_4041.jpg,366.5542907714844,248.96286010742188,612.4965209960938,242.09864807128906,800,1066,800,1066
IMG_4039.jpg,IMG_4041.jpg,366.9808654785156,254.6412811279297,409.93035888671875,117.40553283691406,800,1066,800,1066
IMG_4039.jpg,IMG_4041.jpg,367.0450134277344,715.8383178710938,438.3225402832031,363.54473876953125,800,1066,800,1066
IMG_4039.jpg,IMG_4041.jpg,367.27734375,335.55126953125,441.2781677246094,213.67495727539062,800,1066,800,1066
IMG_4039.jpg,IMG_4041.jpg,367.537109375,715.8282470703125,438.3225402832031,363.54473876953125,800,1066,800,1066
IMG_4039.jpg,IMG_4041.jpg,367.8179016113281,236.14678955078125,516.7029418945312,146.1654052734375,800,1066,800,1066
IMG_4039.jpg,IMG_4041.jpg,368.0939636230469,920.3810424804688,493.3304748535156,97.64170837402344,800,1066,800,1066
IMG_4039.jpg,IMG_4041.jpg,368.1941223144531,956.9157104492188,605.3991088867188,394.517822265625,800,1066,800,1066
IMG_4039.jpg,IMG_4041.jpg,369.4522399902344,954.50390625,550.672119140625,182.4798126220703,800,1066,800,1066
IMG_4039.jpg,IMG_4041.jpg,371.2629089355469,277.9012145996094,463.479248046875,132.58212280273438,800,1066,800,1066
IMG_4039.jpg,IMG_4041.jpg,371.5408935546875,328.2919006347656,441.2781677246094,213.67495727539062,800,1066,800,1066
IMG_4039.jpg,IMG_4041.jpg,372.635986328125,352.304931640625,590.0027465820312,281.55645751953125,800,1066,800,1066
IMG_4039.jpg,IMG_4041.jpg,372.87835693359375,993.7225952148438,607.2826538085938,298.63671875,800,1066,800,1066
IMG_4039.jpg,IMG_4041.jpg,372.87835693359375,993.7225952148438,607.2826538085938,298.63671875,800,1066,800,1066
IMG_4039.jpg,IMG_4041.jpg,372.9023132324219,993.436279296875,594.3052368164062,229.49232482910156,800,1066,800,1066
IMG_4039.jpg,IMG_4041.jpg,373.0123596191406,883.1279907226562,442.610595703125,377.77197265625,800,1066,800,1066
IMG_4039.jpg,IMG_4041.jpg,373.22003173828125,233.19261169433594,551.0225830078125,148.3618621826172,800,1066,800,1066
IMG_4039.jpg,IMG_4041.jpg,373.52313232421875,335.4591064453125,415.2844543457031,229.01397705078125,800,1066,800,1066
IMG_4039.jpg,IMG_4041.jpg,373.61541748046875,223.99302673339844,469.7648620605469,97.62571716308594,800,1066,800,1066
IMG_4039.jpg,IMG_4041.jpg,375.32794189453125,276.1536865234375,520.443359375,138.53175354003906,800,1066,800,1066
IMG_4039.jpg,IMG_4041.jpg,375.74920654296875,210.1641845703125,573.404541015625,121.0586166381836,800,1066,800,1066
IMG_4039.jpg,IMG_4041.jpg,376.0662536621094,350.1935729980469,644.4611206054688,276.16339111328125,800,1066,800,1066
IMG_4039.jpg,IMG_4041.jpg,376.74835205078125,243.25563049316406,649.119873046875,244.8343963623047,800,1066,800,1066
IMG_4039.jpg,IMG_4041.jpg,377.3396301269531,327.73712158203125,508.4295654296875,171.56671142578125,800,1066,800,1066
IMG_4039.jpg,IMG_4041.jpg,378.03912353515625,323.027099609375,524.1035766601562,191.97885131835938,800,1066,800,1066
IMG_4039.jpg,IMG_4041.jpg,378.6484375,204.76626586914062,449.41583251953125,67.86929321289062,800,1066,800,1066
IMG_4039.jpg,IMG_4041.jpg,378.833740234375,806.398681640625,573.5068969726562,214.94664001464844,800,1066,800,1066
IMG_4039.jpg,IMG_4041.jpg,378.8673400878906,927.6847534179688,620.6346435546875,210.2968292236328,800,1066,800,1066
IMG_4039.jpg,IMG_4041.jpg,379.8677062988281,262.2679748535156,577.0578002929688,275.2783508300781,800,1066,800,1066
IMG_4039.jpg,IMG_4041.jpg,379.964599609375,336.303955078125,524.1035766601562,191.97885131835938,800,1066,800,1066
IMG_4039.jpg,IMG_4041.jpg,379.99468994140625,249.1140899658203,431.1468811035156,120.64323425292969,800,1066,800,1066
IMG_4039.jpg,IMG_4041.jpg,380.98101806640625,258.1919860839844,346.5459899902344,183.25912475585938,800,1066,800,1066
IMG_4039.jpg,IMG_4041.jpg,381.6102294921875,248.1570587158203,593.1598510742188,194.59913635253906,800,1066,800,1066
IMG_4039.jpg,IMG_4041.jpg,382.05670166015625,980.0940551757812,459.26690673828125,385.4834289550781,800,1066,800,1066
IMG_4039.jpg,IMG_4041.jpg,382.12213134765625,912.32958984375,481.4330139160156,111.04950714111328,800,1066,800,1066
IMG_4039.jpg,IMG_4041.jpg,382.67584228515625,342.75994873046875,590.14501953125,181.70855712890625,800,1066,800,1066
IMG_4039.jpg,IMG_4041.jpg,382.8961486816406,239.4464111328125,647.9535522460938,343.3244934082031,800,1066,800,1066
IMG_4039.jpg,IMG_4041.jpg,383.30963134765625,1058.2099609375,628.5162353515625,268.2108459472656,800,1066,800,1066
IMG_4039.jpg,IMG_4041.jpg,383.30963134765625,1058.2099609375,628.5162353515625,268.2108459472656,800,1066,800,1066
IMG_4039.jpg,IMG_4041.jpg,383.3788146972656,314.4411926269531,366.6351623535156,133.06423950195312,800,1066,800,1066
IMG_4039.jpg,IMG_4041.jpg,383.5127258300781,970.9053344726562,535.1975708007812,236.60476684570312,800,1066,800,1066
IMG_4039.jpg,IMG_4041.jpg,383.6739501953125,232.5898895263672,472.2216491699219,108.192626953125,800,1066,800,1066
IMG_4039.jpg,IMG_4041.jpg,383.928955078125,232.78280639648438,550.672119140625,182.4798126220703,800,1066,800,1066
IMG_4039.jpg,IMG_4041.jpg,384.12591552734375,273.55499267578125,524.4885864257812,158.56349182128906,800,1066,800,1066
IMG_4039.jpg,IMG_4041.jpg,384.31201171875,229.10479736328125,541.1006469726562,137.9450225830078,800,1066,800,1066
IMG_4039.jpg,IMG_4041.jpg,384.9416198730469,214.86248779296875,533.2109985351562,139.25216674804688,800,1066,800,1066
IMG_4039.jpg,IMG_4041.jpg,385.17120361328125,268.6986389160156,485.43707275390625,182.6923828125,800,1066,800,1066
IMG_4039.jpg,IMG_4041.jpg,385.98345947265625,636.5667114257812,475.2109069824219,174.10154724121094,800,1066,800,1066
IMG_4039.jpg,IMG_4041.jpg,387.0632629394531,239.94454956054688,619.6494750976562,258.41357421875,800,1066,800,1066
IMG_4039.jpg,IMG_4041.jpg,387.2239990234375,967.9932861328125,366.4299621582031,174.89500427246094,800,1066,800,1066
IMG_4039.jpg,IMG_4041.jpg,387.91259765625,771.3916625976562,502.9293212890625,97.21495056152344,800,1066,800,1066
IMG_4039.jpg,IMG_4041.jpg,388.54949951171875,1057.442626953125,580.1378173828125,193.27821350097656,800,1066,800,1066
IMG_4039.jpg,IMG_4041.jpg,388.6142578125,203.11563110351562,407.8699035644531,71.49565124511719,800,1066,800,1066
IMG_4039.jpg,IMG_4041.jpg,389.4864501953125,958.7617797851562,407.3978271484375,115.3019790649414,800,1066,800,1066
IMG_4039.jpg,IMG_4041.jpg,389.4864501953125,958.7617797851562,400.31219482421875,115.07240295410156,800,1066,800,1066
IMG_4039.jpg,IMG_4041.jpg,390.4622802734375,242.1294403076172,557.9852905273438,233.6237335205078,800,1066,800,1066
IMG_4039.jpg,IMG_4041.jpg,391.13690185546875,262.700927734375,546.5816650390625,230.10455322265625,800,1066,800,1066
IMG_4039.jpg,IMG_4041.jpg,391.3347473144531,979.0535278320312,485.4141845703125,102.89071655273438,800,1066,800,1066
IMG_4039.jpg,IMG_4041.jpg,392.1240234375,953.944091796875,538.0368041992188,186.53721618652344,800,1066,800,1066
IMG_4039.jpg,IMG_4041.jpg,392.1240234375,953.944091796875,417.8812561035156,237.1271514892578,800,1066,800,1066
IMG_4039.jpg,IMG_4041.jpg,392.1256408691406,953.9585571289062,417.8812561035156,237.1271514892578,800,1066,800,1066
IMG_4039.jpg,IMG_4041.jpg,392.353271484375,274.4484558105469,584.4459228515625,369.508056640625,800,1066,800,1066
IMG_4039.jpg,IMG_4041.jpg,392.6361083984375,235.99835205078125,437.3755187988281,158.2046356201172,800,1066,800,1066
IMG_4039.jpg,IMG_4041.jpg,394.4138488769531,956.4066772460938,597.1739501953125,254.43927001953125,800,1066,800,1066
IMG_4039.jpg,IMG_4041.jpg,394.5231628417969,960.9329833984375,546.9199829101562,241.9672088623047,800,1066,800,1066
IMG_4039.jpg,IMG_4041.jpg,395.6426086425781,981.4906005859375,601.5455932617188,297.7122802734375,800,1066,800,1066
IMG_4039.jpg,IMG_4041.jpg,395.9181213378906,952.956298828125,586.5999145507812,242.05857849121094,800,1066,800,1066
IMG_4039.jpg,IMG_4041.jpg,396.2696838378906,986.4583740234375,580.3992309570312,127.39076232910156,800,1066,800,1066
IMG_4039.jpg,IMG_4041.jpg,396.39581298828125,275.450439453125,627.460693359375,209.52200317382812,800,1066,800,1066
IMG_4039.jpg,IMG_4041.jpg,396.4463195800781,349.8962097167969,595.664306640625,126.15614318847656,800,1066,800,1066
IMG_4039.jpg,IMG_4041.jpg,397.47747802734375,200.74578857421875,464.1875305175781,76.87957000732422,800,1066,800,1066
IMG_4039.jpg,IMG_4041.jpg,397.6003112792969,201.02882385253906,462.7302551269531,83.47533416748047,800,1066,800,1066
IMG_4039.jpg,IMG_4041.jpg,398.79345703125,270.10760498046875,554.0796508789062,203.8831787109375,800,1066,800,1066
IMG_4039.jpg,IMG_4041.jpg,399.40673828125,1012.9246215820312,569.6043090820312,218.55149841308594,800,1066,800,1066
IMG_4039.jpg,IMG_4041.jpg,399.5843200683594,262.6429138183594,533.0123291015625,158.854248046875,800,1066,800,1066
IMG_4039.jpg,IMG_4041.jpg,399.7511901855469,262.7560119628906,533.0123291015625,158.854248046875,800,1066,800,1066
IMG_4039.jpg,IMG_4041.jpg,400.05712890625,1011.1240234375,645.7498168945312,312.4219055175781,800,1066,800,1066
IMG_4039.jpg,IMG_4041.jpg,400.0628356933594,260.83050537109375,599.451416015625,284.0132141113281,800,1066,800,1066
IMG_4039.jpg,IMG_4041.jpg,400.3701477050781,205.78323364257812,355.4340515136719,166.29356384277344,800,1066,800,1066
IMG_4039.jpg,IMG_4041.jpg,400.5249938964844,914.2037353515625,549.5209350585938,183.9918212890625,800,1066,800,1066
IMG_4039.jpg,IMG_4041.jpg,400.9754333496094,1002.2771606445312,366.4299621582031,174.89500427246094,800,1066,800,1066
IMG_4039.jpg,IMG_4041.jpg,401.7736511230469,286.8038330078125,434.2125549316406,88.44841766357422,800,1066,800,1066
IMG_4039.jpg,IMG_4041.jpg,403.8620300292969,273.3589172363281,395.14178466796875,123.98462677001953,800,1066,800,1066
IMG_4039.jpg,IMG_4041.jpg,403.9967346191406,289.9034118652344,438.3225402832031,363.54473876953125,800,1066,800,1066
IMG_4039.jpg,IMG_4041.jpg,404.5593566894531,256.23193359375,577.4735107421875,168.3572998046875,800,1066,800,1066
IMG_4039.jpg,IMG_4041.jpg,404.9781494140625,259.10845947265625,429.4182434082031,88.48027038574219,800,1066,800,1066
IMG_4039.jpg,IMG_4041.jpg,405.00347900390625,237.5060272216797,456.3602600097656,134.0201416015625,800,1066,800,1066
IMG_4039.jpg,IMG_4041.jpg,406.0374450683594,221.89694213867188,541.386474609375,208.20150756835938,800,1066,800,1066
IMG_4039.jpg,IMG_4041.jpg,406.4977722167969,988.5228271484375,523.6765747070312,87.99940490722656,800,1066,800,1066
IMG_4039.jpg,IMG_4041.jpg,407.1722717285156,290.4224548339844,424.97369384765625,145.21258544921875,800,1066,800,1066
IMG_4039.jpg,IMG_4041.jpg,407.3895568847656,281.322265625,386.06146240234375,122.59207916259766,800,1066,800,1066
IMG_4039.jpg,IMG_4041.jpg,407.502197265625,255.08865356445312,601.458740234375,286.1623229980469,800,1066,800,1066
IMG_4039.jpg,IMG_4041.jpg,408.26580810546875,318.0286865234375,629.7530517578125,290.070068359375,800,1066,800,1066
IMG_4039.jpg,IMG_4041.jpg,408.3931884765625,197.1095733642578,560.6907348632812,113.14666748046875,800,1066,800,1066
IMG_4039.jpg,IMG_4041.jpg,409.0867004394531,269.4035949707031,607.5291137695312,303.0311279296875,800,1066,800,1066
IMG_4039.jpg,IMG_4041.jpg,409.5881652832031,290.53509521484375,582.2218627929688,341.0726013183594,800,1066,800,1066
IMG_4039.jpg,IMG_4041.jpg,409.657958984375,241.89907836914062,437.0640869140625,104.89887237548828,800,1066,800,1066
IMG_4039.jpg,IMG_4041.jpg,409.7821350097656,955.97607421875,549.5209350585938,183.9918212890625,800,1066,800,1066
IMG_4039.jpg,IMG_4041.jpg,410.29669189453125,971.3231201171875,496.36077880859375,141.97911071777344,800,1066,800,1066
IMG_4039.jpg,IMG_4041.jpg,411.1426696777344,281.1562194824219,396.0344543457031,102.2420654296875,800,1066,800,1066
IMG_4039.jpg,IMG_4041.jpg,412.060546875,289.05145263671875,542.3714599609375,164.37864685058594,800,1066,800,1066
IMG_4039.jpg,IMG_4041.jpg,413.5412902832031,967.08935546875,529.2142333984375,160.79823303222656,800,1066,800,1066
IMG_4039.jpg,IMG_4041.jpg,413.63641357421875,973.5939331054688,532.1009521484375,114.96504211425781,800,1066,800,1066
IMG_4039.jpg,IMG_4041.jpg,414.1817321777344,1051.96875,500.51416015625,201.9085235595703,800,1066,800,1066
IMG_4039.jpg,IMG_4041.jpg,414.8223571777344,208.45639038085938,490.28692626953125,127.01460266113281,800,1066,800,1066
IMG_4039.jpg,IMG_4041.jpg,414.8707275390625,297.90704345703125,527.4913940429688,258.3788757324219,800,1066,800,1066
IMG_4039.jpg,IMG_4041.jpg,414.9014587402344,966.94921875,529.2142333984375,160.79823303222656,800,1066,800,1066
IMG_4039.jpg,IMG_4041.jpg,415.2504577636719,274.43914794921875,529.38134765625,126.5765380859375,800,1066,800,1066
IMG_4039.jpg,IMG_4041.jpg,415.5382385253906,968.503173828125,457.0863952636719,154.53012084960938,800,1066,800,1066
IMG_4039.jpg,IMG_4041.jpg,416.0132751464844,262.05950927734375,605.7720336914062,375.1121520996094,800,1066,800,1066
IMG_4039.jpg,IMG_4041.jpg,416.02691650390625,262.1029052734375,605.7720336914062,375.1121520996094,800,1066,800,1066
IMG_4039.jpg,IMG_4041.jpg,416.3177490234375,234.94309997558594,539.7628173828125,207.66920471191406,800,1066,800,1066
IMG_4039.jpg,IMG_4041.jpg,416.53472900390625,968.2281494140625,607.0245361328125,174.8502960205078,800,1066,800,1066
IMG_4039.jpg,IMG_4041.jpg,416.6262512207031,970.5401611328125,483.870849609375,182.14846801757812,800,1066,800,1066
IMG_4039.jpg,IMG_4041.jpg,416.8059387207031,209.6054229736328,494.2116394042969,119.07109069824219,800,1066,800,1066
IMG_4039.jpg,IMG_4041.jpg,417.55584716796875,960.9622802734375,477.21185302734375,93.03146362304688,800,1066,800,1066
IMG_4039.jpg,IMG_4041.jpg,418.1224670410156,196.11514282226562,646.0548095703125,204.0320587158203,800,1066,800,1066
IMG_4039.jpg,IMG_4041.jpg,418.8328857421875,246.20651245117188,550.672119140625,182.4798126220703,800,1066,800,1066
IMG_4039.jpg,IMG_4041.jpg,419.9002990722656,977.8950805664062,533.9292602539062,105.98638916015625,800,1066,800,1066
IMG_4039.jpg,IMG_4041.jpg,421.03778076171875,253.56687927246094,601.43603515625,284.6359558105469,800,1066,800,1066
IMG_4039.jpg,IMG_4041.jpg,421.03778076171875,253.56687927246094,421.2140808105469,126.45437622070312,800,1066,800,1066
IMG_4039.jpg,IMG_4041.jpg,422.2068786621094,260.5462341308594,603.24365234375,231.166015625,800,1066,800,1066
IMG_4039.jpg,IMG_4041.jpg,422.3901672363281,197.9829559326172,653.96826171875,232.43211364746094,800,1066,800,1066
IMG_4039.jpg,IMG_4041.jpg,422.46624755859375,975.846923828125,564.5518798828125,309.90655517578125,800,1066,800,1066
IMG_4039.jpg,IMG_4041.jpg,422.9542236328125,254.64581298828125,568.6715087890625,229.03941345214844,800,1066,800,1066
IMG_4039.jpg,IMG_4041.jpg,423.4220275878906,263.60162353515625,429.4182434082031,88.48027038574219,800,1066,800,1066
IMG_4039.jpg,IMG_4041.jpg,423.56097412109375,277.8370056152344,596.9392700195312,157.68247985839844,800,1066,800,1066
IMG_4039.jpg,IMG_4041.jpg,423.56097412109375,277.8370056152344,596.9392700195312,157.68247985839844,800,1066,800,1066
IMG_4039.jpg,IMG_4041.jpg,423.7733459472656,1042.686767578125,539.1806030273438,200.5778045654297,800,1066,800,1066
IMG_4039.jpg,IMG_4041.jpg,423.8899230957031,194.96238708496094,676.2079467773438,323.3589172363281,800,1066,800,1066
IMG_4039.jpg,IMG_4041.jpg,424.17108154296875,210.54022216796875,437.6320495605469,223.71043395996094,800,1066,800,1066
IMG_4039.jpg,IMG_4041.jpg,424.9405517578125,255.8152313232422,440.0113830566406,89.09833526611328,800,1066,800,1066
IMG_4039.jpg,IMG_4041.jpg,425.0072937011719,334.38189697265625,586.4876098632812,368.90924072265625,800,1066,800,1066
IMG_4039.jpg,IMG_4041.jpg,425.80364990234375,305.9818115234375,476.19110107421875,143.18212890625,800,1066,800,1066
IMG_4039.jpg,IMG_4041.jpg,425.80364990234375,305.9818115234375,530.6348876953125,231.314453125,800,1066,800,1066
IMG_4039.jpg,IMG_4041.jpg,426.7908020019531,252.33534240722656,389.470703125,158.47047424316406,800,1066,800,1066
IMG_4039.jpg,IMG_4041.jpg,427.2876281738281,255.68907165527344,572.5847778320312,207.99111938476562,800,1066,800,1066
IMG_4039.jpg,IMG_4041.jpg,427.35699462890625,236.7301483154297,563.102294921875,153.3773956298828,800,1066,800,1066
IMG_4039.jpg,IMG_4041.jpg,427.5207214355469,203.5009002685547,487.37615966796875,191.37945556640625,800,1066,800,1066
IMG_4039.jpg,IMG_4041.jpg,427.5207214355469,203.5009002685547,507.5038757324219,137.61181640625,800,1066,800,1066
IMG_4039.jpg,IMG_4041.jpg,427.5207214355469,203.5009002685547,500.081787109375,198.91482543945312,800,1066,800,1066
IMG_4039.jpg,IMG_4041.jpg,427.61724853515625,251.71139526367188,389.470703125,158.47047424316406,800,1066,800,1066
IMG_4039.jpg,IMG_4041.jpg,427.7523193359375,964.5703735351562,593.1598510742188,194.59913635253906,800,1066,800,1066
IMG_4039.jpg,IMG_4041.jpg,428.00164794921875,950.41845703125,571.0415649414062,229.5282440185547,800,1066,800,1066
IMG_4039.jpg,IMG_4041.jpg,428.4747314453125,251.9871826171875,579.118896484375,262.6697998046875,800,1066,800,1066
IMG_4039.jpg,IMG_4041.jpg,429.0809326171875,310.97467041015625,529.08544921875,167.71263122558594,800,1066,800,1066
IMG_4039.jpg,IMG_4041.jpg,430.20416259765625,268.7333679199219,558.466552734375,195.91400146484375,800,1066,800,1066
IMG_4039.jpg,IMG_4041.jpg,430.3127136230469,256.6036682128906,584.945068359375,369.6665344238281,800,1066,800,1066
IMG_4039.jpg,IMG_4041.jpg,430.54779052734375,314.18780517578125,415.2844543457031,229.01397705078125,800,1066,800,1066
IMG_4039.jpg,IMG_4041.jpg,430.8367919921875,297.0819091796875,599.1053466796875,228.0510711669922,800,1066,800,1066
IMG_4039.jpg,IMG_4041.jpg,431.8924255371094,246.16444396972656,544.47216796875,176.63478088378906,800,1066,800,1066
IMG_4039.jpg,IMG_4041.jpg,432.0243835449219,261.2236633300781,586.4876098632812,368.90924072265625,800,1066,800,1066
IMG_4039.jpg,IMG_4041.jpg,432.2913513183594,270.8937072753906,471.1292419433594,386.4715576171875,800,1066,800,1066
IMG_4039.jpg,IMG_4041.jpg,433.3581848144531,307.3708801269531,588.928955078125,205.25584411621094,800,1066,800,1066
IMG_4039.jpg,IMG_4041.jpg,433.3836364746094,276.2048034667969,533.1790161132812,198.21994018554688,800,1066,800,1066
IMG_4039.jpg,IMG_4041.jpg,433.84149169921875,275.3878479003906,472.2216491699219,108.192626953125,800,1066,800,1066
IMG_4039.jpg,IMG_4041.jpg,434.90997314453125,256.7791748046875,387.0652770996094,126.7369613647461,800,1066,800,1066
IMG_4039.jpg,IMG_4041.jpg,435.0475158691406,218.6988525390625,411.14276123046875,72.80378723144531,800,1066,800,1066
IMG_4039.jpg,IMG_4041.jpg,435.0475158691406,218.6988525390625,451.8453674316406,125.8580551147461,800,1066,800,1066
IMG_4039.jpg,IMG_4041.jpg,436.86669921875,243.60293579101562,546.5875244140625,171.77200317382812,800,1066,800,1066
IMG_4039.jpg,IMG_4041.jpg,437.7452087402344,1052.1163330078125,369.54730224609375,173.53073120117188,800,1066,800,1066
IMG_4039.jpg,IMG_4041.jpg,437.98681640625,309.2659912109375,407.1444091796875,115.39615631103516,800,1066,800,1066
IMG_4039.jpg,IMG_4041.jpg,438.0343933105469,325.9356994628906,421.2140808105469,126.45437622070312,800,1066,800,1066
IMG_4039.jpg,IMG_4041.jpg,438.7948913574219,291.1649475097656,621.5831298828125,163.9191131591797,800,1066,800,1066
IMG_4039.jpg,IMG_4041.jpg,439.1212463378906,951.3917236328125,644.4611206054688,276.16339111328125,800,1066,800,1066
IMG_4039.jpg,IMG_4041.jpg,439.3973693847656,924.9231567382812,677.2637329101562,343.7172546386719,800,1066,800,1066
IMG_4039.jpg,IMG_4041.jpg,439.4344482421875,327.5016784667969,545.9564819335938,189.56700134277344,800,1066,800,1066
IMG_4039.jpg,IMG_4041.jpg,439.7058410644531,311.879638671875,568.6715087890625,229.03941345214844,800,1066,800,1066
IMG_4039.jpg,IMG_4041.jpg,440.16845703125,312.9260559082031,464.1654968261719,130.39605712890625,800,1066,800,1066
IMG_4039.jpg,IMG_4041.jpg,441.2821350097656,951.5452880859375,427.2927551269531,373.9451904296875,800,1066,800,1066
IMG_4039.jpg,IMG_4041.jpg,441.3465270996094,919.995361328125,672.3062744140625,276.5255126953125,800,1066,800,1066
IMG_4039.jpg,IMG_4041.jpg,441.35491943359375,297.51495361328125,550.548095703125,200.94482421875,800,1066,800,1066
IMG_4039.jpg,IMG_4041.jpg,441.67828369140625,277.7137756347656,499.0972595214844,178.9037628173828,800,1066,800,1066
IMG_4039.jpg,IMG_4041.jpg,442.3144226074219,217.81297302246094,460.4803161621094,94.23334503173828,800,1066,800,1066
IMG_4039.jpg,IMG_4041.jpg,442.3988037109375,221.04689025878906,491.8817138671875,108.1316146850586,800,1066,800,1066
IMG_4039.jpg,IMG_4041.jpg,443.45751953125,961.3382568359375,639.229248046875,216.03958129882812,800,1066,800,1066
IMG_4039.jpg,IMG_4041.jpg,443.463623046875,920.2811279296875,506.13836669921875,252.35545349121094,800,1066,800,1066
IMG_4039.jpg,IMG_4041.jpg,443.8351135253906,201.59295654296875,364.6505432128906,141.68736267089844,800,1066,800,1066
IMG_4039.jpg,IMG_4041.jpg,444.20074462890625,201.71533203125,448.9456481933594,77.82906341552734,800,1066,800,1066
IMG_4039.jpg,IMG_4041.jpg,444.7173767089844,803.5374145507812,531.0509033203125,121.9334487915039,800,1066,800,1066
IMG_4039.jpg,IMG_4041.jpg,444.9519348144531,216.6609344482422,519.4943237304688,104.85307312011719,800,1066,800,1066
IMG_4039.jpg,IMG_4041.jpg,445.8607177734375,951.0227661132812,583.5302124023438,338.4687805175781,800,1066,800,1066
IMG_4039.jpg,IMG_4041.jpg,446.4176940917969,196.3648223876953,623.191650390625,170.25238037109375,800,1066,800,1066
IMG_4039.jpg,IMG_4041.jpg,447.0394287109375,304.8652038574219,522.5634765625,247.9805145263672,800,1066,800,1066
IMG_4039.jpg,IMG_4041.jpg,447.1214294433594,810.665771484375,565.3222045898438,231.9256591796875,800,1066,800,1066
IMG_4039.jpg,IMG_4041.jpg,447.16168212890625,1034.004150390625,597.3233642578125,184.15130615234375,800,1066,800,1066
IMG_4039.jpg,IMG_4041.jpg,447.63909912109375,950.0372924804688,580.4503173828125,254.122314453125,800,1066,800,1066
IMG_4039.jpg,IMG_4041.jpg,447.64453125,318.9481201171875,638.6396484375,317.3605041503906,800,1066,800,1066
IMG_4039.jpg,IMG_4041.jpg,447.77459716796875,318.88555908203125,636.04296875,293.90704345703125,800,1066,800,1066
IMG_4039.jpg,IMG_4041.jpg,448.381103515625,260.8150634765625,581.0856323242188,314.64825439453125,800,1066,800,1066
IMG_4039.jpg,IMG_4041.jpg,450.33477783203125,293.16796875,593.1598510742188,194.59913635253906,800,1066,800,1066
IMG_4039.jpg,IMG_4041.jpg,450.33477783203125,293.16796875,660.5131225585938,324.52264404296875,800,1066,800,1066
IMG_4039.jpg,IMG_4041.jpg,450.47222900390625,263.99725341796875,555.569091796875,146.5832061767578,800,1066,800,1066
IMG_4039.jpg,IMG_4041.jpg,451.47296142578125,258.092529296875,429.4182434082031,88.48027038574219,800,1066,800,1066
IMG_4039.jpg,IMG_4041.jpg,451.4991455078125,241.54563903808594,361.00323486328125,224.72695922851562,800,1066,800,1066
IMG_4039.jpg,IMG_4041.jpg,451.97265625,1005.052490234375,430.8843688964844,370.6167907714844,800,1066,800,1066
IMG_4039.jpg,IMG_4041.jpg,452.3011474609375,1037.845947265625,580.8135375976562,152.84353637695312,800,1066,800,1066
IMG_4039.jpg,IMG_4041.jpg,453.2625427246094,256.5477294921875,583.1880493164062,123.57455444335938,800,1066,800,1066
IMG_4039.jpg,IMG_4041.jpg,453.42779541015625,320.47259521484375,429.4182434082031,88.48027038574219,800,1066,800,1066
IMG_4039.jpg,IMG_4041.jpg,455.39923095703125,253.4001007080078,383.541015625,145.71409606933594,800,1066,800,1066
IMG_4039.jpg,IMG_4041.jpg,455.8698425292969,195.38938903808594,662.396484375,241.4116668701172,800,1066,800,1066
IMG_4039.jpg,IMG_4041.jpg,455.97491455078125,1010.058349609375,437.319580078125,156.25186157226562,800,1066,800,1066
IMG_4039.jpg,IMG_4041.jpg,456.2639465332031,256.51214599609375,491.8817138671875,108.1316146850586,800,1066,800,1066
IMG_4039.jpg,IMG_4041.jpg,456.8556213378906,1008.9089965820312,437.319580078125,156.25186157226562,800,1066,800,1066
IMG_4039.jpg,IMG_4041.jpg,457.55133056640625,253.3944549560547,550.672119140625,182.4798126220703,800,1066,800,1066
IMG_4039.jpg,IMG_4041.jpg,458.4527587890625,340.5032043457031,641.1278686523438,277.5726623535156,800,1066,800,1066
IMG_4039.jpg,IMG_4041.jpg,458.4651184082031,275.9483642578125,421.2140808105469,126.45437622070312,800,1066,800,1066
IMG_4039.jpg,IMG_4041.jpg,459.083984375,285.624267578125,429.4182434082031,88.48027038574219,800,1066,800,1066
IMG_4039.jpg,IMG_4041.jpg,459.9730529785156,1015.8157958984375,492.5332946777344,159.44979858398438,800,1066,800,1066
IMG_4039.jpg,IMG_4041.jpg,460.36700439453125,927.012451171875,400.31219482421875,115.07240295410156,800,1066,800,1066
IMG_4039.jpg,IMG_4041.jpg,461.37762451171875,211.36378479003906,542.3714599609375,164.37864685058594,800,1066,800,1066
IMG_4039.jpg,IMG_4041.jpg,461.7174377441406,682.6617431640625,410.2091369628906,157.28427124023438,800,1066,800,1066
IMG_4039.jpg,IMG_4041.jpg,461.9883117675781,336.9042053222656,424.9492492675781,98.98564910888672,800,1066,800,1066
IMG_4039.jpg,IMG_4041.jpg,462.12689208984375,206.032470703125,656.783447265625,251.99566650390625,800,1066,800,1066
IMG_4039.jpg,IMG_4041.jpg,462.32110595703125,279.4012451171875,509.8895568847656,137.8386993408203,800,1066,800,1066
IMG_4039.jpg,IMG_4041.jpg,463.3107604980469,684.5245361328125,410.2091369628906,157.28427124023438,800,1066,800,1066
IMG_4039.jpg,IMG_4041.jpg,463.5439147949219,284.6871643066406,597.3464965820312,321.8674011230469,800,1066,800,1066
IMG_4039.jpg,IMG_4041.jpg,463.6005859375,192.1241912841797,464.6112976074219,68.95849609375,800,1066,800,1066
IMG_4039.jpg,IMG_4041.jpg,464.2880859375,928.95654296875,518.220947265625,206.09449768066406,800,1066,800,1066
IMG_4039.jpg,IMG_4041.jpg,464.8639831542969,259.41162109375,415.4237976074219,157.36526489257812,800,1066,800,1066
IMG_4039.jpg,IMG_4041.jpg,464.91326904296875,931.3278198242188,504.7156677246094,147.12200927734375,800,1066,800,1066
IMG_4039.jpg,IMG_4041.jpg,465.2455749511719,311.2491760253906,629.7501831054688,250.1595001220703,800,1066,800,1066
IMG_4039.jpg,IMG_4041.jpg,465.2455749511719,311.2491760253906,554.045166015625,249.867431640625,800,1066,800,1066
IMG_4039.jpg,IMG_4041.jpg,465.4201354980469,263.3671875,569.56005859375,211.26661682128906,800,1066,800,1066
IMG_4039.jpg,IMG_4041.jpg,465.5277404785156,194.50100708007812,667.515380859375,250.72035217285156,800,1066,800,1066
IMG_4039.jpg,IMG_4041.jpg,465.6512756347656,195.18475341796875,579.8551635742188,114.677490234375,800,1066,800,1066
IMG_4039.jpg,IMG_4041.jpg,465.7019348144531,195.50172424316406,646.0548095703125,204.0320587158203,800,1066,800,1066
IMG_4039.jpg,IMG_4041.jpg,466.5241394042969,222.50155639648438,635.4359130859375,252.96621704101562,800,1066,800,1066
IMG_4039.jpg,IMG_4041.jpg,466.64727783203125,934.5322265625,635.6104125976562,212.12277221679688,800,1066,800,1066
IMG_4039.jpg,IMG_4041.jpg,466.95208740234375,228.6248321533203,351.99755859375,180.41519165039062,800,1066,800,1066
IMG_4039.jpg,IMG_4041.jpg,467.23419189453125,280.2768859863281,495.2531433105469,182.5019989013672,800,1066,800,1066
IMG_4039.jpg,IMG_4041.jpg,467.9695129394531,954.4636840820312,457.4572448730469,103.25348663330078,800,1066,800,1066
IMG_4039.jpg,IMG_4041.jpg,468.02362060546875,197.04681396484375,389.7322082519531,69.74443817138672,800,1066,800,1066
IMG_4039.jpg,IMG_4041.jpg,468.42767333984375,931.31689453125,465.1001892089844,74.47615814208984,800,1066,800,1066
IMG_4039.jpg,IMG_4041.jpg,468.9571533203125,264.065185546875,533.0370483398438,225.397705078125,800,1066,800,1066
IMG_4039.jpg,IMG_4041.jpg,469.014892578125,936.5512084960938,530.0489501953125,250.999267578125,800,1066,800,1066
IMG_4039.jpg,IMG_4041.jpg,469.07598876953125,205.6903839111328,461.83160400390625,85.54029846191406,800,1066,800,1066
IMG_4039.jpg,IMG_4041.jpg,469.07598876953125,205.6903839111328,461.83160400390625,85.54029846191406,800,1066,800,1066
IMG_4039.jpg,IMG_4041.jpg,469.83740234375,327.3733825683594,644.4371948242188,235.5276336669922,800,1066,800,1066
IMG_4039.jpg,IMG_4041.jpg,470.3607177734375,915.8099365234375,553.7797241210938,233.13775634765625,800,1066,800,1066
IMG_4039.jpg,IMG_4041.jpg,470.7904357910156,1012.9647827148438,553.7797241210938,233.13775634765625,800,1066,800,1066
IMG_4039.jpg,IMG_4041.jpg,470.9725036621094,301.2866516113281,588.0682373046875,297.547607421875,800,1066,800,1066
IMG_4039.jpg,IMG_4041.jpg,471.0854797363281,279.7830810546875,413.0897521972656,231.47711181640625,800,1066,800,1066
IMG_4039.jpg,IMG_4041.jpg,471.1337890625,267.8193664550781,524.4885864257812,158.56349182128906,800,1066,800,1066
IMG_4039.jpg,IMG_4041.jpg,471.87359619140625,263.2867736816406,390.185302734375,167.97592163085938,800,1066,800,1066
IMG_4039.jpg,IMG_4041.jpg,471.9510803222656,328.8567810058594,598.5926513671875,235.4097137451172,800,1066,800,1066
IMG_4039.jpg,IMG_4041.jpg,472.9830017089844,203.56204223632812,588.8578491210938,134.1411895751953,800,1066,800,1066
IMG_4039.jpg,IMG_4041.jpg,473.1271667480469,269.8783264160156,504.0318908691406,169.0489044189453,800,1066,800,1066
IMG_4039.jpg,IMG_4041.jpg,473.7706298828125,922.28955078125,605.9569702148438,147.02462768554688,800,1066,800,1066
IMG_4039.jpg,IMG_4041.jpg,474.0240173339844,1003.3991088867188,464.1014099121094,146.7031707763672,800,1066,800,1066
IMG_4039.jpg,IMG_4041.jpg,474.43194580078125,274.7497863769531,554.045166015625,249.867431640625,800,1066,800,1066
IMG_4039.jpg,IMG_4041.jpg,475.4255065917969,218.82415771484375,619.5927734375,230.38995361328125,800,1066,800,1066
IMG_4039.jpg,IMG_4041.jpg,476.41290283203125,917.0752563476562,486.5885314941406,181.07029724121094,800,1066,800,1066
IMG_4039.jpg,IMG_4041.jpg,476.55206298828125,922.4309692382812,459.26690673828125,385.4834289550781,800,1066,800,1066
IMG_4039.jpg,IMG_4041.jpg,476.6576232910156,982.0982055664062,568.8007202148438,118.43630981445312,800,1066,800,1066
IMG_4039.jpg,IMG_4041.jpg,476.6576232910156,982.0982055664062,568.8007202148438,118.43630981445312,800,1066,800,1066
IMG_4039.jpg,IMG_4041.jpg,476.7762451171875,277.5716857910156,553.5238037109375,268.60858154296875,800,1066,800,1066
IMG_4039.jpg,IMG_4041.jpg,477.4231262207031,194.2592315673828,443.9372253417969,70.49445343017578,800,1066,800,1066
IMG_4039.jpg,IMG_4041.jpg,477.6620178222656,1006.1133422851562,536.0352172851562,209.12107849121094,800,1066,800,1066
IMG_4039.jpg,IMG_4041.jpg,478.4042663574219,322.8752746582031,620.9310302734375,201.20021057128906,800,1066,800,1066
IMG_4039.jpg,IMG_4041.jpg,478.808837890625,922.162109375,409.8412170410156,171.05934143066406,800,1066,800,1066
IMG_4039.jpg,IMG_4041.jpg,478.808837890625,922.162109375,518.023193359375,216.93902587890625,800,1066,800,1066
IMG_4039.jpg,IMG_4041.jpg,479.44757080078125,252.52565002441406,484.4490661621094,96.59662628173828,800,1066,800,1066
IMG_4039.jpg,IMG_4041.jpg,479.9032897949219,919.06640625,494.32940673828125,168.12210083007812,800,1066,800,1066
IMG_4039.jpg,IMG_4041.jpg,480.02423095703125,315.2332458496094,521.705078125,215.27394104003906,800,1066,800,1066
IMG_4039.jpg,IMG_4041.jpg,480.0860595703125,231.21726989746094,556.5244750976562,206.14328002929688,800,1066,800,1066
IMG_4039.jpg,IMG_4041.jpg,480.2041931152344,231.19334411621094,556.5244750976562,206.14328002929688,800,1066,800,1066
IMG_4039.jpg,IMG_4041.jpg,480.6578674316406,319.9390869140625,487.59185791015625,132.959716796875,800,1066,800,1066
IMG_4039.jpg,IMG_4041.jpg,480.6578674316406,319.9390869140625,554.0361328125,260.0079650878906,800,1066,800,1066
IMG_4039.jpg,IMG_4041.jpg,480.702392578125,295.8237609863281,626.5723876953125,243.16197204589844,800,1066,800,1066
IMG_4039.jpg,IMG_4041.jpg,480.9156494140625,319.623779296875,474.7013854980469,98.4735336303711,800,1066,800,1066
IMG_4039.jpg,IMG_4041.jpg,480.9156494140625,319.623779296875,474.7013854980469,98.4735336303711,800,1066,800,1066
IMG_4039.jpg,IMG_4041.jpg,481.1060791015625,268.5470275878906,451.81207275390625,155.87855529785156,800,1066,800,1066
IMG_4039.jpg,IMG_4041.jpg,482.6045837402344,1005.9873046875,409.8412170410156,171.05934143066406,800,1066,800,1066
IMG_4039.jpg,IMG_4041.jpg,482.6628723144531,192.50296020507812,403.0562744140625,64.29878234863281,800,1066,800,1066
IMG_4039.jpg,IMG_4041.jpg,482.7961120605469,270.7416076660156,424.97369384765625,145.21258544921875,800,1066,800,1066
IMG_4039.jpg,IMG_4041.jpg,482.7961120605469,270.7416076660156,424.97369384765625,145.21258544921875,800,1066,800,1066
IMG_4039.jpg,IMG_4041.jpg,483.2781066894531,277.0083312988281,512.6121826171875,108.0119857788086,800,1066,800,1066
IMG_4039.jpg,IMG_4041.jpg,483.3218078613281,200.36810302734375,583.4744262695312,137.67611694335938,800,1066,800,1066
IMG_4039.jpg,IMG_4041.jpg,483.62774658203125,1019.3541870117188,524.4307861328125,121.35284423828125,800,1066,800,1066
IMG_4039.jpg,IMG_4041.jpg,483.6427001953125,896.631103515625,580.5821533203125,118.12236785888672,800,1066,800,1066
IMG_4039.jpg,IMG_4041.jpg,484.634033203125,917.958740234375,543.3458251953125,261.6580810546875,800,1066,800,1066
IMG_4039.jpg,IMG_4041.jpg,485.28485107421875,258.9493408203125,596.252197265625,234.76084899902344,800,1066,800,1066
IMG_4039.jpg,IMG_4041.jpg,485.3558654785156,907.1904907226562,407.1651916503906,135.04579162597656,800,1066,800,1066
IMG_4039.jpg,IMG_4041.jpg,485.6968688964844,258.3341064453125,596.252197265625,234.76084899902344,800,1066,800,1066
IMG_4039.jpg,IMG_4041.jpg,485.7330627441406,892.18505859375,603.7839965820312,142.11817932128906,800,1066,800,1066
IMG_4039.jpg,IMG_4041.jpg,486.30218505859375,232.7073211669922,438.4552001953125,130.24270629882812,800,1066,800,1066
IMG_4039.jpg,IMG_4041.jpg,487.20001220703125,1007.8248901367188,475.14288330078125,159.83819580078125,800,1066,800,1066
IMG_4039.jpg,IMG_4041.jpg,487.20001220703125,1007.8248901367188,455.6999816894531,146.7156982421875,800,1066,800,1066
IMG_4039.jpg,IMG_4041.jpg,487.20001220703125,1007.8248901367188,529.38134765625,126.5765380859375,800,1066,800,1066
IMG_4039.jpg,IMG_4041.jpg,487.31158447265625,759.073974609375,509.8895568847656,137.8386993408203,800,1066,800,1066
IMG_4039.jpg,IMG_4041.jpg,488.00738525390625,278.14984130859375,617.5657348632812,275.0854797363281,800,1066,800,1066
IMG_4039.jpg,IMG_4041.jpg,488.0242919921875,912.3793334960938,661.7173461914062,233.93235778808594,800,1066,800,1066
IMG_4039.jpg,IMG_4041.jpg,488.8063049316406,903.5906372070312,583.5302124023438,338.4687805175781,800,1066,800,1066
IMG_4039.jpg,IMG_4041.jpg,488.8117370605469,303.9590148925781,507.9203796386719,173.66493225097656,800,1066,800,1066
IMG_4039.jpg,IMG_4041.jpg,489.06103515625,926.9635620117188,372.3401794433594,169.44969177246094,800,1066,800,1066
IMG_4039.jpg,IMG_4041.jpg,489.3482360839844,229.0554962158203,508.44268798828125,140.73757934570312,800,1066,800,1066
IMG_4039.jpg,IMG_4041.jpg,490.06756591796875,915.1591796875,509.5437316894531,187.1047821044922,800,1066,800,1066
IMG_4039.jpg,IMG_4041.jpg,490.06756591796875,915.1591796875,487.39215087890625,119.3788833618164,800,1066,800,1066
IMG_4039.jpg,IMG_4041.jpg,490.2417297363281,232.34580993652344,464.4452819824219,152.76669311523438,800,1066,800,1066
IMG_4039.jpg,IMG_4041.jpg,490.48516845703125,299.0380554199219,464.1604309082031,130.31591796875,800,1066,800,1066
IMG_4039.jpg,IMG_4041.jpg,490.5191345214844,897.606201171875,508.5624694824219,144.8806610107422,800,1066,800,1066
IMG_4039.jpg,IMG_4041.jpg,492.0325927734375,247.60980224609375,527.3731689453125,157.2928466796875,800,1066,800,1066
IMG_4039.jpg,IMG_4041.jpg,492.14453125,282.9039306640625,565.9862060546875,211.73094177246094,800,1066,800,1066
IMG_4039.jpg,IMG_4041.jpg,492.4253845214844,993.3623657226562,585.6167602539062,171.96481323242188,800,1066,800,1066
IMG_4039.jpg,IMG_4041.jpg,492.50738525390625,267.6086120605469,400.4146423339844,152.55860900878906,800,1066,800,1066
IMG_4039.jpg,IMG_4041.jpg,492.6239318847656,916.8563232421875,582.5775146484375,143.5211639404297,800,1066,800,1066
IMG_4039.jpg,IMG_4041.jpg,492.645751953125,296.2622985839844,529.38134765625,126.5765380859375,800,1066,800,1066
IMG_4039.jpg,IMG_4041.jpg,492.89447021484375,198.796142578125,398.4499816894531,68.87155151367188,800,1066,800,1066
IMG_4039.jpg,IMG_4041.jpg,493.71868896484375,1003.2142944335938,381.761474609375,167.162841796875,800,1066,800,1066
IMG_4039.jpg,IMG_4041.jpg,493.8253173828125,1001.495849609375,496.5482482910156,212.55621337890625,800,1066,800,1066
IMG_4039.jpg,IMG_4041.jpg,494.1566467285156,246.61729431152344,510.0144958496094,173.82139587402344,800,1066,800,1066
IMG_4039.jpg,IMG_4041.jpg,494.51177978515625,202.2981414794922,417.8812561035156,237.1271514892578,800,1066,800,1066
IMG_4039.jpg,IMG_4041.jpg,494.75726318359375,202.26097106933594,583.4744262695312,137.67611694335938,800,1066,800,1066
IMG_4039.jpg,IMG_4041.jpg,495.4252014160156,299.6080017089844,583.5302124023438,338.4687805175781,800,1066,800,1066
IMG_4039.jpg,IMG_4041.jpg,495.76611328125,293.9920349121094,446.8774108886719,118.05870056152344,800,1066,800,1066
IMG_4039.jpg,IMG_4041.jpg,496.42083740234375,931.3015747070312,502.67626953125,101.41130065917969,800,1066,800,1066
IMG_4039.jpg,IMG_4041.jpg,496.51397705078125,253.7220916748047,461.47271728515625,130.969482421875,800,1066,800,1066
IMG_4039.jpg,IMG_4041.jpg,497.3902282714844,249.9009552001953,539.7628173828125,207.66920471191406,800,1066,800,1066
IMG_4039.jpg,IMG_4041.jpg,497.7552490234375,323.08135986328125,601.0174560546875,153.40185546875,800,1066,800,1066
IMG_4039.jpg,IMG_4041.jpg,498.58148193359375,1038.70068359375,439.5169372558594,75.00120544433594,800,1066,800,1066
IMG_4039.jpg,IMG_4041.jpg,498.9385070800781,976.6199340820312,578.8511962890625,111.44754028320312,800,1066,800,1066
IMG_4039.jpg,IMG_4041.jpg,500.1333312988281,203.02951049804688,653.96826171875,232.43211364746094,800,1066,800,1066
IMG_4039.jpg,IMG_4041.jpg,503.1343994140625,256.9166564941406,561.2606201171875,137.45774841308594,800,1066,800,1066
IMG_4039.jpg,IMG_4041.jpg,503.1904296875,237.55955505371094,599.7421264648438,230.26943969726562,800,1066,800,1066
IMG_4039.jpg,IMG_4041.jpg,503.2447509765625,290.939697265625,461.3462829589844,369.823486328125,800,1066,800,1066
IMG_4039.jpg,IMG_4041.jpg,503.2447509765625,290.939697265625,461.3462829589844,369.823486328125,800,1066,800,1066
IMG_4039.jpg,IMG_4041.jpg,503.3764343261719,877.0242309570312,518.4962158203125,268.403564453125,800,1066,800,1066
IMG_4039.jpg,IMG_4041.jpg,504.3472595214844,266.0015869140625,468.9464111328125,106.4720458984375,800,1066,800,1066
IMG_4039.jpg,IMG_4041.jpg,506.048095703125,207.0103302001953,421.65008544921875,74.51978302001953,800,1066,800,1066
IMG_4039.jpg,IMG_4041.jpg,506.4344482421875,240.9109344482422,429.4182434082031,88.48027038574219,800,1066,800,1066
IMG_4039.jpg,IMG_4041.jpg,506.8765869140625,345.9327392578125,521.557373046875,179.9962615966797,800,1066,800,1066
IMG_4039.jpg,IMG_4041.jpg,507.7014465332031,222.6507568359375,605.7697143554688,178.72796630859375,800,1066,800,1066
IMG_4039.jpg,IMG_4041.jpg,507.7444763183594,285.9290771484375,565.5713500976562,322.5132751464844,800,1066,800,1066
IMG_4039.jpg,IMG_4041.jpg,507.83282470703125,318.1556091308594,445.48724365234375,109.78084564208984,800,1066,800,1066
IMG_4039.jpg,IMG_4041.jpg,507.8665466308594,263.873046875,465.3455810546875,102.8609390258789,800,1066,800,1066
IMG_4039.jpg,IMG_4041.jpg,507.9515380859375,317.9485168457031,463.94830322265625,95.9040756225586,800,1066,800,1066
IMG_4039.jpg,IMG_4041.jpg,508.05865478515625,208.41778564453125,449.825927734375,77.70683288574219,800,1066,800,1066
IMG_4039.jpg,IMG_4041.jpg,508.6492614746094,321.0400085449219,525.0750122070312,156.5511016845703,800,1066,800,1066
IMG_4039.jpg,IMG_4041.jpg,509.1000061035156,887.7088012695312,527.5955810546875,140.6423797607422,800,1066,800,1066
IMG_4039.jpg,IMG_4041.jpg,510.86773681640625,991.5993041992188,610.1297607421875,152.47442626953125,800,1066,800,1066
IMG_4039.jpg,IMG_4041.jpg,510.9556884765625,988.1791381835938,610.1297607421875,152.47442626953125,800,1066,800,1066
IMG_4039.jpg,IMG_4041.jpg,512.5490112304688,317.1848449707031,650.6793823242188,249.74725341796875,800,1066,800,1066
IMG_4039.jpg,IMG_4041.jpg,512.5490112304688,317.1848449707031,414.97723388671875,127.39308166503906,800,1066,800,1066
IMG_4039.jpg,IMG_4041.jpg,515.5853881835938,295.5536804199219,468.9464111328125,106.4720458984375,800,1066,800,1066
IMG_4039.jpg,IMG_4041.jpg,516.4105224609375,267.7923889160156,514.4564208984375,120.57420349121094,800,1066,800,1066
IMG_4039.jpg,IMG_4041.jpg,518.0398559570312,264.5601806640625,437.0640869140625,104.89887237548828,800,1066,800,1066
IMG_4039.jpg,IMG_4041.jpg,520.86474609375,588.4249267578125,505.0397644042969,84.38606262207031,800,1066,800,1066
IMG_4039.jpg,IMG_4041.jpg,521.197509765625,313.3294372558594,390.42230224609375,160.5181427001953,800,1066,800,1066
IMG_4039.jpg,IMG_4041.jpg,521.3167114257812,861.962158203125,556.2975463867188,121.50708770751953,800,1066,800,1066
IMG_4039.jpg,IMG_4041.jpg,524.3898315429688,315.017822265625,481.8631896972656,131.87794494628906,800,1066,800,1066
IMG_4039.jpg,IMG_4041.jpg,525.124267578125,937.8367309570312,425.1460266113281,148.5301055908203,800,1066,800,1066
IMG_4039.jpg,IMG_4041.jpg,526.4810180664062,317.4491271972656,476.13623046875,133.87120056152344,800,1066,800,1066
IMG_4039.jpg,IMG_4041.jpg,527.8646240234375,272.669921875,461.3462829589844,369.823486328125,800,1066,800,1066
IMG_4039.jpg,IMG_4041.jpg,528.5960083007812,596.4386596679688,460.4803161621094,94.23334503173828,800,1066,800,1066
IMG_4039.jpg,IMG_4041.jpg,528.6738891601562,602.4917602539062,460.4803161621094,94.23334503173828,800,1066,800,1066
IMG_4039.jpg,IMG_4041.jpg,528.7720336914062,248.563720703125,390.3366394042969,160.95069885253906,800,1066,800,1066
IMG_4039.jpg,IMG_4041.jpg,528.7720336914062,248.563720703125,465.9997863769531,127.34451293945312,800,1066,800,1066
IMG_4039.jpg,IMG_4041.jpg,528.979248046875,310.48626708984375,647.3474731445312,246.91600036621094,800,1066,800,1066
IMG_4039.jpg,IMG_4041.jpg,529.2091674804688,299.48095703125,514.1179809570312,137.58522033691406,800,1066,800,1066
IMG_4039.jpg,IMG_4041.jpg,529.3388061523438,296.9481201171875,469.7648620605469,97.62571716308594,800,1066,800,1066
IMG_4039.jpg,IMG_4041.jpg,529.3388061523438,296.9481201171875,481.9397888183594,128.09812927246094,800,1066,800,1066
IMG_4039.jpg,IMG_4041.jpg,529.5040283203125,311.9930114746094,464.28729248046875,125.00714111328125,800,1066,800,1066
IMG_4039.jpg,IMG_4041.jpg,529.78564453125,267.7356872558594,621.8111572265625,247.45462036132812,800,1066,800,1066
IMG_4039.jpg,IMG_4041.jpg,529.9637451171875,314.4720153808594,590.4314575195312,332.99365234375,800,1066,800,1066
IMG_4039.jpg,IMG_4041.jpg,530.5790405273438,335.50909423828125,525.06787109375,213.96365356445312,800,1066,800,1066
IMG_4039.jpg,IMG_4041.jpg,530.9732055664062,320.8787536621094,565.5713500976562,322.5132751464844,800,1066,800,1066
IMG_4039.jpg,IMG_4041.jpg,531.6107177734375,243.90948486328125,461.47271728515625,130.969482421875,800,1066,800,1066
IMG_4039.jpg,IMG_4041.jpg,532.7969970703125,232.48922729492188,606.9129028320312,212.6055450439453,800,1066,800,1066
IMG_4039.jpg,IMG_4041.jpg,535.8583984375,247.6378631591797,445.48724365234375,109.78084564208984,800,1066,800,1066
IMG_4039.jpg,IMG_4041.jpg,536.0724487304688,325.8998718261719,421.2140808105469,126.45437622070312,800,1066,800,1066
IMG_4039.jpg,IMG_4041.jpg,536.3734130859375,245.91232299804688,437.319580078125,156.25186157226562,800,1066,800,1066
IMG_4039.jpg,IMG_4041.jpg,537.3966674804688,589.995849609375,460.4803161621094,94.23334503173828,800,1066,800,1066
IMG_4039.jpg,IMG_4041.jpg,538.1959228515625,217.00653076171875,392.6181945800781,67.34361267089844,800,1066,800,1066
IMG_4039.jpg,IMG_4041.jpg,538.39599609375,277.62750244140625,548.403076171875,149.51976013183594,800,1066,800,1066
IMG_4039.jpg,IMG_4041.jpg,539.166259765625,280.4023742675781,415.2844543457031,229.01397705078125,800,1066,800,1066
IMG_4039.jpg,IMG_4041.jpg,543.9992065429688,294.7303771972656,567.8770751953125,153.40374755859375,800,1066,800,1066
IMG_4039.jpg,IMG_4041.jpg,544.182861328125,243.85626220703125,400.4146423339844,152.55860900878906,800,1066,800,1066
IMG_4039.jpg,IMG_4041.jpg,544.9389038085938,530.4312133789062,484.78143310546875,124.59588623046875,800,1066,800,1066
IMG_4039.jpg,IMG_4041.jpg,545.8565673828125,245.7830352783203,620.9310302734375,201.20021057128906,800,1066,800,1066
IMG_4039.jpg,IMG_4041.jpg,551.661865234375,274.5339660644531,474.7013854980469,98.4735336303711,800,1066,800,1066
IMG_4039.jpg,IMG_4041.jpg,552.13134765625,257.3372802734375,461.83160400390625,85.54029846191406,800,1066,800,1066
IMG_4039.jpg,IMG_4041.jpg,552.4736938476562,254.6317138671875,421.8317565917969,123.74142456054688,800,1066,800,1066
IMG_4039.jpg,IMG_4041.jpg,553.0987548828125,314.23260498046875,495.88116455078125,105.31575012207031,800,1066,800,1066
IMG_4039.jpg,IMG_4041.jpg,553.1763916015625,269.9250793457031,478.50128173828125,131.17218017578125,800,1066,800,1066
IMG_4039.jpg,IMG_4041.jpg,555.0701904296875,288.40484619140625,620.6346435546875,210.2968292236328,800,1066,800,1066
IMG_4039.jpg,IMG_4041.jpg,556.2255249023438,967.1278076171875,669.406982421875,251.8521728515625,800,1066,800,1066
IMG_4039.jpg,IMG_4041.jpg,556.5747680664062,272.3020935058594,417.0816955566406,178.91761779785156,800,1066,800,1066
IMG_4039.jpg,IMG_4041.jpg,556.5747680664062,272.3020935058594,563.102294921875,153.3773956298828,800,1066,800,1066
IMG_4039.jpg,IMG_4041.jpg,557.1177368164062,271.5997314453125,563.102294921875,153.3773956298828,800,1066,800,1066
IMG_4039.jpg,IMG_4041.jpg,558.4307861328125,835.0579223632812,506.4669494628906,211.47576904296875,800,1066,800,1066
IMG_4039.jpg,IMG_4041.jpg,563.67236328125,267.834228515625,473.2007751464844,117.80793762207031,800,1066,800,1066
IMG_4039.jpg,IMG_4041.jpg,564.3406372070312,290.8438415527344,676.466796875,323.3959045410156,800,1066,800,1066
IMG_4039.jpg,IMG_4041.jpg,566.5521240234375,278.4776611328125,572.8446044921875,143.71728515625,800,1066,800,1066
IMG_4039.jpg,IMG_4041.jpg,567.0443725585938,539.14990234375,523.0089721679688,238.91929626464844,800,1066,800,1066
IMG_4039.jpg,IMG_4041.jpg,567.0443725585938,539.14990234375,465.1545715332031,165.3345947265625,800,1066,800,1066
IMG_4039.jpg,IMG_4041.jpg,568.8584594726562,289.9690246582031,576.3052978515625,167.04908752441406,800,1066,800,1066
IMG_4039.jpg,IMG_4041.jpg,569.0819091796875,285.9324951171875,461.3462829589844,369.823486328125,800,1066,800,1066
IMG_4039.jpg,IMG_4041.jpg,569.3385009765625,613.0676879882812,474.68035888671875,119.86005401611328,800,1066,800,1066
IMG_4039.jpg,IMG_4041.jpg,570.40185546875,336.49407958984375,452.0875244140625,113.67913055419922,800,1066,800,1066
IMG_4039.jpg,IMG_4041.jpg,570.7037353515625,330.6355285644531,424.97369384765625,145.21258544921875,800,1066,800,1066
IMG_4039.jpg,IMG_4041.jpg,570.8139038085938,305.7647705078125,425.1900939941406,151.4429931640625,800,1066,800,1066
IMG_4039.jpg,IMG_4041.jpg,571.8267211914062,332.9671936035156,383.04058837890625,121.61563873291016,800,1066,800,1066
IMG_4039.jpg,IMG_4041.jpg,572.6028442382812,321.347412109375,599.1053466796875,228.0510711669922,800,1066,800,1066
IMG_4039.jpg,IMG_4041.jpg,572.7122802734375,304.347412109375,599.451416015625,284.0132141113281,800,1066,800,1066
IMG_4039.jpg,IMG_4041.jpg,573.4431762695312,295.9658508300781,360.072021484375,99.93841552734375,800,1066,800,1066
IMG_4039.jpg,IMG_4041.jpg,574.878173828125,302.9652404785156,551.9224243164062,203.97901916503906,800,1066,800,1066
IMG_4039.jpg,IMG_4041.jpg,574.9796142578125,228.78099060058594,632.3800048828125,154.59481811523438,800,1066,800,1066
IMG_4039.jpg,IMG_4041.jpg,577.1453857421875,275.467529296875,601.5035400390625,309.86358642578125,800,1066,800,1066
IMG_4039.jpg,IMG_4041.jpg,577.2595825195312,328.75091552734375,563.9443359375,229.72756958007812,800,1066,800,1066
IMG_4039.jpg,IMG_4041.jpg,577.7889404296875,297.64068603515625,469.7648620605469,97.62571716308594,800,1066,800,1066
IMG_4039.jpg,IMG_4041.jpg,577.7889404296875,297.64068603515625,469.7648620605469,97.62571716308594,800,1066,800,1066
IMG_4039.jpg,IMG_4041.jpg,577.7981567382812,331.0679931640625,541.8773193359375,208.47158813476562,800,1066,800,1066
IMG_4039.jpg,IMG_4041.jpg,577.98291015625,586.365478515625,431.05792236328125,99.01473999023438,800,1066,800,1066
IMG_4039.jpg,IMG_4041.jpg,578.460205078125,333.4753723144531,386.01251220703125,144.5072784423828,800,1066,800,1066
IMG_4039.jpg,IMG_4041.jpg,578.895751953125,304.5073547363281,549.5209350585938,183.9918212890625,800,1066,800,1066
IMG_4039.jpg,IMG_4041.jpg,579.1080932617188,329.3150939941406,641.1278686523438,277.5726623535156,800,1066,800,1066
IMG_4039.jpg,IMG_4041.jpg,579.447021484375,924.6307373046875,459.26690673828125,385.4834289550781,800,1066,800,1066
IMG_4039.jpg,IMG_4041.jpg,581.2349853515625,247.66714477539062,643.1588745117188,205.95498657226562,800,1066,800,1066
IMG_4039.jpg,IMG_4041.jpg,581.7758178710938,242.0152587890625,603.7839965820312,142.11817932128906,800,1066,800,1066
IMG_4039.jpg,IMG_4041.jpg,584.35400390625,242.7067413330078,582.8535766601562,112.66380310058594,800,1066,800,1066
IMG_4039.jpg,IMG_4041.jpg,584.35400390625,242.7067413330078,443.9372253417969,70.49445343017578,800,1066,800,1066
IMG_4039.jpg,IMG_4041.jpg,584.5721435546875,301.8778076171875,441.2781677246094,213.67495727539062,800,1066,800,1066
IMG_4039.jpg,IMG_4041.jpg,584.8892822265625,242.55783081054688,443.9372253417969,70.49445343017578,800,1066,800,1066
IMG_4039.jpg,IMG_4041.jpg,585.427001953125,298.0848388671875,510.0144958496094,173.82139587402344,800,1066,800,1066
IMG_4039.jpg,IMG_4041.jpg,587.34130859375,719.4850463867188,515.0364990234375,208.17454528808594,800,1066,800,1066
IMG_4039.jpg,IMG_4041.jpg,587.5415649414062,308.9496154785156,429.0782775878906,106.22340393066406,800,1066,800,1066
IMG_4039.jpg,IMG_4041.jpg,588.2396240234375,290.1665954589844,523.467529296875,151.39393615722656,800,1066,800,1066
IMG_4039.jpg,IMG_4041.jpg,588.51123046875,286.741455078125,473.6072998046875,109.39891815185547,800,1066,800,1066
IMG_4039.jpg,IMG_4041.jpg,588.896728515625,287.2145080566406,473.6072998046875,109.39891815185547,800,1066,800,1066
IMG_4039.jpg,IMG_4041.jpg,589.1435546875,327.4625549316406,608.2291870117188,207.1714324951172,800,1066,800,1066
IMG_4039.jpg,IMG_4041.jpg,589.6957397460938,718.8517456054688,504.84722900390625,155.36630249023438,800,1066,800,1066
IMG_4039.jpg,IMG_4041.jpg,590.3937377929688,296.9189758300781,526.3383178710938,130.05020141601562,800,1066,800,1066
IMG_4039.jpg,IMG_4041.jpg,591.288818359375,291.6493835449219,531.5359497070312,117.16072845458984,800,1066,800,1066
IMG_4039.jpg,IMG_4041.jpg,591.4033813476562,343.67950439453125,421.8317565917969,123.74142456054688,800,1066,800,1066
IMG_4039.jpg,IMG_4041.jpg,591.8084716796875,300.8101501464844,474.7013854980469,98.4735336303711,800,1066,800,1066
IMG_4039.jpg,IMG_4041.jpg,593.1453247070312,275.2738342285156,620.9310302734375,201.20021057128906,800,1066,800,1066
IMG_4039.jpg,IMG_4041.jpg,594.6917114257812,308.5918273925781,456.3602600097656,134.0201416015625,800,1066,800,1066
IMG_4039.jpg,IMG_4041.jpg,595.6500244140625,316.57684326171875,417.8812561035156,237.1271514892578,800,1066,800,1066
IMG_4039.jpg,IMG_4041.jpg,595.9593505859375,287.30877685546875,549.994384765625,246.64874267578125,800,1066,800,1066
IMG_4039.jpg,IMG_4041.jpg,596.1749877929688,279.6672668457031,437.0640869140625,104.89887237548828,800,1066,800,1066
IMG_4039.jpg,IMG_4041.jpg,596.9221801757812,258.58819580078125,579.8551635742188,114.677490234375,800,1066,800,1066
IMG_4039.jpg,IMG_4041.jpg,596.9221801757812,258.58819580078125,443.9372253417969,70.49445343017578,800,1066,800,1066
IMG_4039.jpg,IMG_4041.jpg,596.9465942382812,337.4574890136719,495.2998046875,192.22337341308594,800,1066,800,1066
IMG_4039.jpg,IMG_4041.jpg,597.0643310546875,313.3310546875,526.3383178710938,130.05020141601562,800,1066,800,1066
IMG_4039.jpg,IMG_4041.jpg,598.556884765625,701.301513671875,365.63653564453125,118.64270782470703,800,1066,800,1066
IMG_4039.jpg,IMG_4041.jpg,599.1002807617188,335.9468994140625,524.4885864257812,158.56349182128906,800,1066,800,1066
IMG_4039.jpg,IMG_4041.jpg,600.3035888671875,293.0953674316406,625.8698120117188,253.15988159179688,800,1066,800,1066
IMG_4039.jpg,IMG_4041.jpg,601.4143676757812,288.07684326171875,644.4371948242188,235.5276336669922,800,1066,800,1066
IMG_4039.jpg,IMG_4041.jpg,601.6806640625,287.855712890625,412.6451110839844,151.7924346923828,800,1066,800,1066
IMG_4039.jpg,IMG_4041.jpg,602.2406005859375,314.0874938964844,547.4891357421875,230.95480346679688,800,1066,800,1066
IMG_4039.jpg,IMG_4041.jpg,602.523193359375,342.8800048828125,484.77642822265625,153.87889099121094,800,1066,800,1066
IMG_4039.jpg,IMG_4041.jpg,602.8162841796875,292.71148681640625,628.0292358398438,255.48703002929688,800,1066,800,1066
IMG_4039.jpg,IMG_4041.jpg,603.8871459960938,293.5285949707031,628.0292358398438,255.48703002929688,800,1066,800,1066
IMG_4039.jpg,IMG_4041.jpg,604.0279541015625,337.329833984375,527.3731689453125,157.2928466796875,800,1066,800,1066
IMG_4039.jpg,IMG_4041.jpg,604.3402099609375,316.6091613769531,522.0996704101562,103.0615234375,800,1066,800,1066
IMG_4039.jpg,IMG_4041.jpg,604.9950561523438,332.42340087890625,527.3731689453125,157.2928466796875,800,1066,800,1066
IMG_4039.jpg,IMG_4041.jpg,606.4057006835938,354.78997802734375,489.7601623535156,82.52523040771484,800,1066,800,1066
IMG_4039.jpg,IMG_4041.jpg,607.259765625,356.4398498535156,545.4578857421875,155.2676239013672,800,1066,800,1066
IMG_4039.jpg,IMG_4041.jpg,608.013427734375,303.5176696777344,565.9862060546875,211.73094177246094,800,1066,800,1066
IMG_4039.jpg,IMG_4041.jpg,608.1798706054688,301.19354248046875,356.5731506347656,81.36772918701172,800,1066,800,1066
IMG_4039.jpg,IMG_4041.jpg,608.3869018554688,341.793701171875,472.2216491699219,108.192626953125,800,1066,800,1066
IMG_4039.jpg,IMG_4041.jpg,608.8062744140625,340.1653137207031,424.97369384765625,145.21258544921875,800,1066,800,1066
IMG_4039.jpg,IMG_4041.jpg,608.9039306640625,330.07098388671875,464.1654968261719,130.39605712890625,800,1066,800,1066
IMG_4039.jpg,IMG_4041.jpg,609.0233154296875,333.4949035644531,496.02288818359375,121.07727813720703,800,1066,800,1066
IMG_4039.jpg,IMG_4041.jpg,609.919189453125,348.9637756347656,474.61474609375,119.87422943115234,800,1066,800,1066
IMG_4039.jpg,IMG_4041.jpg,610.2197265625,342.9120178222656,583.119384765625,227.38992309570312,800,1066,800,1066
IMG_4039.jpg,IMG_4041.jpg,610.8712768554688,317.0165100097656,551.9224243164062,203.97901916503906,800,1066,800,1066
IMG_4039.jpg,IMG_4041.jpg,611.4527587890625,335.7688293457031,546.4241333007812,215.33233642578125,800,1066,800,1066
IMG_4039.jpg,IMG_4041.jpg,611.4735717773438,316.4822082519531,551.9224243164062,203.97901916503906,800,1066,800,1066
IMG_4039.jpg,IMG_4041.jpg,612.6975708007812,311.8067626953125,344.18487548828125,105.2288589477539,800,1066,800,1066
IMG_4039.jpg,IMG_4041.jpg,614.44921875,948.802490234375,590.4314575195312,332.99365234375,800,1066,800,1066
IMG_4039.jpg,IMG_4041.jpg,615.6414794921875,562.6162719726562,440.6845703125,216.0042724609375,800,1066,800,1066
IMG_4039.jpg,IMG_4041.jpg,615.7537841796875,310.3966369628906,481.9397888183594,128.09812927246094,800,1066,800,1066
IMG_4039.jpg,IMG_4041.jpg,616.10009765625,304.81585693359375,446.8774108886719,118.05870056152344,800,1066,800,1066
IMG_4039.jpg,IMG_4041.jpg,616.10009765625,304.81585693359375,512.5875244140625,107.89286804199219,800,1066,800,1066
IMG_4039.jpg,IMG_4041.jpg,616.1541137695312,275.8262634277344,443.9372253417969,70.49445343017578,800,1066,800,1066
IMG_4039.jpg,IMG_4041.jpg,617.33056640625,947.6069946289062,676.2079467773438,323.3589172363281,800,1066,800,1066
IMG_4039.jpg,IMG_4041.jpg,619.3742065429688,936.7583618164062,527.3731689453125,157.2928466796875,800,1066,800,1066
IMG_4039.jpg,IMG_4041.jpg,620.9457397460938,295.9958190917969,358.1126708984375,69.1116714477539,800,1066,800,1066
IMG_4039.jpg,IMG_4041.jpg,622.15478515625,884.1043701171875,470.5760498046875,388.3871765136719,800,1066,800,1066
IMG_4039.jpg,IMG_4041.jpg,622.9981079101562,287.0745849609375,398.4499816894531,68.87155151367188,800,1066,800,1066
IMG_4039.jpg,IMG_4041.jpg,630.8187866210938,331.61614990234375,537.8095092773438,824.342041015625,800,1066,800,1066
IMG_4039.jpg,IMG_4041.jpg,631.8106689453125,876.6746826171875,624.5733032226562,199.59945678710938,800,1066,800,1066
IMG_4039.jpg,IMG_4041.jpg,632.0800170898438,301.56854248046875,711.7316284179688,463.5773620605469,800,1066,800,1066
IMG_4039.jpg,IMG_4041.jpg,632.3302001953125,630.0756225585938,413.9653625488281,55.157100677490234,800,1066,800,1066
IMG_4039.jpg,IMG_4041.jpg,633.8329467773438,352.333984375,670.4125366210938,396.78704833984375,800,1066,800,1066
IMG_4039.jpg,IMG_4041.jpg,634.1091918945312,879.9512329101562,451.81207275390625,155.87855529785156,800,1066,800,1066
IMG_4039.jpg,IMG_4041.jpg,636.2659301757812,393.35009765625,601.458740234375,286.1623229980469,800,1066,800,1066
IMG_4039.jpg,IMG_4041.jpg,636.2659301757812,393.35009765625,471.1292419433594,386.4715576171875,800,1066,800,1066
IMG_4039.jpg,IMG_4041.jpg,637.1216430664062,646.9686889648438,696.5576782226562,428.3888244628906,800,1066,800,1066
IMG_4039.jpg,IMG_4041.jpg,638.0662231445312,358.71343994140625,531.0226440429688,241.9027099609375,800,1066,800,1066
IMG_4039.jpg,IMG_4041.jpg,638.273193359375,643.48388671875,700.1019897460938,429.8876953125,800,1066,800,1066
IMG_4039.jpg,IMG_4041.jpg,638.342529296875,856.5932006835938,171.47500610351562,537.0648193359375,800,1066,800,1066
IMG_4039.jpg,IMG_4041.jpg,638.6585693359375,314.3059387207031,705.1930541992188,474.3164978027344,800,1066,800,1066
IMG_4039.jpg,IMG_4041.jpg,640.22314453125,940.1220703125,252.63612365722656,844.7738037109375,800,1066,800,1066
IMG_4039.jpg,IMG_4041.jpg,640.9195556640625,960.5855102539062,119.89404296875,991.5083618164062,800,1066,800,1066
IMG_4039.jpg,IMG_4041.jpg,648.4202270507812,355.4500732421875,673.9506225585938,339.35797119140625,800,1066,800,1066
IMG_4039.jpg,IMG_4041.jpg,650.137451171875,443.78741455078125,361.00323486328125,224.72695922851562,800,1066,800,1066
IMG_4039.jpg,IMG_4041.jpg,650.2078857421875,346.9697265625,560.6907348632812,113.14666748046875,800,1066,800,1066
IMG_4039.jpg,IMG_4041.jpg,651.9683227539062,524.2693481445312,705.61572265625,309.74163818359375,800,1066,800,1066
IMG_4039.jpg,IMG_4041.jpg,653.826416015625,982.486328125,502.66839599609375,231.02967834472656,800,1066,800,1066
IMG_4039.jpg,IMG_4041.jpg,653.8856201171875,453.2166748046875,577.0795288085938,208.1505889892578,800,1066,800,1066
IMG_4039.jpg,IMG_4041.jpg,653.8856201171875,453.2166748046875,509.3973083496094,176.17657470703125,800,1066,800,1066
IMG_4039.jpg,IMG_4041.jpg,657.475341796875,482.5550231933594,662.5487670898438,245.9626007080078,800,1066,800,1066
IMG_4039.jpg,IMG_4041.jpg,660.104248046875,494.8678894042969,631.1097412109375,183.26620483398438,800,1066,800,1066
IMG_4039.jpg,IMG_4041.jpg,661.1161499023438,479.1365966796875,631.1097412109375,183.26620483398438,800,1066,800,1066
IMG_4039.jpg,IMG_4041.jpg,662.0708618164062,381.62896728515625,670.7071533203125,258.22674560546875,800,1066,800,1066
IMG_4039.jpg,IMG_4041.jpg,662.9667358398438,991.6382446289062,502.66839599609375,231.02967834472656,800,1066,800,1066
IMG_4039.jpg,IMG_4041.jpg,662.9667358398438,991.6382446289062,502.66839599609375,231.02967834472656,800,1066,800,1066
IMG_4039.jpg,IMG_4041.jpg,663.3555297851562,719.0157470703125,667.515380859375,250.72035217285156,800,1066,800,1066
IMG_4039.jpg,IMG_4041.jpg,665.1480712890625,433.5010986328125,605.7697143554688,178.72796630859375,800,1066,800,1066
IMG_4039.jpg,IMG_4041.jpg,665.5957641601562,458.6795959472656,574.5032348632812,103.63355255126953,800,1066,800,1066
IMG_4039.jpg,IMG_4041.jpg,667.732177734375,698.6328125,574.5032348632812,103.63355255126953,800,1066,800,1066
IMG_4039.jpg,IMG_4041.jpg,668.2748413085938,416.81494140625,666.3035278320312,252.62986755371094,800,1066,800,1066
IMG_4039.jpg,IMG_4041.jpg,668.9736328125,999.4966430664062,502.66839599609375,231.02967834472656,800,1066,800,1066
IMG_4039.jpg,IMG_4041.jpg,669.0564575195312,420.52947998046875,668.0110473632812,258.0449523925781,800,1066,800,1066
IMG_4039.jpg,IMG_4041.jpg,669.7472534179688,428.4567565917969,631.1097412109375,183.26620483398438,800,1066,800,1066
IMG_4039.jpg,IMG_4041.jpg,669.7838134765625,438.86444091796875,656.783447265625,251.99566650390625,800,1066,800,1066
IMG_4039.jpg,IMG_4041.jpg,670.1725463867188,443.1683044433594,579.8551635742188,114.677490234375,800,1066,800,1066
IMG_4039.jpg,IMG_4041.jpg,672.0841064453125,724.9150390625,669.406982421875,251.8521728515625,800,1066,800,1066
IMG_4039.jpg,IMG_4041.jpg,672.8232421875,733.1351318359375,669.406982421875,251.8521728515625,800,1066,800,1066
IMG_4039.jpg,IMG_4041.jpg,673.7144165039062,421.6138000488281,632.3800048828125,154.59481811523438,800,1066,800,1066
IMG_4039.jpg,IMG_4041.jpg,716.9185791015625,1045.544677734375,607.5291137695312,303.0311279296875,800,1066,800,1066
IMG_4039.jpg,IMG_4041.jpg,719.9459228515625,1048.5687255859375,676.2079467773438,323.3589172363281,800,1066,800,1066
IMG_4039.jpg,IMG_4041.jpg,720.1569213867188,1051.46875,483.870849609375,182.14846801757812,800,1066,800,1066
IMG_4040.jpg,IMG_4041.jpg,22.12952995300293,778.4589233398438,170.10142517089844,551.397216796875,800,1066,800,1066
IMG_4040.jpg,IMG_4041.jpg,24.991920471191406,782.9545288085938,109.05097961425781,821.1547241210938,800,1066,800,1066
IMG_4040.jpg,IMG_4041.jpg,27.95772933959961,779.9149169921875,137.0334014892578,782.9859619140625,800,1066,800,1066
IMG_4040.jpg,IMG_4041.jpg,32.025421142578125,775.8409423828125,184.87432861328125,663.7503051757812,800,1066,800,1066
IMG_4040.jpg,IMG_4041.jpg,32.093299865722656,778.0747680664062,198.8651123046875,691.8894653320312,800,1066,800,1066
IMG_4040.jpg,IMG_4041.jpg,32.55028533935547,898.0970458984375,103.89342498779297,928.8565673828125,800,1066,800,1066
IMG_4040.jpg,IMG_4041.jpg,36.94952392578125,891.14208984375,167.62669372558594,869.7861328125,800,1066,800,1066
IMG_4040.jpg,IMG_4041.jpg,36.94952392578125,891.14208984375,167.62669372558594,869.7861328125,800,1066,800,1066
IMG_4040.jpg,IMG_4041.jpg,36.984169006347656,891.0762329101562,167.62669372558594,869.7861328125,800,1066,800,1066
IMG_4040.jpg,IMG_4041.jpg,36.984169006347656,891.0762329101562,167.62669372558594,869.7861328125,800,1066,800,1066
IMG_4040.jpg,IMG_4041.jpg,38.34204864501953,766.6602172851562,178.02020263671875,660.3634643554688,800,1066,800,1066
IMG_4040.jpg,IMG_4041.jpg,38.90324783325195,769.8701782226562,186.45094299316406,668.0763549804688,800,1066,800,1066
IMG_4040.jpg,IMG_4041.jpg,39.4205436706543,766.6781616210938,178.9464874267578,659.1788330078125,800,1066,800,1066
IMG_4040.jpg,IMG_4041.jpg,40.54890823364258,770.3076171875,186.61019897460938,663.7684936523438,800,1066,800,1066
IMG_4040.jpg,IMG_4041.jpg,42.72560119628906,763.1342163085938,167.9291534423828,592.26025390625,800,1066,800,1066
IMG_4040.jpg,IMG_4041.jpg,45.10728073120117,876.7894287109375,113.70167541503906,906.5818481445312,800,1066,800,1066
IMG_4040.jpg,IMG_4041.jpg,45.94340515136719,759.8964233398438,179.0015106201172,658.2593994140625,800,1066,800,1066
IMG_4040.jpg,IMG_4041.jpg,46.10027313232422,882.7344970703125,163.11041259765625,873.6604614257812,800,1066,800,1066
IMG_4040.jpg,IMG_4041.jpg,48.64768981933594,944.6017456054688,299.8338317871094,917.999755859375,800,1066,800,1066
IMG_4040.jpg,IMG_4041.jpg,48.64768981933594,944.6017456054688,121.02525329589844,970.07763671875,800,1066,800,1066
IMG_4040.jpg,IMG_4041.jpg,48.88191223144531,872.7424926757812,115.65180206298828,902.7896728515625,800,1066,800,1066
IMG_4040.jpg,IMG_4041.jpg,49.019744873046875,878.656494140625,178.1403350830078,861.7594604492188,800,1066,800,1066
IMG_4040.jpg,IMG_4041.jpg,49.071372985839844,944.4354858398438,121.02525329589844,970.07763671875,800,1066,800,1066
IMG_4040.jpg,IMG_4041.jpg,49.209285736083984,944.03857421875,121.02525329589844,970.07763671875,800,1066,800,1066
IMG_4040.jpg,IMG_4041.jpg,49.98059844970703,759.74462890625,184.87432861328125,663.7503051757812,800,1066,800,1066
IMG_4040.jpg,IMG_4041.jpg,50.285430908203125,873.5390625,115.65180206298828,902.7896728515625,800,1066,800,1066
IMG_4040.jpg,IMG_4041.jpg,50.51533508300781,763.9959716796875,143.08502197265625,776.1976928710938,800,1066,800,1066
IMG_4040.jpg,IMG_4041.jpg,50.73930740356445,881.4515991210938,104.82430267333984,919.1002197265625,800,1066,800,1066
IMG_4040.jpg,IMG_4041.jpg,52.85284423828125,873.505859375,118.90829467773438,903.904296875,800,1066,800,1066
IMG_4040.jpg,IMG_4041.jpg,52.948638916015625,764.244140625,116.3769760131836,812.1676635742188,800,1066,800,1066
IMG_4040.jpg,IMG_4041.jpg,56.14823532104492,763.4894409179688,132.26161193847656,796.3712158203125,800,1066,800,1066
IMG_4040.jpg,IMG_4041.jpg,56.74173355102539,995.1065673828125,163.11041259765625,873.6604614257812,800,1066,800,1066
IMG_4040.jpg,IMG_4041.jpg,57.003562927246094,871.07861328125,118.56421661376953,904.4209594726562,800,1066,800,1066
IMG_4040.jpg,IMG_4041.jpg,57.089717864990234,871.0448608398438,118.56421661376953,904.4209594726562,800,1066,800,1066
IMG_4040.jpg,IMG_4041.jpg,57.93368911743164,870.467529296875,118.56421661376953,904.4209594726562,800,1066,800,1066
IMG_4040.jpg,IMG_4041.jpg,59.25019454956055,872.5803833007812,104.82430267333984,919.1002197265625,800,1066,800,1066
IMG_4040.jpg,IMG_4041.jpg,59.32353210449219,1000.2694091796875,110.07018280029297,918.3912963867188,800,1066,800,1066
IMG_4040.jpg,IMG_4041.jpg,60.881072998046875,871.6196899414062,317.14453125,736.2247314453125,800,1066,800,1066
IMG_4040.jpg,IMG_4041.jpg,62.15331268310547,743.8051147460938,165.79208374023438,593.5528564453125,800,1066,800,1066
IMG_4040.jpg,IMG_4041.jpg,62.87334060668945,745.958984375,103.23329162597656,821.7728881835938,800,1066,800,1066
IMG_4040.jpg,IMG_4041.jpg,63.1904296875,1008.7634887695312,110.07018280029297,918.3912963867188,800,1066,800,1066
IMG_4040.jpg,IMG_4041.jpg,63.91832733154297,863.6251831054688,331.0411682128906,731.2723999023438,800,1066,800,1066
IMG_4040.jpg,IMG_4041.jpg,63.938926696777344,760.7799682617188,142.5765380859375,777.69287109375,800,1066,800,1066
IMG_4040.jpg,IMG_4041.jpg,65.78620147705078,867.1417236328125,196.8217010498047,849.3414306640625,800,1066,800,1066
IMG_4040.jpg,IMG_4041.jpg,66.09001922607422,746.6765747070312,173.72952270507812,548.9650268554688,800,1066,800,1066
IMG_4040.jpg,IMG_4041.jpg,67.01377868652344,1006.54052734375,142.5765380859375,777.69287109375,800,1066,800,1066
IMG_4040.jpg,IMG_4041.jpg,67.03400421142578,1004.9926147460938,141.39260864257812,884.38818359375,800,1066,800,1066
IMG_4040.jpg,IMG_4041.jpg,68.1852035522461,860.1070556640625,135.09197998046875,887.9237670898438,800,1066,800,1066
IMG_4040.jpg,IMG_4041.jpg,68.64686584472656,860.6893310546875,135.09197998046875,887.9237670898438,800,1066,800,1066
IMG_4040.jpg,IMG_4041.jpg,69.82853698730469,742.9761352539062,173.72952270507812,548.9650268554688,800,1066,800,1066
IMG_4040.jpg,IMG_4041.jpg,69.84251403808594,739.069580078125,178.02020263671875,660.3634643554688,800,1066,800,1066
IMG_4040.jpg,IMG_4041.jpg,70.272216796875,1010.6077880859375,141.39260864257812,884.38818359375,800,1066,800,1066
IMG_4040.jpg,IMG_4041.jpg,70.59245300292969,1011.192138671875,264.11968994140625,732.9685668945312,800,1066,800,1066
IMG_4040.jpg,IMG_4041.jpg,72.6651611328125,753.6503295898438,142.5765380859375,777.69287109375,800,1066,800,1066
IMG_4040.jpg,IMG_4041.jpg,72.85881042480469,1023.9515991210938,240.98818969726562,685.3975830078125,800,1066,800,1066
IMG_4040.jpg,IMG_4041.jpg,73.13036346435547,739.7379760742188,174.0902099609375,583.2783203125,800,1066,800,1066
IMG_4040.jpg,IMG_4041.jpg,73.62943267822266,863.1119384765625,146.23609924316406,885.8314208984375,800,1066,800,1066
IMG_4040.jpg,IMG_4041.jpg,75.56818389892578,731.9864501953125,178.02020263671875,660.3634643554688,800,1066,800,1066
IMG_4040.jpg,IMG_4041.jpg,76.4822006225586,743.3875732421875,144.69271850585938,778.2014770507812,800,1066,800,1066
IMG_4040.jpg,IMG_4041.jpg,76.61183166503906,857.2463989257812,141.39260864257812,884.38818359375,800,1066,800,1066
IMG_4040.jpg,IMG_4041.jpg,78.04835510253906,861.242919921875,146.23609924316406,885.8314208984375,800,1066,800,1066
IMG_4040.jpg,IMG_4041.jpg,79.87126922607422,734.0060424804688,184.87432861328125,663.7503051757812,800,1066,800,1066
IMG_4040.jpg,IMG_4041.jpg,80.53951263427734,853.8607788085938,145.705322265625,880.4151611328125,800,1066,800,1066
IMG_4040.jpg,IMG_4041.jpg,81.01531982421875,723.1658935546875,109.0487289428711,814.8911743164062,800,1066,800,1066
IMG_4040.jpg,IMG_4041.jpg,81.67774963378906,858.8717651367188,146.23609924316406,885.8314208984375,800,1066,800,1066
IMG_4040.jpg,IMG_4041.jpg,81.7347183227539,734.4833984375,171.08592224121094,575.8741455078125,800,1066,800,1066
IMG_4040.jpg,IMG_4041.jpg,82.69435119628906,861.4323120117188,331.1168518066406,731.0413818359375,800,1066,800,1066
IMG_4040.jpg,IMG_4041.jpg,83.90925598144531,725.6113891601562,185.67218017578125,678.528076171875,800,1066,800,1066
IMG_4040.jpg,IMG_4041.jpg,86.519775390625,723.642333984375,109.0487289428711,814.8911743164062,800,1066,800,1066
IMG_4040.jpg,IMG_4041.jpg,87.06452178955078,856.9871215820312,311.68646240234375,737.6834106445312,800,1066,800,1066
IMG_4040.jpg,IMG_4041.jpg,87.35362243652344,855.8477783203125,172.75094604492188,866.1964721679688,800,1066,800,1066
IMG_4040.jpg,IMG_4041.jpg,87.35362243652344,855.8477783203125,151.5357666015625,882.3229370117188,800,1066,800,1066
IMG_4040.jpg,IMG_4041.jpg,88.07940673828125,1043.3192138671875,169.3720703125,1056.8983154296875,800,1066,800,1066
IMG_4040.jpg,IMG_4041.jpg,88.22416687011719,851.233642578125,331.0411682128906,731.2723999023438,800,1066,800,1066
IMG_4040.jpg,IMG_4041.jpg,89.64149475097656,859.027587890625,336.11114501953125,730.0408325195312,800,1066,800,1066
IMG_4040.jpg,IMG_4041.jpg,90.66051483154297,853.9193725585938,163.11041259765625,873.6604614257812,800,1066,800,1066
IMG_4040.jpg,IMG_4041.jpg,90.66051483154297,853.9193725585938,163.11041259765625,873.6604614257812,800,1066,800,1066
IMG_4040.jpg,IMG_4041.jpg,91.49263000488281,769.3009033203125,221.8412628173828,754.888671875,800,1066,800,1066
IMG_4040.jpg,IMG_4041.jpg,94.94242858886719,852.0634765625,311.3552551269531,737.9977416992188,800,1066,800,1066
IMG_4040.jpg,IMG_4041.jpg,95.03741455078125,855.1118774414062,336.11114501953125,730.0408325195312,800,1066,800,1066
IMG_4040.jpg,IMG_4041.jpg,95.23546600341797,719.7655029296875,165.79208374023438,593.5528564453125,800,1066,800,1066
IMG_4040.jpg,IMG_4041.jpg,97.14804077148438,924.0276489257812,233.57777404785156,716.7490234375,800,1066,800,1066
IMG_4040.jpg,IMG_4041.jpg,99.91593170166016,719.7789916992188,173.72952270507812,548.9650268554688,800,1066,800,1066
IMG_4040.jpg,IMG_4041.jpg,100.9315185546875,713.5723266601562,189.55136108398438,680.5259399414062,800,1066,800,1066
IMG_4040.jpg,IMG_4041.jpg,101.17123413085938,729.4251098632812,160.3844451904297,760.0288696289062,800,1066,800,1066
IMG_4040.jpg,IMG_4041.jpg,101.62322998046875,929.2877197265625,172.8548126220703,948.0684204101562,800,1066,800,1066
IMG_4040.jpg,IMG_4041.jpg,101.78228759765625,720.4608154296875,135.2199249267578,787.1002807617188,800,1066,800,1066
IMG_4040.jpg,IMG_4041.jpg,102.47864532470703,930.134521484375,306.3376770019531,739.6578979492188,800,1066,800,1066
IMG_4040.jpg,IMG_4041.jpg,103.61913299560547,711.73681640625,115.75357818603516,799.2382202148438,800,1066,800,1066
IMG_4040.jpg,IMG_4041.jpg,103.9085693359375,845.7319946289062,167.36373901367188,869.9349975585938,800,1066,800,1066
IMG_4040.jpg,IMG_4041.jpg,104.15876770019531,716.9993286132812,173.72952270507812,548.9650268554688,800,1066,800,1066
IMG_4040.jpg,IMG_4041.jpg,104.74627685546875,845.259033203125,167.36373901367188,869.9349975585938,800,1066,800,1066
IMG_4040.jpg,IMG_4041.jpg,105.9302749633789,1011.4177856445312,229.63882446289062,713.05859375,800,1066,800,1066
IMG_4040.jpg,IMG_4041.jpg,107.67434692382812,949.5697631835938,183.7119140625,972.286865234375,800,1066,800,1066
IMG_4040.jpg,IMG_4041.jpg,109.99547576904297,960.5556030273438,183.7119140625,972.286865234375,800,1066,800,1066
IMG_4040.jpg,IMG_4041.jpg,110.221435546875,714.1597900390625,137.0334014892578,782.9859619140625,800,1066,800,1066
IMG_4040.jpg,IMG_4041.jpg,112.24304962158203,1047.973876953125,226.43051147460938,795.3674926757812,800,1066,800,1066
IMG_4040.jpg,IMG_4041.jpg,112.6654281616211,970.6998901367188,191.89520263671875,992.7381591796875,800,1066,800,1066
IMG_4040.jpg,IMG_4041.jpg,112.78134155273438,1042.8426513671875,123.9310073852539,1000.4957885742188,800,1066,800,1066
IMG_4040.jpg,IMG_4041.jpg,114.82422637939453,832.6320190429688,177.11427307128906,855.9102172851562,800,1066,800,1066
IMG_4040.jpg,IMG_4041.jpg,116.4195327758789,701.9149780273438,109.0487289428711,814.8911743164062,800,1066,800,1066
IMG_4040.jpg,IMG_4041.jpg,117.7611312866211,708.4530029296875,137.0334014892578,782.9859619140625,800,1066,800,1066
IMG_4040.jpg,IMG_4041.jpg,117.85945892333984,959.8529663085938,323.4401550292969,730.2329711914062,800,1066,800,1066
IMG_4040.jpg,IMG_4041.jpg,122.84190368652344,1001.2621459960938,204.1751251220703,1017.9254150390625,800,1066,800,1066
IMG_4040.jpg,IMG_4041.jpg,122.84190368652344,1001.2621459960938,204.1751251220703,1017.9254150390625,800,1066,800,1066
IMG_4040.jpg,IMG_4041.jpg,122.9104232788086,991.5040283203125,209.369873046875,726.5152587890625,800,1066,800,1066
IMG_4040.jpg,IMG_4041.jpg,123.78807830810547,833.5585327148438,185.814208984375,856.0787353515625,800,1066,800,1066
IMG_4040.jpg,IMG_4041.jpg,124.47859191894531,703.7365112304688,142.5765380859375,777.69287109375,800,1066,800,1066
IMG_4040.jpg,IMG_4041.jpg,126.7626953125,699.9406127929688,135.2199249267578,787.1002807617188,800,1066,800,1066
IMG_4040.jpg,IMG_4041.jpg,127.1785659790039,704.6077270507812,142.5765380859375,777.69287109375,800,1066,800,1066
IMG_4040.jpg,IMG_4041.jpg,129.0123291015625,826.0346069335938,331.0411682128906,731.2723999023438,800,1066,800,1066
IMG_4040.jpg,IMG_4041.jpg,130.1157989501953,1027.5738525390625,215.82424926757812,1045.301025390625,800,1066,800,1066
IMG_4040.jpg,IMG_4041.jpg,132.30282592773438,829.875732421875,196.8217010498047,849.3414306640625,800,1066,800,1066
IMG_4040.jpg,IMG_4041.jpg,134.59017944335938,695.6414184570312,185.08270263671875,730.5444946289062,800,1066,800,1066
IMG_4040.jpg,IMG_4041.jpg,135.9270477294922,703.99365234375,174.0902099609375,583.2783203125,800,1066,800,1066
IMG_4040.jpg,IMG_4041.jpg,137.12132263183594,821.6826782226562,336.11114501953125,730.0408325195312,800,1066,800,1066
IMG_4040.jpg,IMG_4041.jpg,137.69546508789062,1052.1197509765625,296.08489990234375,763.3487548828125,800,1066,800,1066
IMG_4040.jpg,IMG_4041.jpg,137.69546508789062,1052.1197509765625,204.1751251220703,1017.9254150390625,800,1066,800,1066
IMG_4040.jpg,IMG_4041.jpg,139.63966369628906,685.8906860351562,130.7799835205078,787.11474609375,800,1066,800,1066
IMG_4040.jpg,IMG_4041.jpg,140.66964721679688,825.3300170898438,201.8216094970703,845.8279418945312,800,1066,800,1066
IMG_4040.jpg,IMG_4041.jpg,140.87493896484375,830.1079711914062,336.11114501953125,730.0408325195312,800,1066,800,1066
IMG_4040.jpg,IMG_4041.jpg,144.17242431640625,678.8783569335938,83.50299835205078,844.7581787109375,800,1066,800,1066
IMG_4040.jpg,IMG_4041.jpg,144.27719116210938,690.11572265625,135.2199249267578,787.1002807617188,800,1066,800,1066
IMG_4040.jpg,IMG_4041.jpg,147.01565551757812,676.661865234375,91.84373474121094,835.855224609375,800,1066,800,1066
IMG_4040.jpg,IMG_4041.jpg,148.39242553710938,821.2899169921875,209.19639587402344,840.6588745117188,800,1066,800,1066
IMG_4040.jpg,IMG_4041.jpg,149.68548583984375,970.9918823242188,224.81666564941406,689.2554931640625,800,1066,800,1066
IMG_4040.jpg,IMG_4041.jpg,154.19906616210938,816.005859375,214.18148803710938,834.0328369140625,800,1066,800,1066
IMG_4040.jpg,IMG_4041.jpg,162.1963653564453,670.8121948242188,143.50302124023438,766.2301635742188,800,1066,800,1066
IMG_4040.jpg,IMG_4041.jpg,163.25680541992188,1049.7559814453125,172.75094604492188,866.1964721679688,800,1066,800,1066
IMG_4040.jpg,IMG_4041.jpg,164.56236267089844,809.923583984375,185.814208984375,856.0787353515625,800,1066,800,1066
IMG_4040.jpg,IMG_4041.jpg,164.812744140625,809.6210327148438,185.814208984375,856.0787353515625,800,1066,800,1066
IMG_4040.jpg,IMG_4041.jpg,169.95948791503906,666.9765625,141.93507385253906,771.0548706054688,800,1066,800,1066
IMG_4040.jpg,IMG_4041.jpg,171.23451232910156,802.3584594726562,331.1264953613281,730.7798461914062,800,1066,800,1066
IMG_4040.jpg,IMG_4041.jpg,171.6451873779297,803.0685424804688,331.1264953613281,730.7798461914062,800,1066,800,1066
IMG_4040.jpg,IMG_4041.jpg,174.89462280273438,664.92529296875,130.7799835205078,787.11474609375,800,1066,800,1066
IMG_4040.jpg,IMG_4041.jpg,176.97317504882812,663.8230590820312,120.17024993896484,800.8388061523438,800,1066,800,1066
IMG_4040.jpg,IMG_4041.jpg,179.17938232421875,663.4135131835938,179.46600341796875,657.61083984375,800,1066,800,1066
IMG_4040.jpg,IMG_4041.jpg,184.12733459472656,657.8234252929688,123.78462219238281,793.7665405273438,800,1066,800,1066
IMG_4040.jpg,IMG_4041.jpg,186.85299682617188,937.823486328125,224.4774932861328,691.1935424804688,800,1066,800,1066
IMG_4040.jpg,IMG_4041.jpg,190.2295379638672,800.9137573242188,209.19639587402344,840.6588745117188,800,1066,800,1066
IMG_4040.jpg,IMG_4041.jpg,192.3530731201172,791.4512329101562,177.11427307128906,855.9102172851562,800,1066,800,1066
IMG_4040.jpg,IMG_4041.jpg,193.09417724609375,798.0709228515625,260.2256774902344,734.5416259765625,800,1066,800,1066
IMG_4040.jpg,IMG_4041.jpg,194.32366943359375,618.5966796875,203.11558532714844,708.0178833007812,800,1066,800,1066
IMG_4040.jpg,IMG_4041.jpg,197.51693725585938,794.0858764648438,186.09515380859375,855.9442749023438,800,1066,800,1066
IMG_4040.jpg,IMG_4041.jpg,197.51724243164062,766.9857788085938,223.52378845214844,756.1963500976562,800,1066,800,1066
IMG_4040.jpg,IMG_4041.jpg,198.09310913085938,935.6196899414062,276.25567626953125,946.9977416992188,800,1066,800,1066
IMG_4040.jpg,IMG_4041.jpg,200.0487518310547,653.6683349609375,126.27300262451172,799.7152709960938,800,1066,800,1066
IMG_4040.jpg,IMG_4041.jpg,204.75514221191406,1063.0526123046875,419.9807434082031,898.0433959960938,800,1066,800,1066
IMG_4040.jpg,IMG_4041.jpg,205.0113983154297,620.3175048828125,203.11558532714844,708.0178833007812,800,1066,800,1066
IMG_4040.jpg,IMG_4041.jpg,207.49453735351562,534.0335083007812,124.74296569824219,541.1810913085938,800,1066,800,1066
IMG_4040.jpg,IMG_4041.jpg,209.44265747070312,652.851318359375,160.34017944335938,765.9561767578125,800,1066,800,1066
IMG_4040.jpg,IMG_4041.jpg,215.5743865966797,621.5081176757812,191.77752685546875,705.357666015625,800,1066,800,1066
IMG_4040.jpg,IMG_4041.jpg,217.39639282226562,1060.6695556640625,307.9842224121094,919.020263671875,800,1066,800,1066
IMG_4040.jpg,IMG_4041.jpg,217.39639282226562,1060.6695556640625,386.2540588378906,909.3269653320312,800,1066,800,1066
IMG_4040.jpg,IMG_4041.jpg,218.24220275878906,640.89501953125,153.8194122314453,756.9887084960938,800,1066,800,1066
IMG_4040.jpg,IMG_4041.jpg,219.58511352539062,641.0038452148438,176.3057861328125,733.8798217773438,800,1066,800,1066
IMG_4040.jpg,IMG_4041.jpg,220.73501586914062,785.7808837890625,305.58013916015625,822.5230102539062,800,1066,800,1066
IMG_4040.jpg,IMG_4041.jpg,222.878173828125,514.5555419921875,167.66192626953125,742.2485961914062,800,1066,800,1066
IMG_4040.jpg,IMG_4041.jpg,223.0775146484375,555.0679931640625,167.67234802246094,553.5786743164062,800,1066,800,1066
IMG_4040.jpg,IMG_4041.jpg,223.9220733642578,659.7142944335938,206.67446899414062,716.4974975585938,800,1066,800,1066
IMG_4040.jpg,IMG_4041.jpg,226.09996032714844,594.5166015625,163.8937530517578,574.8016357421875,800,1066,800,1066
IMG_4040.jpg,IMG_4041.jpg,227.3293914794922,652.9794921875,221.8412628173828,754.888671875,800,1066,800,1066
IMG_4040.jpg,IMG_4041.jpg,227.420166015625,570.853515625,175.97116088867188,651.072265625,800,1066,800,1066
IMG_4040.jpg,IMG_4041.jpg,227.48297119140625,552.6410522460938,167.67234802246094,553.5786743164062,800,1066,800,1066
IMG_4040.jpg,IMG_4041.jpg,227.67376708984375,606.5819091796875,165.79208374023438,593.5528564453125,800,1066,800,1066
IMG_4040.jpg,IMG_4041.jpg,227.7825164794922,594.3516845703125,163.8937530517578,574.8016357421875,800,1066,800,1066
IMG_4040.jpg,IMG_4041.jpg,227.87332153320312,663.8050537109375,195.3134002685547,706.7168579101562,800,1066,800,1066
IMG_4040.jpg,IMG_4041.jpg,228.1367645263672,631.489013671875,195.3134002685547,706.7168579101562,800,1066,800,1066
IMG_4040.jpg,IMG_4041.jpg,228.9960174560547,589.2852172851562,163.8937530517578,574.8016357421875,800,1066,800,1066
IMG_4040.jpg,IMG_4041.jpg,229.01797485351562,598.9964599609375,173.10928344726562,642.9091186523438,800,1066,800,1066
IMG_4040.jpg,IMG_4041.jpg,229.0233917236328,604.5593872070312,195.14381408691406,690.8165283203125,800,1066,800,1066
IMG_4040.jpg,IMG_4041.jpg,229.59617614746094,704.9415893554688,292.8253479003906,695.9966430664062,800,1066,800,1066
IMG_4040.jpg,IMG_4041.jpg,229.7620086669922,574.245361328125,174.75555419921875,649.6566772460938,800,1066,800,1066
IMG_4040.jpg,IMG_4041.jpg,229.88294982910156,618.0005493164062,170.09654235839844,629.0355834960938,800,1066,800,1066
IMG_4040.jpg,IMG_4041.jpg,230.02223205566406,610.0857543945312,195.14381408691406,690.8165283203125,800,1066,800,1066
IMG_4040.jpg,IMG_4041.jpg,230.04782104492188,623.5751953125,173.10928344726562,642.9091186523438,800,1066,800,1066
IMG_4040.jpg,IMG_4041.jpg,230.06712341308594,586.1839599609375,171.1088104248047,635.1934204101562,800,1066,800,1066
IMG_4040.jpg,IMG_4041.jpg,230.16165161132812,653.1885986328125,224.40943908691406,759.239013671875,800,1066,800,1066
IMG_4040.jpg,IMG_4041.jpg,230.21519470214844,504.6132507324219,169.9593505859375,743.8408203125,800,1066,800,1066
IMG_4040.jpg,IMG_4041.jpg,230.23001098632812,634.688720703125,203.11558532714844,708.0178833007812,800,1066,800,1066
IMG_4040.jpg,IMG_4041.jpg,230.60531616210938,618.1554565429688,188.7221221923828,678.027099609375,800,1066,800,1066
IMG_4040.jpg,IMG_4041.jpg,230.64718627929688,662.9047241210938,247.95352172851562,805.8274536132812,800,1066,800,1066
IMG_4040.jpg,IMG_4041.jpg,230.82333374023438,734.8396606445312,232.69427490234375,815.1083374023438,800,1066,800,1066
IMG_4040.jpg,IMG_4041.jpg,230.9780731201172,635.9169311523438,195.3134002685547,706.7168579101562,800,1066,800,1066
IMG_4040.jpg,IMG_4041.jpg,230.98178100585938,639.6044921875,206.67446899414062,716.4974975585938,800,1066,800,1066
IMG_4040.jpg,IMG_4041.jpg,230.9836883544922,630.7150268554688,203.11558532714844,708.0178833007812,800,1066,800,1066
IMG_4040.jpg,IMG_4041.jpg,231.0117645263672,577.9853515625,189.55136108398438,680.5259399414062,800,1066,800,1066
IMG_4040.jpg,IMG_4041.jpg,231.3568572998047,619.0701904296875,167.66192626953125,742.2485961914062,800,1066,800,1066
IMG_4040.jpg,IMG_4041.jpg,231.50111389160156,630.48046875,169.8354949951172,531.3582153320312,800,1066,800,1066
IMG_4040.jpg,IMG_4041.jpg,231.603759765625,566.087890625,187.68199157714844,679.7066650390625,800,1066,800,1066
IMG_4040.jpg,IMG_4041.jpg,232.1392822265625,574.2379150390625,195.14381408691406,690.8165283203125,800,1066,800,1066
IMG_4040.jpg,IMG_4041.jpg,232.4121856689453,612.1832275390625,170.45054626464844,611.4379272460938,800,1066,800,1066
IMG_4040.jpg,IMG_4041.jpg,232.42288208007812,609.5293579101562,173.72952270507812,548.9650268554688,800,1066,800,1066
IMG_4040.jpg,IMG_4041.jpg,232.43112182617188,614.4277954101562,170.22067260742188,585.9955444335938,800,1066,800,1066
IMG_4040.jpg,IMG_4041.jpg,232.43446350097656,623.342529296875,175.74697875976562,633.4283447265625,800,1066,800,1066
IMG_4040.jpg,IMG_4041.jpg,233.12916564941406,607.2833862304688,171.20777893066406,595.4202270507812,800,1066,800,1066
IMG_4040.jpg,IMG_4041.jpg,233.16751098632812,568.750732421875,195.14381408691406,690.8165283203125,800,1066,800,1066
IMG_4040.jpg,IMG_4041.jpg,233.22853088378906,625.06640625,170.22067260742188,585.9955444335938,800,1066,800,1066
IMG_4040.jpg,IMG_4041.jpg,233.5145721435547,440.1898193359375,125.16143035888672,428.1292724609375,800,1066,800,1066
IMG_4040.jpg,IMG_4041.jpg,233.76824951171875,613.3593139648438,172.0291290283203,597.3523559570312,800,1066,800,1066
IMG_4040.jpg,IMG_4041.jpg,234.17201232910156,599.1965942382812,172.2685089111328,584.5706176757812,800,1066,800,1066
IMG_4040.jpg,IMG_4041.jpg,234.17428588867188,633.5202026367188,237.2409210205078,505.9960021972656,800,1066,800,1066
IMG_4040.jpg,IMG_4041.jpg,234.18116760253906,564.228271484375,195.14381408691406,690.8165283203125,800,1066,800,1066
IMG_4040.jpg,IMG_4041.jpg,234.27032470703125,624.5974731445312,203.2163848876953,701.0293579101562,800,1066,800,1066
IMG_4040.jpg,IMG_4041.jpg,234.420654296875,726.3914184570312,228.66241455078125,767.6536865234375,800,1066,800,1066
IMG_4040.jpg,IMG_4041.jpg,234.67352294921875,465.3956298828125,136.1208038330078,364.5344543457031,800,1066,800,1066
IMG_4040.jpg,IMG_4041.jpg,235.28005981445312,795.662841796875,227.17672729492188,785.6886596679688,800,1066,800,1066
IMG_4040.jpg,IMG_4041.jpg,235.5286865234375,439.56707763671875,169.05320739746094,559.6016845703125,800,1066,800,1066
IMG_4040.jpg,IMG_4041.jpg,235.5414581298828,488.6578674316406,176.3057861328125,733.8798217773438,800,1066,800,1066
IMG_4040.jpg,IMG_4041.jpg,235.55528259277344,550.5540161132812,167.9291534423828,592.26025390625,800,1066,800,1066
IMG_4040.jpg,IMG_4041.jpg,235.73170471191406,623.9909057617188,203.2163848876953,701.0293579101562,800,1066,800,1066
IMG_4040.jpg,IMG_4041.jpg,235.99229431152344,555.2147827148438,196.91783142089844,695.030517578125,800,1066,800,1066
IMG_4040.jpg,IMG_4041.jpg,236.53855895996094,716.7997436523438,243.63446044921875,804.548583984375,800,1066,800,1066
IMG_4040.jpg,IMG_4041.jpg,236.5541534423828,611.2785034179688,172.2685089111328,584.5706176757812,800,1066,800,1066
IMG_4040.jpg,IMG_4041.jpg,236.8450927734375,803.3912353515625,229.5130157470703,790.1703491210938,800,1066,800,1066
IMG_4040.jpg,IMG_4041.jpg,236.8456573486328,637.8967895507812,173.89353942871094,542.0552368164062,800,1066,800,1066
IMG_4040.jpg,IMG_4041.jpg,236.96006774902344,462.459228515625,165.56246948242188,572.2318115234375,800,1066,800,1066
IMG_4040.jpg,IMG_4041.jpg,237.07554626464844,550.4868774414062,170.10142517089844,551.397216796875,800,1066,800,1066
IMG_4040.jpg,IMG_4041.jpg,237.10055541992188,739.51123046875,247.70050048828125,814.7512817382812,800,1066,800,1066
IMG_4040.jpg,IMG_4041.jpg,237.10055541992188,739.51123046875,223.52378845214844,756.1963500976562,800,1066,800,1066
IMG_4040.jpg,IMG_4041.jpg,237.2321319580078,454.2115783691406,136.1208038330078,364.5344543457031,800,1066,800,1066
IMG_4040.jpg,IMG_4041.jpg,237.6242218017578,735.8668823242188,226.82369995117188,785.0709228515625,800,1066,800,1066
IMG_4040.jpg,IMG_4041.jpg,237.6242218017578,735.8668823242188,223.52378845214844,756.1963500976562,800,1066,800,1066
IMG_4040.jpg,IMG_4041.jpg,237.62619018554688,587.6177368164062,172.3900604248047,563.515869140625,800,1066,800,1066
IMG_4040.jpg,IMG_4041.jpg,237.7655487060547,441.9442443847656,172.04440307617188,635.11328125,800,1066,800,1066
IMG_4040.jpg,IMG_4041.jpg,238.00021362304688,484.71881103515625,179.0015106201172,658.2593994140625,800,1066,800,1066
IMG_4040.jpg,IMG_4041.jpg,238.10536193847656,778.4244384765625,206.67446899414062,716.4974975585938,800,1066,800,1066
IMG_4040.jpg,IMG_4041.jpg,238.1502227783203,543.91943359375,195.14381408691406,690.8165283203125,800,1066,800,1066
IMG_4040.jpg,IMG_4041.jpg,238.35618591308594,802.1104736328125,229.5130157470703,790.1703491210938,800,1066,800,1066
IMG_4040.jpg,IMG_4041.jpg,239.07638549804688,536.6372680664062,195.14381408691406,690.8165283203125,800,1066,800,1066
IMG_4040.jpg,IMG_4041.jpg,239.2784423828125,770.4458618164062,297.23114013671875,800.3167724609375,800,1066,800,1066
IMG_4040.jpg,IMG_4041.jpg,239.46304321289062,548.6997680664062,173.43922424316406,543.2588500976562,800,1066,800,1066
IMG_4040.jpg,IMG_4041.jpg,239.69883728027344,438.9114990234375,179.0015106201172,658.2593994140625,800,1066,800,1066
IMG_4040.jpg,IMG_4041.jpg,239.98106384277344,446.8585510253906,180.00706481933594,657.935791015625,800,1066,800,1066
IMG_4040.jpg,IMG_4041.jpg,240.0371856689453,482.8975524902344,178.9464874267578,659.1788330078125,800,1066,800,1066
IMG_4040.jpg,IMG_4041.jpg,240.07460021972656,441.8077697753906,167.9291534423828,592.26025390625,800,1066,800,1066
IMG_4040.jpg,IMG_4041.jpg,240.0931396484375,531.2593383789062,195.14381408691406,690.8165283203125,800,1066,800,1066
IMG_4040.jpg,IMG_4041.jpg,240.27137756347656,547.8370361328125,194.05801391601562,682.633544921875,800,1066,800,1066
IMG_4040.jpg,IMG_4041.jpg,240.31851196289062,319.4553527832031,190.3729705810547,469.617431640625,800,1066,800,1066
IMG_4040.jpg,IMG_4041.jpg,240.34669494628906,361.01678466796875,190.3729705810547,469.617431640625,800,1066,800,1066
IMG_4040.jpg,IMG_4041.jpg,240.49447631835938,541.0869750976562,170.22067260742188,585.9955444335938,800,1066,800,1066
IMG_4040.jpg,IMG_4041.jpg,240.53456115722656,410.7891540527344,130.1154327392578,408.64739990234375,800,1066,800,1066
IMG_4040.jpg,IMG_4041.jpg,240.74290466308594,547.741455078125,173.72952270507812,548.9650268554688,800,1066,800,1066
IMG_4040.jpg,IMG_4041.jpg,240.7771759033203,475.0661315917969,171.4303436279297,623.3713989257812,800,1066,800,1066
IMG_4040.jpg,IMG_4041.jpg,240.96434020996094,524.939208984375,167.9291534423828,592.26025390625,800,1066,800,1066
IMG_4040.jpg,IMG_4041.jpg,241.0674285888672,541.7871704101562,170.99745178222656,585.692626953125,800,1066,800,1066
IMG_4040.jpg,IMG_4041.jpg,241.1349639892578,488.0437927246094,171.06846618652344,544.8538818359375,800,1066,800,1066
IMG_4040.jpg,IMG_4041.jpg,241.15399169921875,488.03765869140625,171.06846618652344,544.8538818359375,800,1066,800,1066
IMG_4040.jpg,IMG_4041.jpg,241.18896484375,470.77294921875,178.4708709716797,640.61572265625,800,1066,800,1066
IMG_4040.jpg,IMG_4041.jpg,241.2005615234375,442.0271911621094,170.10142517089844,551.397216796875,800,1066,800,1066
IMG_4040.jpg,IMG_4041.jpg,241.27191162109375,800.4903564453125,216.36703491210938,758.2323608398438,800,1066,800,1066
IMG_4040.jpg,IMG_4041.jpg,241.44989013671875,535.5682373046875,173.43922424316406,543.2588500976562,800,1066,800,1066
IMG_4040.jpg,IMG_4041.jpg,241.68003845214844,502.6656799316406,169.9593505859375,743.8408203125,800,1066,800,1066
IMG_4040.jpg,IMG_4041.jpg,241.9989471435547,370.03460693359375,169.10166931152344,622.947998046875,800,1066,800,1066
IMG_4040.jpg,IMG_4041.jpg,242.02239990234375,513.0086059570312,174.8055419921875,647.9113159179688,800,1066,800,1066
IMG_4040.jpg,IMG_4041.jpg,242.06004333496094,525.6331176757812,180.00706481933594,657.935791015625,800,1066,800,1066
IMG_4040.jpg,IMG_4041.jpg,242.0825958251953,440.702880859375,143.0852813720703,347.82940673828125,800,1066,800,1066
IMG_4040.jpg,IMG_4041.jpg,242.12673950195312,534.675048828125,194.2303009033203,681.9267578125,800,1066,800,1066
IMG_4040.jpg,IMG_4041.jpg,242.20123291015625,436.9242858886719,182.90383911132812,667.1396484375,800,1066,800,1066
IMG_4040.jpg,IMG_4041.jpg,242.4065704345703,547.5518188476562,198.8651123046875,691.8894653320312,800,1066,800,1066
IMG_4040.jpg,IMG_4041.jpg,242.46192932128906,530.9429931640625,173.43922424316406,543.2588500976562,800,1066,800,1066
IMG_4040.jpg,IMG_4041.jpg,242.49517822265625,484.62847900390625,176.52395629882812,564.6477661132812,800,1066,800,1066
IMG_4040.jpg,IMG_4041.jpg,242.73324584960938,470.02703857421875,184.74114990234375,646.8936767578125,800,1066,800,1066
IMG_4040.jpg,IMG_4041.jpg,242.79212951660156,530.301025390625,173.72952270507812,548.9650268554688,800,1066,800,1066
IMG_4040.jpg,IMG_4041.jpg,242.93673706054688,484.8468933105469,173.89353942871094,542.0552368164062,800,1066,800,1066
IMG_4040.jpg,IMG_4041.jpg,243.07821655273438,435.0459899902344,143.0852813720703,347.82940673828125,800,1066,800,1066
IMG_4040.jpg,IMG_4041.jpg,243.0800323486328,534.875,198.8651123046875,691.8894653320312,800,1066,800,1066
IMG_4040.jpg,IMG_4041.jpg,243.0834503173828,495.1300354003906,132.08950805664062,402.75592041015625,800,1066,800,1066
IMG_4040.jpg,IMG_4041.jpg,243.46939086914062,523.522705078125,203.2163848876953,701.0293579101562,800,1066,800,1066
IMG_4040.jpg,IMG_4041.jpg,243.47776794433594,776.4197387695312,243.63446044921875,804.548583984375,800,1066,800,1066
IMG_4040.jpg,IMG_4041.jpg,243.55972290039062,517.8800048828125,184.74114990234375,646.8936767578125,800,1066,800,1066
IMG_4040.jpg,IMG_4041.jpg,243.70372009277344,431.15069580078125,138.96458435058594,364.89208984375,800,1066,800,1066
IMG_4040.jpg,IMG_4041.jpg,243.9527130126953,485.1064147949219,173.72952270507812,548.9650268554688,800,1066,800,1066
IMG_4040.jpg,IMG_4041.jpg,243.97164916992188,523.2711181640625,203.2163848876953,701.0293579101562,800,1066,800,1066
IMG_4040.jpg,IMG_4041.jpg,244.03627014160156,346.94573974609375,172.04440307617188,635.11328125,800,1066,800,1066
IMG_4040.jpg,IMG_4041.jpg,244.13771057128906,529.2733764648438,172.0291290283203,597.3523559570312,800,1066,800,1066
IMG_4040.jpg,IMG_4041.jpg,244.17433166503906,489.49322509765625,170.99745178222656,585.692626953125,800,1066,800,1066
IMG_4040.jpg,IMG_4041.jpg,244.43939208984375,511.09033203125,186.45094299316406,668.0763549804688,800,1066,800,1066
IMG_4040.jpg,IMG_4041.jpg,244.4422607421875,436.36627197265625,173.43922424316406,543.2588500976562,800,1066,800,1066
IMG_4040.jpg,IMG_4041.jpg,246.2623291015625,496.91595458984375,174.9575958251953,742.1824340820312,800,1066,800,1066
IMG_4040.jpg,IMG_4041.jpg,246.7743682861328,778.0321044921875,263.29278564453125,878.3381958007812,800,1066,800,1066
IMG_4040.jpg,IMG_4041.jpg,247.55447387695312,795.6009521484375,314.3687438964844,800.4910278320312,800,1066,800,1066
IMG_4040.jpg,IMG_4041.jpg,247.5738525390625,391.26019287109375,108.02568817138672,284.60308837890625,800,1066,800,1066
IMG_4040.jpg,IMG_4041.jpg,247.64572143554688,317.9651184082031,138.96458435058594,364.89208984375,800,1066,800,1066
IMG_4040.jpg,IMG_4041.jpg,247.954345703125,798.546630859375,405.05755615234375,711.767822265625,800,1066,800,1066
IMG_4040.jpg,IMG_4041.jpg,248.3879852294922,456.08544921875,175.08116149902344,521.1397705078125,800,1066,800,1066
IMG_4040.jpg,IMG_4041.jpg,248.71482849121094,821.9114990234375,225.50111389160156,786.9718017578125,800,1066,800,1066
IMG_4040.jpg,IMG_4041.jpg,248.7356414794922,383.28839111328125,160.30589294433594,426.070556640625,800,1066,800,1066
IMG_4040.jpg,IMG_4041.jpg,249.90257263183594,452.4389953613281,241.9591522216797,667.0088500976562,800,1066,800,1066
IMG_4040.jpg,IMG_4041.jpg,251.08248901367188,791.709228515625,247.2965850830078,659.5067749023438,800,1066,800,1066
IMG_4040.jpg,IMG_4041.jpg,251.22915649414062,470.8682556152344,127.76399230957031,430.9527893066406,800,1066,800,1066
IMG_4040.jpg,IMG_4041.jpg,251.39952087402344,414.7994689941406,186.4221954345703,502.8138122558594,800,1066,800,1066
IMG_4040.jpg,IMG_4041.jpg,251.8129119873047,395.5372619628906,144.13221740722656,383.36529541015625,800,1066,800,1066
IMG_4040.jpg,IMG_4041.jpg,251.9855499267578,847.355712890625,249.93331909179688,661.66650390625,800,1066,800,1066
IMG_4040.jpg,IMG_4041.jpg,252.11380004882812,790.1448974609375,247.2965850830078,659.5067749023438,800,1066,800,1066
IMG_4040.jpg,IMG_4041.jpg,252.14688110351562,403.4692687988281,144.13221740722656,383.36529541015625,800,1066,800,1066
IMG_4040.jpg,IMG_4041.jpg,252.60813903808594,806.4458618164062,235.48538208007812,788.9451904296875,800,1066,800,1066
IMG_4040.jpg,IMG_4041.jpg,252.8307342529297,426.5543212890625,143.15679931640625,462.1100158691406,800,1066,800,1066
IMG_4040.jpg,IMG_4041.jpg,252.84718322753906,401.4475402832031,142.2489471435547,393.77703857421875,800,1066,800,1066
IMG_4040.jpg,IMG_4041.jpg,253.0743408203125,471.56658935546875,127.76399230957031,430.9527893066406,800,1066,800,1066
IMG_4040.jpg,IMG_4041.jpg,253.6319122314453,861.4898681640625,247.71446228027344,816.6787719726562,800,1066,800,1066
IMG_4040.jpg,IMG_4041.jpg,254.02145385742188,407.4827575683594,140.0911407470703,458.5406188964844,800,1066,800,1066
IMG_4040.jpg,IMG_4041.jpg,254.08786010742188,872.8760375976562,249.01119995117188,849.6026000976562,800,1066,800,1066
IMG_4040.jpg,IMG_4041.jpg,254.13894653320312,872.5196533203125,249.01119995117188,849.6026000976562,800,1066,800,1066
IMG_4040.jpg,IMG_4041.jpg,254.57469177246094,391.6914367675781,132.4825439453125,407.0749816894531,800,1066,800,1066
IMG_4040.jpg,IMG_4041.jpg,254.5988311767578,842.4410400390625,263.0317687988281,872.6160888671875,800,1066,800,1066
IMG_4040.jpg,IMG_4041.jpg,254.98390197753906,870.021484375,217.72268676757812,734.9210205078125,800,1066,800,1066
IMG_4040.jpg,IMG_4041.jpg,255.58456420898438,861.0254516601562,253.92515563964844,822.0088500976562,800,1066,800,1066
IMG_4040.jpg,IMG_4041.jpg,255.7041473388672,414.4383850097656,152.20864868164062,365.1148376464844,800,1066,800,1066
IMG_4040.jpg,IMG_4041.jpg,256.4214172363281,539.3233642578125,171.4303436279297,623.3713989257812,800,1066,800,1066
IMG_4040.jpg,IMG_4041.jpg,256.9836730957031,412.33697509765625,142.2489471435547,393.77703857421875,800,1066,800,1066
IMG_4040.jpg,IMG_4041.jpg,257.1833801269531,444.1659851074219,160.24656677246094,472.4798889160156,800,1066,800,1066
IMG_4040.jpg,IMG_4041.jpg,257.6067810058594,848.7282104492188,401.4984130859375,695.9880981445312,800,1066,800,1066
IMG_4040.jpg,IMG_4041.jpg,257.6532897949219,407.7626647949219,138.9759979248047,330.45465087890625,800,1066,800,1066
IMG_4040.jpg,IMG_4041.jpg,257.65618896484375,866.4207153320312,238.8893585205078,717.5645141601562,800,1066,800,1066
IMG_4040.jpg,IMG_4041.jpg,257.99578857421875,826.6774291992188,263.29278564453125,878.3381958007812,800,1066,800,1066
IMG_4040.jpg,IMG_4041.jpg,258.1343688964844,823.8002319335938,247.92556762695312,585.2265014648438,800,1066,800,1066
IMG_4040.jpg,IMG_4041.jpg,258.2380676269531,903.8801879882812,284.1730651855469,902.3536987304688,800,1066,800,1066
IMG_4040.jpg,IMG_4041.jpg,258.546630859375,577.3078002929688,164.6090545654297,752.2103881835938,800,1066,800,1066
IMG_4040.jpg,IMG_4041.jpg,258.8701171875,829.7090454101562,297.37554931640625,876.12939453125,800,1066,800,1066
IMG_4040.jpg,IMG_4041.jpg,259.00848388671875,805.1376342773438,233.07591247558594,780.8949584960938,800,1066,800,1066
IMG_4040.jpg,IMG_4041.jpg,259.0971374511719,878.7418212890625,240.2063446044922,825.3446044921875,800,1066,800,1066
IMG_4040.jpg,IMG_4041.jpg,259.1312561035156,861.6594848632812,345.27362060546875,932.9293212890625,800,1066,800,1066
IMG_4040.jpg,IMG_4041.jpg,259.7263488769531,902.9335327148438,410.6627197265625,909.1263427734375,800,1066,800,1066
IMG_4040.jpg,IMG_4041.jpg,259.74688720703125,280.5319519042969,139.15760803222656,359.44317626953125,800,1066,800,1066
IMG_4040.jpg,IMG_4041.jpg,260.2559509277344,902.7030029296875,229.5130157470703,790.1703491210938,800,1066,800,1066
IMG_4040.jpg,IMG_4041.jpg,260.3379211425781,874.008056640625,229.5130157470703,790.1703491210938,800,1066,800,1066
IMG_4040.jpg,IMG_4041.jpg,260.90496826171875,903.2236328125,295.3865661621094,907.2391967773438,800,1066,800,1066
IMG_4040.jpg,IMG_4041.jpg,261.05657958984375,805.71923828125,247.70050048828125,814.7512817382812,800,1066,800,1066
IMG_4040.jpg,IMG_4041.jpg,261.3662109375,801.5966796875,247.4924774169922,809.63037109375,800,1066,800,1066
IMG_4040.jpg,IMG_4041.jpg,261.82098388671875,855.5253295898438,382.89666748046875,883.2066650390625,800,1066,800,1066
IMG_4040.jpg,IMG_4041.jpg,261.82098388671875,855.5253295898438,294.5126037597656,897.6194458007812,800,1066,800,1066
IMG_4040.jpg,IMG_4041.jpg,261.91986083984375,847.028076171875,346.91607666015625,899.1078491210938,800,1066,800,1066
IMG_4040.jpg,IMG_4041.jpg,261.98870849609375,279.8237609863281,103.09545135498047,274.25933837890625,800,1066,800,1066
IMG_4040.jpg,IMG_4041.jpg,262.20501708984375,911.2163696289062,335.46258544921875,923.1015014648438,800,1066,800,1066
IMG_4040.jpg,IMG_4041.jpg,262.2784729003906,504.43475341796875,154.2072296142578,483.0102844238281,800,1066,800,1066
IMG_4040.jpg,IMG_4041.jpg,262.62261962890625,765.4859619140625,330.9961853027344,861.7883911132812,800,1066,800,1066
IMG_4040.jpg,IMG_4041.jpg,262.89825439453125,906.895751953125,343.14849853515625,906.246826171875,800,1066,800,1066
IMG_4040.jpg,IMG_4041.jpg,263.7772216796875,866.6758422851562,279.93023681640625,875.4171142578125,800,1066,800,1066
IMG_4040.jpg,IMG_4041.jpg,265.33306884765625,742.61181640625,271.09515380859375,865.94677734375,800,1066,800,1066
IMG_4040.jpg,IMG_4041.jpg,265.3440856933594,876.1942749023438,412.19854736328125,890.0811767578125,800,1066,800,1066
IMG_4040.jpg,IMG_4041.jpg,265.5211181640625,816.9921875,373.68109130859375,892.4994506835938,800,1066,800,1066
IMG_4040.jpg,IMG_4041.jpg,265.5211181640625,816.9921875,295.2966003417969,891.4307250976562,800,1066,800,1066
IMG_4040.jpg,IMG_4041.jpg,266.2164306640625,874.0032958984375,241.36256408691406,705.4627685546875,800,1066,800,1066
IMG_4040.jpg,IMG_4041.jpg,266.35675048828125,884.1644287109375,233.14744567871094,794.553955078125,800,1066,800,1066
IMG_4040.jpg,IMG_4041.jpg,267.7877502441406,894.8814086914062,399.45263671875,874.6409301757812,800,1066,800,1066
IMG_4040.jpg,IMG_4041.jpg,267.971923828125,873.2894897460938,264.0293273925781,868.878173828125,800,1066,800,1066
IMG_4040.jpg,IMG_4041.jpg,268.013671875,857.8533325195312,318.5465087890625,913.6175537109375,800,1066,800,1066
IMG_4040.jpg,IMG_4041.jpg,268.210205078125,856.9682006835938,249.01119995117188,849.6026000976562,800,1066,800,1066
IMG_4040.jpg,IMG_4041.jpg,269.3445129394531,831.413330078125,314.6927490234375,881.9659423828125,800,1066,800,1066
IMG_4040.jpg,IMG_4041.jpg,269.9649963378906,492.34381103515625,350.5047302246094,447.7204284667969,800,1066,800,1066
IMG_4040.jpg,IMG_4041.jpg,271.8161926269531,870.9658203125,324.1956481933594,895.8151245117188,800,1066,800,1066
IMG_4040.jpg,IMG_4041.jpg,271.8719482421875,539.4903564453125,241.36256408691406,705.4627685546875,800,1066,800,1066
IMG_4040.jpg,IMG_4041.jpg,271.934326171875,885.62060546875,281.43463134765625,913.6600341796875,800,1066,800,1066
IMG_4040.jpg,IMG_4041.jpg,272.0256042480469,276.08221435546875,100.83995819091797,289.0736389160156,800,1066,800,1066
IMG_4040.jpg,IMG_4041.jpg,272.0398864746094,513.9443969726562,175.41311645507812,513.1206665039062,800,1066,800,1066
IMG_4040.jpg,IMG_4041.jpg,272.1078796386719,859.5355224609375,368.3556213378906,888.5830688476562,800,1066,800,1066
IMG_4040.jpg,IMG_4041.jpg,272.2807312011719,1007.1402587890625,365.8512878417969,1013.64990234375,800,1066,800,1066
IMG_4040.jpg,IMG_4041.jpg,272.3457946777344,850.5177001953125,243.63446044921875,804.548583984375,800,1066,800,1066
IMG_4040.jpg,IMG_4041.jpg,272.4490966796875,978.0086059570312,359.6672668457031,982.520263671875,800,1066,800,1066
IMG_4040.jpg,IMG_4041.jpg,272.651611328125,854.0624389648438,296.0055236816406,881.3074951171875,800,1066,800,1066
IMG_4040.jpg,IMG_4041.jpg,273.034423828125,251.00840759277344,159.08871459960938,519.8963623046875,800,1066,800,1066
IMG_4040.jpg,IMG_4041.jpg,273.50274658203125,265.95770263671875,125.02477264404297,435.8298034667969,800,1066,800,1066
IMG_4040.jpg,IMG_4041.jpg,273.59344482421875,873.3369750976562,294.0291442871094,906.0714721679688,800,1066,800,1066
IMG_4040.jpg,IMG_4041.jpg,274.1750793457031,885.7195434570312,274.13739013671875,880.3375244140625,800,1066,800,1066
IMG_4040.jpg,IMG_4041.jpg,274.4237365722656,749.5842895507812,225.8064422607422,727.819580078125,800,1066,800,1066
IMG_4040.jpg,IMG_4041.jpg,274.936279296875,969.1475219726562,359.6672668457031,982.520263671875,800,1066,800,1066
IMG_4040.jpg,IMG_4041.jpg,275.1823425292969,485.6230773925781,170.79562377929688,466.1820983886719,800,1066,800,1066
IMG_4040.jpg,IMG_4041.jpg,275.87640380859375,529.3203735351562,278.1152038574219,422.1695556640625,800,1066,800,1066
IMG_4040.jpg,IMG_4041.jpg,276.24365234375,269.4042663574219,105.05964660644531,280.94732666015625,800,1066,800,1066
IMG_4040.jpg,IMG_4041.jpg,276.6249084472656,858.7136840820312,235.48538208007812,788.9451904296875,800,1066,800,1066
IMG_4040.jpg,IMG_4041.jpg,276.6286926269531,327.1152648925781,169.4553985595703,264.1430969238281,800,1066,800,1066
IMG_4040.jpg,IMG_4041.jpg,276.6436462402344,868.5780029296875,341.89874267578125,901.9986572265625,800,1066,800,1066
IMG_4040.jpg,IMG_4041.jpg,276.7586669921875,284.3978576660156,244.9319610595703,431.77728271484375,800,1066,800,1066
IMG_4040.jpg,IMG_4041.jpg,276.9509582519531,912.591552734375,413.34600830078125,910.6253662109375,800,1066,800,1066
IMG_4040.jpg,IMG_4041.jpg,277.57415771484375,515.0001831054688,314.58544921875,596.372314453125,800,1066,800,1066
IMG_4040.jpg,IMG_4041.jpg,278.1061706542969,286.0160827636719,204.73277282714844,504.10577392578125,800,1066,800,1066
IMG_4040.jpg,IMG_4041.jpg,278.16131591796875,877.5932006835938,405.1991271972656,895.861083984375,800,1066,800,1066
IMG_4040.jpg,IMG_4041.jpg,278.4914855957031,916.5280151367188,281.5332946777344,887.3659057617188,800,1066,800,1066
IMG_4040.jpg,IMG_4041.jpg,278.93438720703125,527.212158203125,224.40943908691406,759.239013671875,800,1066,800,1066
IMG_4040.jpg,IMG_4041.jpg,279.0525817871094,887.1009521484375,235.52333068847656,707.8806762695312,800,1066,800,1066
IMG_4040.jpg,IMG_4041.jpg,279.5118713378906,523.8964233398438,232.11708068847656,502.5068054199219,800,1066,800,1066
IMG_4040.jpg,IMG_4041.jpg,280.67694091796875,753.9398803710938,227.59732055664062,722.4921875,800,1066,800,1066
IMG_4040.jpg,IMG_4041.jpg,281.58795166015625,500.41748046875,172.97940063476562,478.9458312988281,800,1066,800,1066
IMG_4040.jpg,IMG_4041.jpg,281.637451171875,510.0268859863281,172.02317810058594,489.529541015625,800,1066,800,1066
IMG_4040.jpg,IMG_4041.jpg,281.637451171875,510.0268859863281,172.02317810058594,489.529541015625,800,1066,800,1066
IMG_4040.jpg,IMG_4041.jpg,281.637451171875,510.0268859863281,172.02317810058594,489.529541015625,800,1066,800,1066
IMG_4040.jpg,IMG_4041.jpg,282.4683837890625,861.7601318359375,217.72268676757812,734.9210205078125,800,1066,800,1066
IMG_4040.jpg,IMG_4041.jpg,283.000732421875,523.2152709960938,179.14353942871094,502.3550720214844,800,1066,800,1066
IMG_4040.jpg,IMG_4041.jpg,283.13134765625,864.4609375,242.62416076660156,793.0490112304688,800,1066,800,1066
IMG_4040.jpg,IMG_4041.jpg,283.13134765625,864.4609375,436.2077331542969,823.1041259765625,800,1066,800,1066
IMG_4040.jpg,IMG_4041.jpg,283.4889221191406,747.2509765625,222.5271453857422,725.4652099609375,800,1066,800,1066
IMG_4040.jpg,IMG_4041.jpg,283.8221435546875,254.2575225830078,103.09545135498047,274.25933837890625,800,1066,800,1066
IMG_4040.jpg,IMG_4041.jpg,283.9677429199219,882.7505493164062,287.45416259765625,907.497802734375,800,1066,800,1066
IMG_4040.jpg,IMG_4041.jpg,286.9075012207031,889.6055908203125,263.5950622558594,854.2976684570312,800,1066,800,1066
IMG_4040.jpg,IMG_4041.jpg,288.1838073730469,874.3321533203125,237.10292053222656,776.4652099609375,800,1066,800,1066
IMG_4040.jpg,IMG_4041.jpg,288.2362365722656,890.844970703125,228.66241455078125,767.6536865234375,800,1066,800,1066
IMG_4040.jpg,IMG_4041.jpg,288.67584228515625,870.1647338867188,239.9440460205078,781.1322631835938,800,1066,800,1066
IMG_4040.jpg,IMG_4041.jpg,288.6839294433594,487.39569091796875,346.0356140136719,445.05328369140625,800,1066,800,1066
IMG_4040.jpg,IMG_4041.jpg,288.9695129394531,890.87646484375,314.3687438964844,800.4910278320312,800,1066,800,1066
IMG_4040.jpg,IMG_4041.jpg,289.849853515625,878.0341796875,325.7008056640625,886.2473754882812,800,1066,800,1066
IMG_4040.jpg,IMG_4041.jpg,291.66400146484375,944.8981323242188,273.059326171875,668.2633666992188,800,1066,800,1066
IMG_4040.jpg,IMG_4041.jpg,292.2076721191406,509.8477478027344,182.21392822265625,484.35009765625,800,1066,800,1066
IMG_4040.jpg,IMG_4041.jpg,292.47747802734375,246.52249145507812,143.69198608398438,413.4359436035156,800,1066,800,1066
IMG_4040.jpg,IMG_4041.jpg,292.5621032714844,885.505859375,253.92515563964844,822.0088500976562,800,1066,800,1066
IMG_4040.jpg,IMG_4041.jpg,292.620361328125,531.0709838867188,232.11708068847656,502.5068054199219,800,1066,800,1066
IMG_4040.jpg,IMG_4041.jpg,293.3974609375,902.388427734375,283.7142639160156,890.2637939453125,800,1066,800,1066
IMG_4040.jpg,IMG_4041.jpg,293.6287841796875,453.89654541015625,172.3429718017578,431.0924987792969,800,1066,800,1066
IMG_4040.jpg,IMG_4041.jpg,294.8461608886719,489.63983154296875,346.0356140136719,445.05328369140625,800,1066,800,1066
IMG_4040.jpg,IMG_4041.jpg,295.1033630371094,914.4977416992188,391.51336669921875,932.854736328125,800,1066,800,1066
IMG_4040.jpg,IMG_4041.jpg,295.1370544433594,891.4657592773438,346.91607666015625,899.1078491210938,800,1066,800,1066
IMG_4040.jpg,IMG_4041.jpg,295.51519775390625,915.8591918945312,402.55535888671875,842.4788208007812,800,1066,800,1066
IMG_4040.jpg,IMG_4041.jpg,295.7687683105469,242.87945556640625,150.0364532470703,186.203857421875,800,1066,800,1066
IMG_4040.jpg,IMG_4041.jpg,296.1423034667969,242.3115692138672,150.0364532470703,186.203857421875,800,1066,800,1066
IMG_4040.jpg,IMG_4041.jpg,296.4387512207031,936.8988647460938,414.87677001953125,734.7088623046875,800,1066,800,1066
IMG_4040.jpg,IMG_4041.jpg,296.5698547363281,885.6654663085938,295.49163818359375,881.4537353515625,800,1066,800,1066
IMG_4040.jpg,IMG_4041.jpg,296.9976806640625,458.95062255859375,280.4705810546875,408.6075744628906,800,1066,800,1066
IMG_4040.jpg,IMG_4041.jpg,297.11114501953125,882.9219360351562,247.99000549316406,857.4141235351562,800,1066,800,1066
IMG_4040.jpg,IMG_4041.jpg,297.6474914550781,490.9354248046875,212.78073120117188,480.9340515136719,800,1066,800,1066
IMG_4040.jpg,IMG_4041.jpg,298.16741943359375,763.6561889648438,324.1011962890625,731.8967895507812,800,1066,800,1066
IMG_4040.jpg,IMG_4041.jpg,299.1028747558594,750.0322875976562,242.62416076660156,793.0490112304688,800,1066,800,1066
IMG_4040.jpg,IMG_4041.jpg,300.8346252441406,323.240234375,143.77357482910156,328.4608154296875,800,1066,800,1066
IMG_4040.jpg,IMG_4041.jpg,301.4461364746094,902.0499267578125,292.8137512207031,885.380859375,800,1066,800,1066
IMG_4040.jpg,IMG_4041.jpg,301.72930908203125,939.254638671875,327.95526123046875,880.9254760742188,800,1066,800,1066
IMG_4040.jpg,IMG_4041.jpg,301.85235595703125,939.34326171875,327.78558349609375,880.434326171875,800,1066,800,1066
IMG_4040.jpg,IMG_4041.jpg,302.0166931152344,925.0488891601562,330.4150085449219,897.97412109375,800,1066,800,1066
IMG_4040.jpg,IMG_4041.jpg,302.5257263183594,500.8730163574219,190.81385803222656,476.7074279785156,800,1066,800,1066
IMG_4040.jpg,IMG_4041.jpg,302.5894775390625,889.2860107421875,313.80908203125,815.87109375,800,1066,800,1066
IMG_4040.jpg,IMG_4041.jpg,303.0348815917969,946.0507202148438,242.72161865234375,863.027099609375,800,1066,800,1066
IMG_4040.jpg,IMG_4041.jpg,303.2257995605469,908.4503173828125,412.19854736328125,890.0811767578125,800,1066,800,1066
IMG_4040.jpg,IMG_4041.jpg,303.3511657714844,308.76007080078125,140.01043701171875,303.93212890625,800,1066,800,1066
IMG_4040.jpg,IMG_4041.jpg,303.51922607421875,931.7940063476562,233.06039428710938,681.65087890625,800,1066,800,1066
IMG_4040.jpg,IMG_4041.jpg,303.5616455078125,464.41650390625,263.4287414550781,421.97674560546875,800,1066,800,1066
IMG_4040.jpg,IMG_4041.jpg,304.53448486328125,887.5457153320312,330.0017395019531,867.5447387695312,800,1066,800,1066
IMG_4040.jpg,IMG_4041.jpg,304.5976867675781,755.2332763671875,380.6933898925781,874.3930053710938,800,1066,800,1066
IMG_4040.jpg,IMG_4041.jpg,304.69085693359375,903.252197265625,247.70050048828125,814.7512817382812,800,1066,800,1066
IMG_4040.jpg,IMG_4041.jpg,305.1311340332031,530.3493041992188,238.76666259765625,504.54351806640625,800,1066,800,1066
IMG_4040.jpg,IMG_4041.jpg,305.2389831542969,495.2295837402344,170.79562377929688,466.1820983886719,800,1066,800,1066
IMG_4040.jpg,IMG_4041.jpg,305.5726013183594,764.2333984375,363.13873291015625,727.1211547851562,800,1066,800,1066
IMG_4040.jpg,IMG_4041.jpg,305.6217956542969,517.0223999023438,238.8893585205078,717.5645141601562,800,1066,800,1066
IMG_4040.jpg,IMG_4041.jpg,306.34716796875,496.10748291015625,187.7173614501953,469.7746276855469,800,1066,800,1066
IMG_4040.jpg,IMG_4041.jpg,306.4416809082031,306.1517639160156,171.01072692871094,447.6846923828125,800,1066,800,1066
IMG_4040.jpg,IMG_4041.jpg,307.9794006347656,312.0461120605469,171.62081909179688,274.9600830078125,800,1066,800,1066
IMG_4040.jpg,IMG_4041.jpg,308.0439453125,761.3118896484375,141.39260864257812,884.38818359375,800,1066,800,1066
IMG_4040.jpg,IMG_4041.jpg,308.3495788574219,740.4105224609375,384.45721435546875,852.5115356445312,800,1066,800,1066
IMG_4040.jpg,IMG_4041.jpg,308.5239562988281,233.73939514160156,143.0062713623047,209.07566833496094,800,1066,800,1066
IMG_4040.jpg,IMG_4041.jpg,308.7536926269531,706.8004150390625,238.8893585205078,717.5645141601562,800,1066,800,1066
IMG_4040.jpg,IMG_4041.jpg,309.02825927734375,497.8486633300781,187.7173614501953,469.7746276855469,800,1066,800,1066
IMG_4040.jpg,IMG_4041.jpg,309.1580810546875,498.05340576171875,187.7173614501953,469.7746276855469,800,1066,800,1066
IMG_4040.jpg,IMG_4041.jpg,309.6511535644531,1020.1915283203125,335.6045227050781,912.06005859375,800,1066,800,1066
IMG_4040.jpg,IMG_4041.jpg,309.6511535644531,1020.1915283203125,335.6045227050781,912.06005859375,800,1066,800,1066
IMG_4040.jpg,IMG_4041.jpg,310.423828125,902.5582275390625,279.7657775878906,907.1422729492188,800,1066,800,1066
IMG_4040.jpg,IMG_4041.jpg,310.630615234375,897.039794921875,319.8559265136719,808.6295776367188,800,1066,800,1066
IMG_4040.jpg,IMG_4041.jpg,310.839599609375,293.8152770996094,135.0862579345703,303.1854553222656,800,1066,800,1066
IMG_4040.jpg,IMG_4041.jpg,311.56494140625,241.7183380126953,161.66140747070312,431.65625,800,1066,800,1066
IMG_4040.jpg,IMG_4041.jpg,312.4920654296875,939.6051635742188,292.8137512207031,885.380859375,800,1066,800,1066
IMG_4040.jpg,IMG_4041.jpg,312.4920654296875,939.6051635742188,292.8137512207031,885.380859375,800,1066,800,1066
IMG_4040.jpg,IMG_4041.jpg,313.6989440917969,931.5506591796875,389.2502136230469,871.6107788085938,800,1066,800,1066
IMG_4040.jpg,IMG_4041.jpg,313.7369079589844,734.9391479492188,214.18148803710938,834.0328369140625,800,1066,800,1066
IMG_4040.jpg,IMG_4041.jpg,314.00396728515625,944.5604248046875,250.41038513183594,861.0253295898438,800,1066,800,1066
IMG_4040.jpg,IMG_4041.jpg,314.3265686035156,768.6751708984375,363.13873291015625,727.1211547851562,800,1066,800,1066
IMG_4040.jpg,IMG_4041.jpg,315.03759765625,934.2277221679688,259.97381591796875,861.3428344726562,800,1066,800,1066
IMG_4040.jpg,IMG_4041.jpg,316.5618896484375,502.96868896484375,202.4781951904297,475.3358459472656,800,1066,800,1066
IMG_4040.jpg,IMG_4041.jpg,317.0707702636719,474.1720275878906,160.13536071777344,480.88372802734375,800,1066,800,1066
IMG_4040.jpg,IMG_4041.jpg,317.2401123046875,912.956298828125,247.99000549316406,857.4141235351562,800,1066,800,1066
IMG_4040.jpg,IMG_4041.jpg,318.3851013183594,944.3215942382812,270.8687744140625,898.62451171875,800,1066,800,1066
IMG_4040.jpg,IMG_4041.jpg,318.6409912109375,459.59185791015625,278.1152038574219,422.1695556640625,800,1066,800,1066
IMG_4040.jpg,IMG_4041.jpg,318.7572021484375,313.32672119140625,169.71514892578125,272.63494873046875,800,1066,800,1066
IMG_4040.jpg,IMG_4041.jpg,319.0937194824219,778.3532104492188,256.9287414550781,845.817138671875,800,1066,800,1066
IMG_4040.jpg,IMG_4041.jpg,319.1782531738281,935.3411254882812,263.0317687988281,872.6160888671875,800,1066,800,1066
IMG_4040.jpg,IMG_4041.jpg,319.4287414550781,456.7710266113281,353.4207763671875,435.8391418457031,800,1066,800,1066
IMG_4040.jpg,IMG_4041.jpg,319.4762878417969,258.1492614746094,203.89186096191406,226.7454071044922,800,1066,800,1066
IMG_4040.jpg,IMG_4041.jpg,319.55438232421875,479.3875427246094,171.01072692871094,447.6846923828125,800,1066,800,1066
IMG_4040.jpg,IMG_4041.jpg,319.84332275390625,246.50335693359375,162.70326232910156,199.2880859375,800,1066,800,1066
IMG_4040.jpg,IMG_4041.jpg,320.1322021484375,943.0473022460938,233.07591247558594,780.8949584960938,800,1066,800,1066
IMG_4040.jpg,IMG_4041.jpg,320.6985168457031,234.41854858398438,147.25628662109375,210.52310180664062,800,1066,800,1066
IMG_4040.jpg,IMG_4041.jpg,321.1577453613281,939.381103515625,289.6162109375,908.3646850585938,800,1066,800,1066
IMG_4040.jpg,IMG_4041.jpg,321.1907958984375,734.6427001953125,428.82073974609375,757.2745361328125,800,1066,800,1066
IMG_4040.jpg,IMG_4041.jpg,321.4783020019531,280.746826171875,161.53146362304688,212.7635040283203,800,1066,800,1066
IMG_4040.jpg,IMG_4041.jpg,322.1963806152344,286.00286865234375,124.1438980102539,274.82977294921875,800,1066,800,1066
IMG_4040.jpg,IMG_4041.jpg,322.37420654296875,998.4558715820312,409.77532958984375,742.9268188476562,800,1066,800,1066
IMG_4040.jpg,IMG_4041.jpg,322.5574645996094,493.5008544921875,195.75709533691406,463.7658386230469,800,1066,800,1066
IMG_4040.jpg,IMG_4041.jpg,323.58026123046875,930.1339111328125,365.9375915527344,926.1176147460938,800,1066,800,1066
IMG_4040.jpg,IMG_4041.jpg,324.13226318359375,484.9635925292969,163.05946350097656,445.8932189941406,800,1066,800,1066
IMG_4040.jpg,IMG_4041.jpg,324.24700927734375,771.2360229492188,183.40582275390625,856.5227661132812,800,1066,800,1066
IMG_4040.jpg,IMG_4041.jpg,324.36419677734375,494.27154541015625,195.75709533691406,463.7658386230469,800,1066,800,1066
IMG_4040.jpg,IMG_4041.jpg,324.36871337890625,921.1611938476562,351.29840087890625,863.0446166992188,800,1066,800,1066
IMG_4040.jpg,IMG_4041.jpg,324.55169677734375,929.665771484375,390.9211730957031,916.5137939453125,800,1066,800,1066
IMG_4040.jpg,IMG_4041.jpg,324.8916015625,722.3941040039062,419.89984130859375,744.8784790039062,800,1066,800,1066
IMG_4040.jpg,IMG_4041.jpg,325.08819580078125,728.205078125,317.6372985839844,862.501708984375,800,1066,800,1066
IMG_4040.jpg,IMG_4041.jpg,325.1490173339844,722.732177734375,419.89984130859375,744.8784790039062,800,1066,800,1066
IMG_4040.jpg,IMG_4041.jpg,325.61773681640625,233.33804321289062,236.4628448486328,137.4342803955078,800,1066,800,1066
IMG_4040.jpg,IMG_4041.jpg,326.2347106933594,302.2588195800781,188.46273803710938,269.2922668457031,800,1066,800,1066
IMG_4040.jpg,IMG_4041.jpg,326.3758239746094,943.9408569335938,401.3616943359375,929.8762817382812,800,1066,800,1066
IMG_4040.jpg,IMG_4041.jpg,326.677001953125,941.216796875,400.0002136230469,920.66357421875,800,1066,800,1066
IMG_4040.jpg,IMG_4041.jpg,329.1488342285156,907.9398803710938,319.04290771484375,808.10302734375,800,1066,800,1066
IMG_4040.jpg,IMG_4041.jpg,329.1488342285156,907.9398803710938,412.8902282714844,734.4095458984375,800,1066,800,1066
IMG_4040.jpg,IMG_4041.jpg,329.3252868652344,211.9317626953125,138.9759979248047,330.45465087890625,800,1066,800,1066
IMG_4040.jpg,IMG_4041.jpg,329.438720703125,908.9270629882812,319.8559265136719,808.6295776367188,800,1066,800,1066
IMG_4040.jpg,IMG_4041.jpg,329.6205749511719,934.409912109375,316.593505859375,800.9996948242188,800,1066,800,1066
IMG_4040.jpg,IMG_4041.jpg,330.0140686035156,234.54376220703125,193.87527465820312,239.0725860595703,800,1066,800,1066
IMG_4040.jpg,IMG_4041.jpg,330.0794677734375,256.8250732421875,135.23011779785156,264.28631591796875,800,1066,800,1066
IMG_4040.jpg,IMG_4041.jpg,330.5616760253906,772.5309448242188,264.11968994140625,732.9685668945312,800,1066,800,1066
IMG_4040.jpg,IMG_4041.jpg,330.80303955078125,774.4682006835938,311.68646240234375,737.6834106445312,800,1066,800,1066
IMG_4040.jpg,IMG_4041.jpg,331.36767578125,274.58416748046875,158.33740234375,488.7358093261719,800,1066,800,1066
IMG_4040.jpg,IMG_4041.jpg,332.5917663574219,773.39208984375,264.11968994140625,732.9685668945312,800,1066,800,1066
IMG_4040.jpg,IMG_4041.jpg,332.89215087890625,238.1908721923828,212.327392578125,200.9678192138672,800,1066,800,1066
IMG_4040.jpg,IMG_4041.jpg,333.4442138671875,946.0921630859375,232.6913604736328,829.1903686523438,800,1066,800,1066
IMG_4040.jpg,IMG_4041.jpg,333.5506896972656,946.5552978515625,329.10174560546875,914.12060546875,800,1066,800,1066
IMG_4040.jpg,IMG_4041.jpg,333.5506896972656,946.5552978515625,346.89532470703125,935.4820556640625,800,1066,800,1066
IMG_4040.jpg,IMG_4041.jpg,333.9368896484375,250.1031951904297,150.44602966308594,244.669677734375,800,1066,800,1066
IMG_4040.jpg,IMG_4041.jpg,334.4851989746094,903.8292846679688,444.5052185058594,777.8683471679688,800,1066,800,1066
IMG_4040.jpg,IMG_4041.jpg,334.49444580078125,216.71766662597656,130.00794982910156,441.3638610839844,800,1066,800,1066
IMG_4040.jpg,IMG_4041.jpg,334.80194091796875,226.90286254882812,203.89186096191406,226.7454071044922,800,1066,800,1066
IMG_4040.jpg,IMG_4041.jpg,334.96453857421875,269.3988952636719,185.56625366210938,204.55075073242188,800,1066,800,1066
IMG_4040.jpg,IMG_4041.jpg,334.9693298339844,527.7818603515625,221.9218292236328,493.04437255859375,800,1066,800,1066
IMG_4040.jpg,IMG_4041.jpg,335.06304931640625,919.6619873046875,295.9945068359375,754.289306640625,800,1066,800,1066
IMG_4040.jpg,IMG_4041.jpg,335.22576904296875,933.2880249023438,355.66680908203125,901.9287109375,800,1066,800,1066
IMG_4040.jpg,IMG_4041.jpg,335.6274108886719,774.6033325195312,135.09197998046875,887.9237670898438,800,1066,800,1066
IMG_4040.jpg,IMG_4041.jpg,336.2767028808594,316.56878662109375,315.2378234863281,407.0023193359375,800,1066,800,1066
IMG_4040.jpg,IMG_4041.jpg,336.7012023925781,723.9761352539062,290.3879089355469,886.0419921875,800,1066,800,1066
IMG_4040.jpg,IMG_4041.jpg,337.9680480957031,928.8629150390625,474.9556579589844,837.5525512695312,800,1066,800,1066
IMG_4040.jpg,IMG_4041.jpg,338.129150390625,933.13623046875,301.8691101074219,899.2822875976562,800,1066,800,1066
IMG_4040.jpg,IMG_4041.jpg,338.5327453613281,920.8880615234375,233.57777404785156,716.7490234375,800,1066,800,1066
IMG_4040.jpg,IMG_4041.jpg,338.5625915527344,949.6248168945312,470.6199035644531,822.630615234375,800,1066,800,1066
IMG_4040.jpg,IMG_4041.jpg,338.6333923339844,775.927490234375,171.20777893066406,595.4202270507812,800,1066,800,1066
IMG_4040.jpg,IMG_4041.jpg,338.8752136230469,778.0792846679688,311.68646240234375,737.6834106445312,800,1066,800,1066
IMG_4040.jpg,IMG_4041.jpg,339.8916931152344,944.9324340820312,296.982666015625,709.614013671875,800,1066,800,1066
IMG_4040.jpg,IMG_4041.jpg,340.0347595214844,956.6503295898438,243.05401611328125,869.4891967773438,800,1066,800,1066
IMG_4040.jpg,IMG_4041.jpg,340.12738037109375,199.86090087890625,142.2232666015625,379.0641174316406,800,1066,800,1066
IMG_4040.jpg,IMG_4041.jpg,340.3405456542969,949.77294921875,270.97259521484375,874.03466796875,800,1066,800,1066
IMG_4040.jpg,IMG_4041.jpg,340.5127258300781,845.3082885742188,222.9569549560547,727.9471435546875,800,1066,800,1066
IMG_4040.jpg,IMG_4041.jpg,340.5541687011719,932.5233764648438,341.36248779296875,937.73046875,800,1066,800,1066
IMG_4040.jpg,IMG_4041.jpg,341.0830078125,199.81532287597656,144.71038818359375,373.5393981933594,800,1066,800,1066
IMG_4040.jpg,IMG_4041.jpg,341.28973388671875,212.13516235351562,182.21392822265625,484.35009765625,800,1066,800,1066
IMG_4040.jpg,IMG_4041.jpg,341.370849609375,791.4315185546875,269.80352783203125,745.76220703125,800,1066,800,1066
IMG_4040.jpg,IMG_4041.jpg,341.49957275390625,955.083251953125,476.8176574707031,839.3925170898438,800,1066,800,1066
IMG_4040.jpg,IMG_4041.jpg,342.1529235839844,776.9115600585938,141.39260864257812,884.38818359375,800,1066,800,1066
IMG_4040.jpg,IMG_4041.jpg,343.79345703125,851.01416015625,220.73611450195312,694.337158203125,800,1066,800,1066
IMG_4040.jpg,IMG_4041.jpg,344.2510070800781,952.7567138671875,251.90992736816406,876.9829711914062,800,1066,800,1066
IMG_4040.jpg,IMG_4041.jpg,344.27557373046875,474.5821533203125,164.8438262939453,445.94903564453125,800,1066,800,1066
IMG_4040.jpg,IMG_4041.jpg,344.28302001953125,922.8695678710938,304.9800109863281,890.9384765625,800,1066,800,1066
IMG_4040.jpg,IMG_4041.jpg,344.5015869140625,219.086669921875,240.3445281982422,165.12596130371094,800,1066,800,1066
IMG_4040.jpg,IMG_4041.jpg,344.5052185058594,196.7091522216797,162.3649139404297,472.78961181640625,800,1066,800,1066
IMG_4040.jpg,IMG_4041.jpg,344.7188720703125,941.1138916015625,399.9468994140625,932.8389892578125,800,1066,800,1066
IMG_4040.jpg,IMG_4041.jpg,345.1191101074219,912.9093627929688,418.88604736328125,735.585693359375,800,1066,800,1066
IMG_4040.jpg,IMG_4041.jpg,345.2983703613281,936.2294921875,357.0316162109375,890.46484375,800,1066,800,1066
IMG_4040.jpg,IMG_4041.jpg,346.40777587890625,784.2423706054688,270.76861572265625,738.496826171875,800,1066,800,1066
IMG_4040.jpg,IMG_4041.jpg,346.6146240234375,268.49920654296875,266.7041015625,210.58029174804688,800,1066,800,1066
IMG_4040.jpg,IMG_4041.jpg,346.64727783203125,209.37472534179688,236.54759216308594,136.2974395751953,800,1066,800,1066
IMG_4040.jpg,IMG_4041.jpg,346.93756103515625,784.424560546875,270.76861572265625,738.496826171875,800,1066,800,1066
IMG_4040.jpg,IMG_4041.jpg,346.93756103515625,784.424560546875,270.76861572265625,738.496826171875,800,1066,800,1066
IMG_4040.jpg,IMG_4041.jpg,347.26898193359375,935.8602294921875,470.67120361328125,856.5759887695312,800,1066,800,1066
IMG_4040.jpg,IMG_4041.jpg,348.3154602050781,933.9364013671875,294.0291442871094,906.0714721679688,800,1066,800,1066
IMG_4040.jpg,IMG_4041.jpg,348.78692626953125,960.934326171875,251.42506408691406,875.2369995117188,800,1066,800,1066
IMG_4040.jpg,IMG_4041.jpg,348.8147277832031,284.4624938964844,201.05572509765625,197.79940795898438,800,1066,800,1066
IMG_4040.jpg,IMG_4041.jpg,348.854248046875,284.3690490722656,222.1060791015625,204.411865234375,800,1066,800,1066
IMG_4040.jpg,IMG_4041.jpg,349.0430908203125,840.9279174804688,472.05548095703125,847.2547607421875,800,1066,800,1066
IMG_4040.jpg,IMG_4041.jpg,349.24810791015625,843.0121459960938,474.42755126953125,842.3577270507812,800,1066,800,1066
IMG_4040.jpg,IMG_4041.jpg,349.9290771484375,944.868408203125,287.45416259765625,907.497802734375,800,1066,800,1066
IMG_4040.jpg,IMG_4041.jpg,349.98870849609375,294.7630920410156,214.96673583984375,190.4496307373047,800,1066,800,1066
IMG_4040.jpg,IMG_4041.jpg,350.1223449707031,936.4896240234375,339.6034240722656,921.4533081054688,800,1066,800,1066
IMG_4040.jpg,IMG_4041.jpg,350.5596008300781,962.46337890625,335.2861633300781,945.5997314453125,800,1066,800,1066
IMG_4040.jpg,IMG_4041.jpg,351.11492919921875,934.5816040039062,315.4147644042969,887.2111206054688,800,1066,800,1066
IMG_4040.jpg,IMG_4041.jpg,351.17486572265625,306.0616455078125,353.4207763671875,435.8391418457031,800,1066,800,1066
IMG_4040.jpg,IMG_4041.jpg,351.4496154785156,796.1129150390625,278.3916320800781,748.4013671875,800,1066,800,1066
IMG_4040.jpg,IMG_4041.jpg,351.6871643066406,960.7708740234375,226.38783264160156,825.0526123046875,800,1066,800,1066
IMG_4040.jpg,IMG_4041.jpg,351.91552734375,781.8886108398438,273.5006408691406,638.714111328125,800,1066,800,1066
IMG_4040.jpg,IMG_4041.jpg,351.95947265625,285.7983703613281,228.30091857910156,203.36590576171875,800,1066,800,1066
IMG_4040.jpg,IMG_4041.jpg,352.0534973144531,285.8421630859375,228.30091857910156,203.36590576171875,800,1066,800,1066
IMG_4040.jpg,IMG_4041.jpg,352.8216857910156,852.3240356445312,369.6861572265625,897.7042846679688,800,1066,800,1066
IMG_4040.jpg,IMG_4041.jpg,352.8297119140625,798.4139404296875,295.9945068359375,754.289306640625,800,1066,800,1066
IMG_4040.jpg,IMG_4041.jpg,352.8297119140625,798.4139404296875,284.2032470703125,719.1825561523438,800,1066,800,1066
IMG_4040.jpg,IMG_4041.jpg,353.4513854980469,934.9692993164062,241.36256408691406,705.4627685546875,800,1066,800,1066
IMG_4040.jpg,IMG_4041.jpg,354.6701965332031,220.16526794433594,150.9167938232422,227.51206970214844,800,1066,800,1066
IMG_4040.jpg,IMG_4041.jpg,354.6701965332031,220.16526794433594,220.14320373535156,122.02029418945312,800,1066,800,1066
IMG_4040.jpg,IMG_4041.jpg,354.6701965332031,220.16526794433594,194.13735961914062,241.24319458007812,800,1066,800,1066
IMG_4040.jpg,IMG_4041.jpg,354.9576110839844,786.1395263671875,180.00706481933594,657.935791015625,800,1066,800,1066
IMG_4040.jpg,IMG_4041.jpg,355.3124694824219,857.81591796875,306.6485290527344,758.3438720703125,800,1066,800,1066
IMG_4040.jpg,IMG_4041.jpg,355.3472595214844,186.01805114746094,138.9759979248047,330.45465087890625,800,1066,800,1066
IMG_4040.jpg,IMG_4041.jpg,355.7610168457031,783.6631469726562,318.7518005371094,733.0247802734375,800,1066,800,1066
IMG_4040.jpg,IMG_4041.jpg,355.937255859375,956.3172607421875,301.7912902832031,800.064697265625,800,1066,800,1066
IMG_4040.jpg,IMG_4041.jpg,356.9056396484375,217.89390563964844,296.25689697265625,150.41921997070312,800,1066,800,1066
IMG_4040.jpg,IMG_4041.jpg,357.028076171875,269.0240783691406,151.8568115234375,253.860595703125,800,1066,800,1066
IMG_4040.jpg,IMG_4041.jpg,357.598388671875,852.8856201171875,327.57025146484375,864.0485229492188,800,1066,800,1066
IMG_4040.jpg,IMG_4041.jpg,358.85003662109375,249.10951232910156,199.06654357910156,226.04794311523438,800,1066,800,1066
IMG_4040.jpg,IMG_4041.jpg,359.4169921875,281.1110534667969,379.3809814453125,368.931884765625,800,1066,800,1066
IMG_4040.jpg,IMG_4041.jpg,359.77838134765625,785.9549560546875,324.1011962890625,731.8967895507812,800,1066,800,1066
IMG_4040.jpg,IMG_4041.jpg,360.48114013671875,950.412841796875,419.7855224609375,893.6469116210938,800,1066,800,1066
IMG_4040.jpg,IMG_4041.jpg,360.66156005859375,930.0516357421875,383.45758056640625,722.2755737304688,800,1066,800,1066
IMG_4040.jpg,IMG_4041.jpg,360.7328796386719,851.3136596679688,292.8253479003906,695.9966430664062,800,1066,800,1066
IMG_4040.jpg,IMG_4041.jpg,360.9921569824219,272.0667724609375,139.20095825195312,253.4091033935547,800,1066,800,1066
IMG_4040.jpg,IMG_4041.jpg,362.66400146484375,940.1376953125,401.4405822753906,847.40380859375,800,1066,800,1066
IMG_4040.jpg,IMG_4041.jpg,362.8169250488281,933.1038208007812,235.48538208007812,788.9451904296875,800,1066,800,1066
IMG_4040.jpg,IMG_4041.jpg,364.49737548828125,795.9974365234375,385.6895751953125,722.3372802734375,800,1066,800,1066
IMG_4040.jpg,IMG_4041.jpg,364.98822021484375,795.7938842773438,385.6895751953125,722.3372802734375,800,1066,800,1066
IMG_4040.jpg,IMG_4041.jpg,365.8684387207031,914.9483032226562,321.6228942871094,853.3827514648438,800,1066,800,1066
IMG_4040.jpg,IMG_4041.jpg,365.9261169433594,943.1831665039062,294.0291442871094,906.0714721679688,800,1066,800,1066
IMG_4040.jpg,IMG_4041.jpg,366.1280822753906,181.18690490722656,115.8787612915039,274.33001708984375,800,1066,800,1066
IMG_4040.jpg,IMG_4041.jpg,366.2701416015625,921.0414428710938,391.51336669921875,932.854736328125,800,1066,800,1066
IMG_4040.jpg,IMG_4041.jpg,366.8165588378906,947.8347778320312,403.45965576171875,844.9583740234375,800,1066,800,1066
IMG_4040.jpg,IMG_4041.jpg,366.95391845703125,289.19683837890625,140.39993286132812,262.0277404785156,800,1066,800,1066
IMG_4040.jpg,IMG_4041.jpg,367.72412109375,900.2532958984375,302.0245056152344,819.5393676757812,800,1066,800,1066
IMG_4040.jpg,IMG_4041.jpg,368.4051208496094,819.1994018554688,313.1225280761719,887.0245361328125,800,1066,800,1066
IMG_4040.jpg,IMG_4041.jpg,368.44842529296875,769.3367309570312,284.2032470703125,719.1825561523438,800,1066,800,1066
IMG_4040.jpg,IMG_4041.jpg,368.4938659667969,943.3814697265625,272.99859619140625,910.1246337890625,800,1066,800,1066
IMG_4040.jpg,IMG_4041.jpg,368.9358215332031,794.3973388671875,295.7767639160156,743.8427124023438,800,1066,800,1066
IMG_4040.jpg,IMG_4041.jpg,369.3826904296875,770.4357299804688,284.2032470703125,719.1825561523438,800,1066,800,1066
IMG_4040.jpg,IMG_4041.jpg,369.4583740234375,224.16534423828125,200.92062377929688,230.38926696777344,800,1066,800,1066
IMG_4040.jpg,IMG_4041.jpg,369.6918029785156,922.473876953125,474.42755126953125,842.3577270507812,800,1066,800,1066
IMG_4040.jpg,IMG_4041.jpg,370.0053405761719,934.689208984375,368.3556213378906,888.5830688476562,800,1066,800,1066
IMG_4040.jpg,IMG_4041.jpg,371.9696044921875,935.1190795898438,345.27362060546875,932.9293212890625,800,1066,800,1066
IMG_4040.jpg,IMG_4041.jpg,372.1850280761719,956.0029907226562,318.245361328125,893.3438110351562,800,1066,800,1066
IMG_4040.jpg,IMG_4041.jpg,372.1850280761719,956.0029907226562,338.46728515625,917.9268798828125,800,1066,800,1066
IMG_4040.jpg,IMG_4041.jpg,372.3237609863281,301.0775146484375,123.88441467285156,289.3685302734375,800,1066,800,1066
IMG_4040.jpg,IMG_4041.jpg,372.496337890625,295.03546142578125,273.61761474609375,418.0228576660156,800,1066,800,1066
IMG_4040.jpg,IMG_4041.jpg,373.0214538574219,969.9019775390625,392.8032531738281,848.058349609375,800,1066,800,1066
IMG_4040.jpg,IMG_4041.jpg,373.44561767578125,917.5379028320312,373.5924072265625,937.252685546875,800,1066,800,1066
IMG_4040.jpg,IMG_4041.jpg,373.5353698730469,791.2826538085938,177.11427307128906,855.9102172851562,800,1066,800,1066
IMG_4040.jpg,IMG_4041.jpg,373.5609130859375,791.6079711914062,246.94158935546875,725.0911254882812,800,1066,800,1066
IMG_4040.jpg,IMG_4041.jpg,374.1894226074219,962.11328125,396.0606994628906,869.2355346679688,800,1066,800,1066
IMG_4040.jpg,IMG_4041.jpg,374.24102783203125,227.2848358154297,158.09027099609375,442.7923278808594,800,1066,800,1066
IMG_4040.jpg,IMG_4041.jpg,375.0883483886719,281.8716735839844,206.17355346679688,183.3664093017578,800,1066,800,1066
IMG_4040.jpg,IMG_4041.jpg,375.2062072753906,943.1348876953125,379.84075927734375,896.8519287109375,800,1066,800,1066
IMG_4040.jpg,IMG_4041.jpg,375.3515319824219,229.35943603515625,271.54791259765625,175.0562744140625,800,1066,800,1066
IMG_4040.jpg,IMG_4041.jpg,375.586669921875,967.2907104492188,474.9556579589844,837.5525512695312,800,1066,800,1066
IMG_4040.jpg,IMG_4041.jpg,375.5940856933594,900.9658813476562,302.8941650390625,786.120361328125,800,1066,800,1066
IMG_4040.jpg,IMG_4041.jpg,375.94158935546875,177.41310119628906,147.19195556640625,335.7458190917969,800,1066,800,1066
IMG_4040.jpg,IMG_4041.jpg,375.9757995605469,933.1195678710938,471.4488830566406,845.0537719726562,800,1066,800,1066
IMG_4040.jpg,IMG_4041.jpg,376.61395263671875,918.4443969726562,384.5433654785156,879.65576171875,800,1066,800,1066
IMG_4040.jpg,IMG_4041.jpg,376.99591064453125,175.79190063476562,143.84310913085938,330.32659912109375,800,1066,800,1066
IMG_4040.jpg,IMG_4041.jpg,377.0967712402344,954.9945068359375,318.483642578125,887.3773803710938,800,1066,800,1066
IMG_4040.jpg,IMG_4041.jpg,377.5927734375,283.0759582519531,258.3148193359375,203.529052734375,800,1066,800,1066
IMG_4040.jpg,IMG_4041.jpg,378.3992919921875,912.7550659179688,279.92401123046875,887.9972534179688,800,1066,800,1066
IMG_4040.jpg,IMG_4041.jpg,378.40985107421875,912.8816528320312,279.92401123046875,887.9972534179688,800,1066,800,1066
IMG_4040.jpg,IMG_4041.jpg,378.4270935058594,934.3416748046875,318.6387023925781,891.2075805664062,800,1066,800,1066
IMG_4040.jpg,IMG_4041.jpg,378.4270935058594,934.3416748046875,388.9353942871094,913.8646850585938,800,1066,800,1066
IMG_4040.jpg,IMG_4041.jpg,378.4270935058594,934.3416748046875,396.54058837890625,893.5220947265625,800,1066,800,1066
IMG_4040.jpg,IMG_4041.jpg,378.7563171386719,962.4420776367188,243.68467712402344,839.3822631835938,800,1066,800,1066
IMG_4040.jpg,IMG_4041.jpg,379.0989074707031,904.0986328125,333.04949951171875,910.9683837890625,800,1066,800,1066
IMG_4040.jpg,IMG_4041.jpg,379.64117431640625,973.0623168945312,383.5908203125,940.53955078125,800,1066,800,1066
IMG_4040.jpg,IMG_4041.jpg,380.04827880859375,220.7002716064453,259.3661193847656,114.95903778076172,800,1066,800,1066
IMG_4040.jpg,IMG_4041.jpg,380.8979187011719,902.9149780273438,411.5841064453125,911.394287109375,800,1066,800,1066
IMG_4040.jpg,IMG_4041.jpg,380.908203125,934.8815307617188,419.1988525390625,910.0490112304688,800,1066,800,1066
IMG_4040.jpg,IMG_4041.jpg,380.9090576171875,952.8714599609375,237.85255432128906,792.6322631835938,800,1066,800,1066
IMG_4040.jpg,IMG_4041.jpg,381.06195068359375,941.5314331054688,347.61810302734375,907.3304443359375,800,1066,800,1066
IMG_4040.jpg,IMG_4041.jpg,381.1767883300781,920.9254150390625,400.5762939453125,909.365966796875,800,1066,800,1066
IMG_4040.jpg,IMG_4041.jpg,381.2510070800781,939.1311645507812,255.83157348632812,888.8008422851562,800,1066,800,1066
IMG_4040.jpg,IMG_4041.jpg,382.0619812011719,968.4297485351562,330.63275146484375,925.6019897460938,800,1066,800,1066
IMG_4040.jpg,IMG_4041.jpg,382.0619812011719,968.4297485351562,250.41038513183594,861.0253295898438,800,1066,800,1066
IMG_4040.jpg,IMG_4041.jpg,382.7303161621094,792.015380859375,306.7569580078125,739.2994384765625,800,1066,800,1066
IMG_4040.jpg,IMG_4041.jpg,383.02294921875,927.6880493164062,375.5069580078125,880.59033203125,800,1066,800,1066
IMG_4040.jpg,IMG_4041.jpg,383.4095153808594,947.9347534179688,281.9883728027344,801.1456298828125,800,1066,800,1066
IMG_4040.jpg,IMG_4041.jpg,383.8204650878906,962.8676147460938,345.1561584472656,939.9841918945312,800,1066,800,1066
IMG_4040.jpg,IMG_4041.jpg,383.9189453125,962.9392700195312,345.1561584472656,939.9841918945312,800,1066,800,1066
IMG_4040.jpg,IMG_4041.jpg,384.7476806640625,208.39279174804688,209.50897216796875,181.95240783691406,800,1066,800,1066
IMG_4040.jpg,IMG_4041.jpg,384.7476806640625,208.39279174804688,209.50897216796875,181.95240783691406,800,1066,800,1066
IMG_4040.jpg,IMG_4041.jpg,385.1165771484375,927.8763427734375,405.8555603027344,924.5126342773438,800,1066,800,1066
IMG_4040.jpg,IMG_4041.jpg,385.2167053222656,789.9810791015625,264.11968994140625,732.9685668945312,800,1066,800,1066
IMG_4040.jpg,IMG_4041.jpg,385.5599365234375,170.56285095214844,144.13221740722656,383.36529541015625,800,1066,800,1066
IMG_4040.jpg,IMG_4041.jpg,385.5599365234375,170.56285095214844,143.84310913085938,330.32659912109375,800,1066,800,1066
IMG_4040.jpg,IMG_4041.jpg,385.7791748046875,788.9609985351562,307.6376953125,736.3211669921875,800,1066,800,1066
IMG_4040.jpg,IMG_4041.jpg,385.79766845703125,939.2272338867188,393.15582275390625,869.6188354492188,800,1066,800,1066
IMG_4040.jpg,IMG_4041.jpg,385.86431884765625,917.8353881835938,423.9053649902344,925.43408203125,800,1066,800,1066
IMG_4040.jpg,IMG_4041.jpg,386.2078552246094,234.39840698242188,208.4129638671875,218.44125366210938,800,1066,800,1066
IMG_4040.jpg,IMG_4041.jpg,387.24334716796875,293.1050109863281,345.0017395019531,445.8055114746094,800,1066,800,1066
IMG_4040.jpg,IMG_4041.jpg,387.2945251464844,935.1168823242188,474.9556579589844,837.5525512695312,800,1066,800,1066
IMG_4040.jpg,IMG_4041.jpg,387.3797607421875,244.68746948242188,325.9193115234375,147.63169860839844,800,1066,800,1066
IMG_4040.jpg,IMG_4041.jpg,388.6073913574219,966.1034545898438,386.2540588378906,909.3269653320312,800,1066,800,1066
IMG_4040.jpg,IMG_4041.jpg,389.0325622558594,222.72528076171875,196.024169921875,186.3883514404297,800,1066,800,1066
IMG_4040.jpg,IMG_4041.jpg,389.214111328125,939.23876953125,367.4566650390625,904.1339111328125,800,1066,800,1066
IMG_4040.jpg,IMG_4041.jpg,389.82342529296875,792.2008666992188,317.14453125,736.2247314453125,800,1066,800,1066
IMG_4040.jpg,IMG_4041.jpg,390.02728271484375,943.96142578125,287.5914001464844,903.6648559570312,800,1066,800,1066
IMG_4040.jpg,IMG_4041.jpg,390.02728271484375,943.96142578125,385.9039611816406,870.1912841796875,800,1066,800,1066
IMG_4040.jpg,IMG_4041.jpg,390.1352233886719,963.0921020507812,216.36703491210938,758.2323608398438,800,1066,800,1066
IMG_4040.jpg,IMG_4041.jpg,392.57196044921875,944.3379516601562,425.27874755859375,907.7620239257812,800,1066,800,1066
IMG_4040.jpg,IMG_4041.jpg,393.1224060058594,954.167724609375,218.18707275390625,734.2974853515625,800,1066,800,1066
IMG_4040.jpg,IMG_4041.jpg,393.6929931640625,238.28646850585938,262.4056701660156,114.0228271484375,800,1066,800,1066
IMG_4040.jpg,IMG_4041.jpg,394.2304382324219,914.3980712890625,422.7651672363281,868.1770629882812,800,1066,800,1066
IMG_4040.jpg,IMG_4041.jpg,395.8364562988281,923.9270629882812,258.81536865234375,868.137939453125,800,1066,800,1066
IMG_4040.jpg,IMG_4041.jpg,396.4219665527344,927.2203979492188,384.45721435546875,852.5115356445312,800,1066,800,1066
IMG_4040.jpg,IMG_4041.jpg,397.1109619140625,975.57275390625,233.07591247558594,780.8949584960938,800,1066,800,1066
IMG_4040.jpg,IMG_4041.jpg,397.3842468261719,163.1522216796875,284.9952392578125,79.11152648925781,800,1066,800,1066
IMG_4040.jpg,IMG_4041.jpg,397.8321838378906,789.1060791015625,318.7518005371094,733.0247802734375,800,1066,800,1066
IMG_4040.jpg,IMG_4041.jpg,398.23699951171875,200.4552764892578,258.3148193359375,203.529052734375,800,1066,800,1066
IMG_4040.jpg,IMG_4041.jpg,399.3147888183594,792.1001586914062,311.68646240234375,737.6834106445312,800,1066,800,1066
IMG_4040.jpg,IMG_4041.jpg,399.6147155761719,910.0807495117188,231.91993713378906,686.9558715820312,800,1066,800,1066
IMG_4040.jpg,IMG_4041.jpg,399.6546630859375,780.5697021484375,313.864013671875,723.7816162109375,800,1066,800,1066
IMG_4040.jpg,IMG_4041.jpg,399.73944091796875,703.0386352539062,229.63882446289062,713.05859375,800,1066,800,1066
IMG_4040.jpg,IMG_4041.jpg,399.96368408203125,697.9187622070312,293.4608154296875,638.7568969726562,800,1066,800,1066
IMG_4040.jpg,IMG_4041.jpg,400.77874755859375,209.8632354736328,211.51858520507812,151.93820190429688,800,1066,800,1066
IMG_4040.jpg,IMG_4041.jpg,401.59112548828125,274.3174133300781,122.68525695800781,300.6618957519531,800,1066,800,1066
IMG_4040.jpg,IMG_4041.jpg,402.4243469238281,931.871826171875,406.8527526855469,924.9899291992188,800,1066,800,1066
IMG_4040.jpg,IMG_4041.jpg,402.54052734375,959.9745483398438,466.66119384765625,851.1533813476562,800,1066,800,1066
IMG_4040.jpg,IMG_4041.jpg,403.5345153808594,785.1889038085938,323.4401550292969,730.2329711914062,800,1066,800,1066
IMG_4040.jpg,IMG_4041.jpg,403.83673095703125,211.8069305419922,253.36529541015625,218.41336059570312,800,1066,800,1066
IMG_4040.jpg,IMG_4041.jpg,403.83673095703125,211.8069305419922,216.20806884765625,219.4581756591797,800,1066,800,1066
IMG_4040.jpg,IMG_4041.jpg,403.8898010253906,966.697265625,354.0335388183594,896.4217529296875,800,1066,800,1066
IMG_4040.jpg,IMG_4041.jpg,403.8898010253906,966.697265625,294.0291442871094,906.0714721679688,800,1066,800,1066
IMG_4040.jpg,IMG_4041.jpg,404.992431640625,792.0990600585938,311.68646240234375,737.6834106445312,800,1066,800,1066
IMG_4040.jpg,IMG_4041.jpg,406.17279052734375,789.1824951171875,313.5320739746094,734.1424560546875,800,1066,800,1066
IMG_4040.jpg,IMG_4041.jpg,406.32293701171875,159.11314392089844,150.0364532470703,186.203857421875,800,1066,800,1066
IMG_4040.jpg,IMG_4041.jpg,406.3769836425781,186.46295166015625,359.63677978515625,142.9322052001953,800,1066,800,1066
IMG_4040.jpg,IMG_4041.jpg,406.66534423828125,790.0769653320312,313.5320739746094,734.1424560546875,800,1066,800,1066
IMG_4040.jpg,IMG_4041.jpg,406.8527526855469,967.0428466796875,350.5730285644531,929.8497924804688,800,1066,800,1066
IMG_4040.jpg,IMG_4041.jpg,407.3820495605469,158.1042938232422,151.97061157226562,182.34323120117188,800,1066,800,1066
IMG_4040.jpg,IMG_4041.jpg,407.9883728027344,195.5598602294922,215.32266235351562,204.54049682617188,800,1066,800,1066
IMG_4040.jpg,IMG_4041.jpg,407.9883728027344,195.5598602294922,228.30091857910156,203.36590576171875,800,1066,800,1066
IMG_4040.jpg,IMG_4041.jpg,408.09356689453125,936.5286254882812,381.2695617675781,877.9927368164062,800,1066,800,1066
IMG_4040.jpg,IMG_4041.jpg,408.12188720703125,195.3179473876953,215.32266235351562,204.54049682617188,800,1066,800,1066
IMG_4040.jpg,IMG_4041.jpg,408.43560791015625,962.220703125,296.5076904296875,873.0050048828125,800,1066,800,1066
IMG_4040.jpg,IMG_4041.jpg,408.7892150878906,226.217529296875,290.4520263671875,378.3988342285156,800,1066,800,1066
IMG_4040.jpg,IMG_4041.jpg,408.7904968261719,965.8577270507812,382.89666748046875,883.2066650390625,800,1066,800,1066
IMG_4040.jpg,IMG_4041.jpg,408.88580322265625,227.9270782470703,228.55380249023438,174.28395080566406,800,1066,800,1066
IMG_4040.jpg,IMG_4041.jpg,408.90423583984375,791.4110717773438,329.3991394042969,733.5548095703125,800,1066,800,1066
IMG_4040.jpg,IMG_4041.jpg,410.2549743652344,790.0692749023438,264.11968994140625,732.9685668945312,800,1066,800,1066
IMG_4040.jpg,IMG_4041.jpg,410.58868408203125,256.6567687988281,201.05572509765625,197.79940795898438,800,1066,800,1066
IMG_4040.jpg,IMG_4041.jpg,410.690673828125,996.3674926757812,244.54954528808594,802.9132080078125,800,1066,800,1066
IMG_4040.jpg,IMG_4041.jpg,410.967041015625,223.6056671142578,323.8916015625,144.8296356201172,800,1066,800,1066
IMG_4040.jpg,IMG_4041.jpg,411.16900634765625,976.9398193359375,399.155029296875,888.6314697265625,800,1066,800,1066
IMG_4040.jpg,IMG_4041.jpg,411.3197326660156,972.6771850585938,302.0245056152344,819.5393676757812,800,1066,800,1066
IMG_4040.jpg,IMG_4041.jpg,411.5141906738281,789.0870971679688,331.0411682128906,731.2723999023438,800,1066,800,1066
IMG_4040.jpg,IMG_4041.jpg,411.5281677246094,257.01556396484375,197.849853515625,224.130126953125,800,1066,800,1066
IMG_4040.jpg,IMG_4041.jpg,411.6590270996094,975.23583984375,494.378662109375,869.349609375,800,1066,800,1066
IMG_4040.jpg,IMG_4041.jpg,411.68408203125,918.886474609375,276.25567626953125,946.9977416992188,800,1066,800,1066
IMG_4040.jpg,IMG_4041.jpg,411.8973693847656,218.198974609375,270.4425964355469,174.80430603027344,800,1066,800,1066
IMG_4040.jpg,IMG_4041.jpg,412.48541259765625,197.59617614746094,349.64703369140625,221.44715881347656,800,1066,800,1066
IMG_4040.jpg,IMG_4041.jpg,412.5830383300781,939.468994140625,265.6754455566406,893.792236328125,800,1066,800,1066
IMG_4040.jpg,IMG_4041.jpg,412.67535400390625,792.6142578125,334.7736511230469,733.0360717773438,800,1066,800,1066
IMG_4040.jpg,IMG_4041.jpg,412.6999816894531,792.31494140625,311.68646240234375,737.6834106445312,800,1066,800,1066
IMG_4040.jpg,IMG_4041.jpg,414.2884826660156,221.70144653320312,116.74964141845703,267.43621826171875,800,1066,800,1066
IMG_4040.jpg,IMG_4041.jpg,415.6455993652344,234.92152404785156,165.2017822265625,211.0501708984375,800,1066,800,1066
IMG_4040.jpg,IMG_4041.jpg,416.019287109375,180.2481689453125,146.96176147460938,307.9051513671875,800,1066,800,1066
IMG_4040.jpg,IMG_4041.jpg,416.1557922363281,788.2205810546875,336.11114501953125,730.0408325195312,800,1066,800,1066
IMG_4040.jpg,IMG_4041.jpg,416.2700500488281,789.1251220703125,336.11114501953125,730.0408325195312,800,1066,800,1066
IMG_4040.jpg,IMG_4041.jpg,416.4793395996094,965.49853515625,444.5052185058594,777.8683471679688,800,1066,800,1066
IMG_4040.jpg,IMG_4041.jpg,416.5372314453125,215.19712829589844,259.3661193847656,114.95903778076172,800,1066,800,1066
IMG_4040.jpg,IMG_4041.jpg,416.5372314453125,215.19712829589844,122.27322387695312,296.5819091796875,800,1066,800,1066
IMG_4040.jpg,IMG_4041.jpg,416.9598083496094,973.0780029296875,316.9918212890625,799.0941772460938,800,1066,800,1066
IMG_4040.jpg,IMG_4041.jpg,418.0587463378906,979.766845703125,297.9088439941406,908.8023681640625,800,1066,800,1066
IMG_4040.jpg,IMG_4041.jpg,418.20977783203125,254.94090270996094,174.37887573242188,203.94320678710938,800,1066,800,1066
IMG_4040.jpg,IMG_4041.jpg,419.1050109863281,156.92529296875,237.56591796875,109.9828109741211,800,1066,800,1066
IMG_4040.jpg,IMG_4041.jpg,420.22705078125,272.64105224609375,264.69036865234375,208.39764404296875,800,1066,800,1066
IMG_4040.jpg,IMG_4041.jpg,420.459228515625,1011.00341796875,359.4372863769531,895.4957885742188,800,1066,800,1066
IMG_4040.jpg,IMG_4041.jpg,420.5290832519531,155.52328491210938,138.9759979248047,330.45465087890625,800,1066,800,1066
IMG_4040.jpg,IMG_4041.jpg,421.116455078125,943.4824829101562,470.9046325683594,875.0661010742188,800,1066,800,1066
IMG_4040.jpg,IMG_4041.jpg,421.427734375,927.8003540039062,381.2695617675781,877.9927368164062,800,1066,800,1066
IMG_4040.jpg,IMG_4041.jpg,421.567138671875,935.8406982421875,390.9211730957031,916.5137939453125,800,1066,800,1066
IMG_4040.jpg,IMG_4041.jpg,423.8331604003906,793.0411376953125,311.68646240234375,737.6834106445312,800,1066,800,1066
IMG_4040.jpg,IMG_4041.jpg,424.1860046386719,789.0425415039062,273.5006408691406,638.714111328125,800,1066,800,1066
IMG_4040.jpg,IMG_4041.jpg,424.97247314453125,985.0625610351562,422.991455078125,922.5670776367188,800,1066,800,1066
IMG_4040.jpg,IMG_4041.jpg,425.0335693359375,988.3873291015625,343.14849853515625,906.246826171875,800,1066,800,1066
IMG_4040.jpg,IMG_4041.jpg,426.0461120605469,901.3854370117188,417.79376220703125,886.0505981445312,800,1066,800,1066
IMG_4040.jpg,IMG_4041.jpg,426.88623046875,792.16064453125,311.68646240234375,737.6834106445312,800,1066,800,1066
IMG_4040.jpg,IMG_4041.jpg,427.55523681640625,976.6858520507812,241.47755432128906,799.438720703125,800,1066,800,1066
IMG_4040.jpg,IMG_4041.jpg,427.9159851074219,986.5388793945312,475.4754333496094,861.4888305664062,800,1066,800,1066
IMG_4040.jpg,IMG_4041.jpg,428.2884216308594,155.42355346679688,139.39149475097656,216.95526123046875,800,1066,800,1066
IMG_4040.jpg,IMG_4041.jpg,428.7164611816406,923.7998046875,410.9208984375,849.4261474609375,800,1066,800,1066
IMG_4040.jpg,IMG_4041.jpg,428.7969970703125,237.6005859375,202.30955505371094,178.267578125,800,1066,800,1066
IMG_4040.jpg,IMG_4041.jpg,429.8465270996094,242.90997314453125,159.83709716796875,179.04876708984375,800,1066,800,1066
IMG_4040.jpg,IMG_4041.jpg,431.4629211425781,929.1371459960938,398.7809753417969,923.4667358398438,800,1066,800,1066
IMG_4040.jpg,IMG_4041.jpg,431.6653137207031,152.03140258789062,137.93963623046875,212.99301147460938,800,1066,800,1066
IMG_4040.jpg,IMG_4041.jpg,431.74566650390625,963.5223999023438,472.05548095703125,847.2547607421875,800,1066,800,1066
IMG_4040.jpg,IMG_4041.jpg,432.307861328125,785.0147094726562,352.9409484863281,718.46630859375,800,1066,800,1066
IMG_4040.jpg,IMG_4041.jpg,432.5240783691406,784.0619506835938,355.19378662109375,717.2447509765625,800,1066,800,1066
IMG_4040.jpg,IMG_4041.jpg,432.77978515625,793.0626831054688,363.13873291015625,727.1211547851562,800,1066,800,1066
IMG_4040.jpg,IMG_4041.jpg,432.8289794921875,922.9840087890625,392.2820129394531,864.7987670898438,800,1066,800,1066
IMG_4040.jpg,IMG_4041.jpg,433.194091796875,152.13157653808594,103.09545135498047,274.25933837890625,800,1066,800,1066
IMG_4040.jpg,IMG_4041.jpg,433.39508056640625,283.91302490234375,358.3467712402344,438.8415832519531,800,1066,800,1066
IMG_4040.jpg,IMG_4041.jpg,433.72100830078125,920.4696655273438,372.8511047363281,874.0309448242188,800,1066,800,1066
IMG_4040.jpg,IMG_4041.jpg,434.1934814453125,170.17201232910156,187.2571563720703,172.2720184326172,800,1066,800,1066
IMG_4040.jpg,IMG_4041.jpg,435.6636962890625,249.1272735595703,238.35887145996094,193.3695526123047,800,1066,800,1066
IMG_4040.jpg,IMG_4041.jpg,435.7871398925781,262.039306640625,270.4425964355469,174.80430603027344,800,1066,800,1066
IMG_4040.jpg,IMG_4041.jpg,437.3544921875,919.2157592773438,265.3856506347656,882.031494140625,800,1066,800,1066
IMG_4040.jpg,IMG_4041.jpg,438.2371826171875,792.4843139648438,311.68646240234375,737.6834106445312,800,1066,800,1066
IMG_4040.jpg,IMG_4041.jpg,438.54742431640625,206.3480224609375,290.0179748535156,126.4922866821289,800,1066,800,1066
IMG_4040.jpg,IMG_4041.jpg,438.9512023925781,901.913818359375,207.0751190185547,764.4160766601562,800,1066,800,1066
IMG_4040.jpg,IMG_4041.jpg,439.510498046875,787.93017578125,367.1039733886719,720.9752807617188,800,1066,800,1066
IMG_4040.jpg,IMG_4041.jpg,440.0692138671875,792.4893798828125,311.68646240234375,737.6834106445312,800,1066,800,1066
IMG_4040.jpg,IMG_4041.jpg,441.0566101074219,1015.3197631835938,335.6045227050781,912.06005859375,800,1066,800,1066
IMG_4040.jpg,IMG_4041.jpg,441.60223388671875,790.8641357421875,313.5320739746094,734.1424560546875,800,1066,800,1066
IMG_4040.jpg,IMG_4041.jpg,443.00067138671875,931.5545043945312,345.02398681640625,898.429443359375,800,1066,800,1066
IMG_4040.jpg,IMG_4041.jpg,443.032958984375,943.9996337890625,378.1792907714844,861.5916137695312,800,1066,800,1066
IMG_4040.jpg,IMG_4041.jpg,443.032958984375,943.9996337890625,355.5916748046875,921.9364624023438,800,1066,800,1066
IMG_4040.jpg,IMG_4041.jpg,443.5054931640625,936.3926391601562,342.48736572265625,920.591064453125,800,1066,800,1066
IMG_4040.jpg,IMG_4041.jpg,443.968017578125,793.20361328125,317.00860595703125,735.994140625,800,1066,800,1066
IMG_4040.jpg,IMG_4041.jpg,444.33953857421875,932.9915771484375,346.91607666015625,899.1078491210938,800,1066,800,1066
IMG_4040.jpg,IMG_4041.jpg,444.4532470703125,954.3967895507812,390.40716552734375,859.1759033203125,800,1066,800,1066
IMG_4040.jpg,IMG_4041.jpg,445.1156005859375,242.7937469482422,397.6220397949219,372.3810119628906,800,1066,800,1066
IMG_4040.jpg,IMG_4041.jpg,445.59075927734375,795.8392333984375,330.6169738769531,902.4119873046875,800,1066,800,1066
IMG_4040.jpg,IMG_4041.jpg,445.6839904785156,258.8919372558594,197.849853515625,224.130126953125,800,1066,800,1066
IMG_4040.jpg,IMG_4041.jpg,446.34295654296875,188.5977783203125,131.12635803222656,313.4672546386719,800,1066,800,1066
IMG_4040.jpg,IMG_4041.jpg,446.6591491699219,975.9403076171875,486.5677795410156,921.6795654296875,800,1066,800,1066
IMG_4040.jpg,IMG_4041.jpg,447.9239807128906,947.1517944335938,346.1977844238281,866.5001831054688,800,1066,800,1066
IMG_4040.jpg,IMG_4041.jpg,448.5335693359375,692.3174438476562,342.372802734375,623.2294311523438,800,1066,800,1066
IMG_4040.jpg,IMG_4041.jpg,449.4039611816406,788.4804077148438,293.4608154296875,638.7568969726562,800,1066,800,1066
IMG_4040.jpg,IMG_4041.jpg,449.439208984375,920.634521484375,301.1708679199219,893.8013305664062,800,1066,800,1066
IMG_4040.jpg,IMG_4041.jpg,450.06866455078125,152.03472900390625,127.26499938964844,238.4302978515625,800,1066,800,1066
IMG_4040.jpg,IMG_4041.jpg,450.9483337402344,213.8296661376953,193.87527465820312,239.0725860595703,800,1066,800,1066
IMG_4040.jpg,IMG_4041.jpg,451.7492980957031,952.3225708007812,293.2338562011719,750.2651977539062,800,1066,800,1066
IMG_4040.jpg,IMG_4041.jpg,451.89697265625,254.33212280273438,131.87811279296875,312.570556640625,800,1066,800,1066
IMG_4040.jpg,IMG_4041.jpg,452.4905090332031,916.002197265625,393.15582275390625,869.6188354492188,800,1066,800,1066
IMG_4040.jpg,IMG_4041.jpg,452.4905090332031,916.002197265625,393.15582275390625,869.6188354492188,800,1066,800,1066
IMG_4040.jpg,IMG_4041.jpg,452.9937744140625,909.5661010742188,400.99761962890625,933.521484375,800,1066,800,1066
IMG_4040.jpg,IMG_4041.jpg,453.2240905761719,181.62716674804688,196.024169921875,186.3883514404297,800,1066,800,1066
IMG_4040.jpg,IMG_4041.jpg,454.4796447753906,906.2107543945312,273.03741455078125,874.3892211914062,800,1066,800,1066
IMG_4040.jpg,IMG_4041.jpg,455.704833984375,275.99481201171875,284.32391357421875,194.6856689453125,800,1066,800,1066
IMG_4040.jpg,IMG_4041.jpg,456.2657470703125,147.64784240722656,328.44091796875,65.69063568115234,800,1066,800,1066
IMG_4040.jpg,IMG_4041.jpg,459.3394470214844,946.4852905273438,394.1119079589844,856.738525390625,800,1066,800,1066
IMG_4040.jpg,IMG_4041.jpg,460.0825500488281,187.311279296875,376.5822448730469,153.18955993652344,800,1066,800,1066
IMG_4040.jpg,IMG_4041.jpg,460.2105712890625,214.9405059814453,226.93191528320312,199.41615295410156,800,1066,800,1066
IMG_4040.jpg,IMG_4041.jpg,461.9917297363281,944.189697265625,313.80908203125,815.87109375,800,1066,800,1066
IMG_4040.jpg,IMG_4041.jpg,462.14605712890625,202.1656494140625,189.580078125,175.3948516845703,800,1066,800,1066
IMG_4040.jpg,IMG_4041.jpg,462.7882080078125,206.733642578125,189.7348175048828,172.90806579589844,800,1066,800,1066
IMG_4040.jpg,IMG_4041.jpg,466.0783996582031,907.1161499023438,359.1279602050781,858.5747680664062,800,1066,800,1066
IMG_4040.jpg,IMG_4041.jpg,466.42852783203125,942.5823974609375,351.29840087890625,863.0446166992188,800,1066,800,1066
IMG_4040.jpg,IMG_4041.jpg,468.39569091796875,261.03863525390625,130.2967529296875,259.5251159667969,800,1066,800,1066
IMG_4040.jpg,IMG_4041.jpg,468.8917236328125,242.37425231933594,433.17755126953125,157.6846466064453,800,1066,800,1066
IMG_4040.jpg,IMG_4041.jpg,469.0039367675781,926.174560546875,337.3677062988281,868.3616943359375,800,1066,800,1066
IMG_4040.jpg,IMG_4041.jpg,469.1116943359375,212.4391632080078,199.11322021484375,131.58335876464844,800,1066,800,1066
IMG_4040.jpg,IMG_4041.jpg,469.351806640625,140.6496124267578,342.3406066894531,56.27235794067383,800,1066,800,1066
IMG_4040.jpg,IMG_4041.jpg,474.5532531738281,150.27093505859375,147.25628662109375,210.52310180664062,800,1066,800,1066
IMG_4040.jpg,IMG_4041.jpg,475.5274963378906,552.0619506835938,345.8774719238281,475.3192443847656,800,1066,800,1066
IMG_4040.jpg,IMG_4041.jpg,475.5274963378906,552.0619506835938,442.7166442871094,450.83135986328125,800,1066,800,1066
IMG_4040.jpg,IMG_4041.jpg,475.6960144042969,516.9025268554688,182.214599609375,473.7326354980469,800,1066,800,1066
IMG_4040.jpg,IMG_4041.jpg,476.03033447265625,181.44483947753906,133.4080047607422,245.35890197753906,800,1066,800,1066
IMG_4040.jpg,IMG_4041.jpg,478.71807861328125,210.03636169433594,353.56512451171875,139.9984588623047,800,1066,800,1066
IMG_4040.jpg,IMG_4041.jpg,479.0758361816406,897.4361572265625,331.50189208984375,865.4677124023438,800,1066,800,1066
IMG_4040.jpg,IMG_4041.jpg,479.91046142578125,932.1541137695312,246.6258544921875,840.53564453125,800,1066,800,1066
IMG_4040.jpg,IMG_4041.jpg,481.00372314453125,191.77589416503906,423.501708984375,170.662841796875,800,1066,800,1066
IMG_4040.jpg,IMG_4041.jpg,483.599853515625,553.083984375,188.7074737548828,501.0215148925781,800,1066,800,1066
IMG_4040.jpg,IMG_4041.jpg,483.599853515625,553.083984375,244.9319610595703,431.77728271484375,800,1066,800,1066
IMG_4040.jpg,IMG_4041.jpg,484.6549377441406,817.0906372070312,401.36541748046875,906.996826171875,800,1066,800,1066
IMG_4040.jpg,IMG_4041.jpg,484.6549377441406,817.0906372070312,222.8062744140625,700.9124755859375,800,1066,800,1066
IMG_4040.jpg,IMG_4041.jpg,484.66015625,817.27294921875,330.6169738769531,902.4119873046875,800,1066,800,1066
IMG_4040.jpg,IMG_4041.jpg,484.66015625,817.27294921875,401.36541748046875,906.996826171875,800,1066,800,1066
IMG_4040.jpg,IMG_4041.jpg,485.9317932128906,147.36521911621094,129.79815673828125,231.3853759765625,800,1066,800,1066
IMG_4040.jpg,IMG_4041.jpg,488.06695556640625,560.3765869140625,360.56085205078125,480.8074951171875,800,1066,800,1066
IMG_4040.jpg,IMG_4041.jpg,488.52447509765625,541.677978515625,204.51605224609375,485.6445617675781,800,1066,800,1066
IMG_4040.jpg,IMG_4041.jpg,490.7733154296875,270.1671447753906,270.4425964355469,174.80430603027344,800,1066,800,1066
IMG_4040.jpg,IMG_4041.jpg,493.3369445800781,147.95587158203125,304.2388916015625,74.55052947998047,800,1066,800,1066
IMG_4040.jpg,IMG_4041.jpg,494.4588928222656,921.3938598632812,306.3742980957031,814.1607055664062,800,1066,800,1066
IMG_4040.jpg,IMG_4041.jpg,495.0171203613281,283.44952392578125,348.9283142089844,149.8936309814453,800,1066,800,1066
IMG_4040.jpg,IMG_4041.jpg,495.9039306640625,538.654052734375,346.0356140136719,445.05328369140625,800,1066,800,1066
IMG_4040.jpg,IMG_4041.jpg,498.056640625,182.99595642089844,320.2960510253906,151.9658660888672,800,1066,800,1066
IMG_4040.jpg,IMG_4041.jpg,501.67724609375,152.83236694335938,147.25628662109375,210.52310180664062,800,1066,800,1066
IMG_4040.jpg,IMG_4041.jpg,501.74224853515625,206.58338928222656,438.4456481933594,90.54400634765625,800,1066,800,1066
IMG_4040.jpg,IMG_4041.jpg,501.8262939453125,153.10833740234375,147.25628662109375,210.52310180664062,800,1066,800,1066
IMG_4040.jpg,IMG_4041.jpg,503.01629638671875,907.3258056640625,509.5320739746094,823.3463745117188,800,1066,800,1066
IMG_4040.jpg,IMG_4041.jpg,504.8461608886719,195.0762939453125,154.88629150390625,243.98226928710938,800,1066,800,1066
IMG_4040.jpg,IMG_4041.jpg,507.1601257324219,556.7857666015625,368.7964172363281,469.87042236328125,800,1066,800,1066
IMG_4040.jpg,IMG_4041.jpg,507.30877685546875,557.01416015625,368.7964172363281,469.87042236328125,800,1066,800,1066
IMG_4040.jpg,IMG_4041.jpg,507.3840026855469,528.5953979492188,362.34326171875,437.7344055175781,800,1066,800,1066
IMG_4040.jpg,IMG_4041.jpg,507.9830627441406,537.16357421875,480.306396484375,607.1425170898438,800,1066,800,1066
IMG_4040.jpg,IMG_4041.jpg,508.7766418457031,558.5047607421875,374.2232666015625,473.19439697265625,800,1066,800,1066
IMG_4040.jpg,IMG_4041.jpg,509.78619384765625,538.617431640625,480.306396484375,607.1425170898438,800,1066,800,1066
IMG_4040.jpg,IMG_4041.jpg,509.84918212890625,196.3286895751953,157.14051818847656,215.74449157714844,800,1066,800,1066
IMG_4040.jpg,IMG_4041.jpg,510.0875244140625,540.4481201171875,379.98236083984375,446.09344482421875,800,1066,800,1066
IMG_4040.jpg,IMG_4041.jpg,511.86590576171875,521.1681518554688,352.92364501953125,436.66400146484375,800,1066,800,1066
IMG_4040.jpg,IMG_4041.jpg,512.2678833007812,1046.0946044921875,292.9784851074219,908.625732421875,800,1066,800,1066
IMG_4040.jpg,IMG_4041.jpg,512.8257446289062,893.9180297851562,415.48663330078125,909.4498901367188,800,1066,800,1066
IMG_4040.jpg,IMG_4041.jpg,513.1315307617188,550.5545654296875,376.0359191894531,462.8525695800781,800,1066,800,1066
IMG_4040.jpg,IMG_4041.jpg,513.2530517578125,553.6187744140625,376.9129333496094,466.4170227050781,800,1066,800,1066
IMG_4040.jpg,IMG_4041.jpg,513.2530517578125,553.6187744140625,376.9129333496094,466.4170227050781,800,1066,800,1066
IMG_4040.jpg,IMG_4041.jpg,513.7965698242188,264.1332702636719,424.97369384765625,145.21258544921875,800,1066,800,1066
IMG_4040.jpg,IMG_4041.jpg,514.08935546875,267.3839111328125,171.8896484375,244.11325073242188,800,1066,800,1066
IMG_4040.jpg,IMG_4041.jpg,514.352783203125,219.17483520507812,489.86248779296875,180.14903259277344,800,1066,800,1066
IMG_4040.jpg,IMG_4041.jpg,515.2677612304688,262.0485534667969,352.92364501953125,436.66400146484375,800,1066,800,1066
IMG_4040.jpg,IMG_4041.jpg,516.539306640625,236.06556701660156,370.5017395019531,213.4092559814453,800,1066,800,1066
IMG_4040.jpg,IMG_4041.jpg,516.539306640625,236.06556701660156,370.5017395019531,213.4092559814453,800,1066,800,1066
IMG_4040.jpg,IMG_4041.jpg,517.2928466796875,179.3319091796875,164.53489685058594,230.55889892578125,800,1066,800,1066
IMG_4040.jpg,IMG_4041.jpg,518.3549194335938,216.58213806152344,341.5484313964844,77.71646118164062,800,1066,800,1066
IMG_4040.jpg,IMG_4041.jpg,519.2172241210938,560.7369995117188,385.5455627441406,471.9654846191406,800,1066,800,1066
IMG_4040.jpg,IMG_4041.jpg,520.5304565429688,540.33349609375,401.4984130859375,695.9880981445312,800,1066,800,1066
IMG_4040.jpg,IMG_4041.jpg,520.6967163085938,540.8212890625,381.7751159667969,449.6159362792969,800,1066,800,1066
IMG_4040.jpg,IMG_4041.jpg,521.1436157226562,1050.274169921875,335.6045227050781,912.06005859375,800,1066,800,1066
IMG_4040.jpg,IMG_4041.jpg,521.1710205078125,196.70901489257812,300.6458435058594,171.0854034423828,800,1066,800,1066
IMG_4040.jpg,IMG_4041.jpg,521.1710205078125,196.70901489257812,423.7200622558594,135.42291259765625,800,1066,800,1066
IMG_4040.jpg,IMG_4041.jpg,521.4126586914062,566.5337524414062,232.11708068847656,502.5068054199219,800,1066,800,1066
IMG_4040.jpg,IMG_4041.jpg,521.45556640625,487.48895263671875,349.2120666503906,393.458984375,800,1066,800,1066
IMG_4040.jpg,IMG_4041.jpg,523.0586547851562,261.07000732421875,349.64703369140625,221.44715881347656,800,1066,800,1066
IMG_4040.jpg,IMG_4041.jpg,525.1845703125,549.564697265625,383.8763427734375,454.86956787109375,800,1066,800,1066
IMG_4040.jpg,IMG_4041.jpg,525.8859252929688,538.4041748046875,388.0455627441406,447.4877624511719,800,1066,800,1066
IMG_4040.jpg,IMG_4041.jpg,526.0465698242188,155.0402374267578,151.97061157226562,182.34323120117188,800,1066,800,1066
IMG_4040.jpg,IMG_4041.jpg,526.2156372070312,265.935302734375,295.0119323730469,170.33868408203125,800,1066,800,1066
IMG_4040.jpg,IMG_4041.jpg,526.3606567382812,194.0748291015625,414.98748779296875,127.32695007324219,800,1066,800,1066
IMG_4040.jpg,IMG_4041.jpg,526.606689453125,547.3993530273438,290.9835205078125,713.0357055664062,800,1066,800,1066
IMG_4040.jpg,IMG_4041.jpg,526.881591796875,193.9440155029297,468.0607604980469,149.2009735107422,800,1066,800,1066
IMG_4040.jpg,IMG_4041.jpg,527.8876953125,513.1817626953125,367.3916931152344,417.1143798828125,800,1066,800,1066
IMG_4040.jpg,IMG_4041.jpg,529.6220092773438,522.9331665039062,372.95306396484375,429.0228271484375,800,1066,800,1066
IMG_4040.jpg,IMG_4041.jpg,530.2973022460938,268.858642578125,367.8528747558594,176.0220489501953,800,1066,800,1066
IMG_4040.jpg,IMG_4041.jpg,531.3631591796875,224.52723693847656,423.14971923828125,139.91314697265625,800,1066,800,1066
IMG_4040.jpg,IMG_4041.jpg,531.813720703125,227.69703674316406,414.97723388671875,127.39308166503906,800,1066,800,1066
IMG_4040.jpg,IMG_4041.jpg,532.4698486328125,546.5818481445312,345.8774719238281,475.3192443847656,800,1066,800,1066
IMG_4040.jpg,IMG_4041.jpg,534.20556640625,237.67857360839844,389.470703125,158.47047424316406,800,1066,800,1066
IMG_4040.jpg,IMG_4041.jpg,534.7621459960938,231.2810821533203,209.41305541992188,200.89283752441406,800,1066,800,1066
IMG_4040.jpg,IMG_4041.jpg,535.6311645507812,523.77880859375,377.6626892089844,428.08551025390625,800,1066,800,1066
IMG_4040.jpg,IMG_4041.jpg,536.349609375,550.9898681640625,399.0922546386719,456.2951354980469,800,1066,800,1066
IMG_4040.jpg,IMG_4041.jpg,537.5112915039062,972.3643188476562,555.6246337890625,969.3646850585938,800,1066,800,1066
IMG_4040.jpg,IMG_4041.jpg,537.6246337890625,228.2216033935547,431.5299987792969,117.69585418701172,800,1066,800,1066
IMG_4040.jpg,IMG_4041.jpg,537.691650390625,972.3819580078125,555.6246337890625,969.3646850585938,800,1066,800,1066
IMG_4040.jpg,IMG_4041.jpg,537.7443237304688,558.0543823242188,399.16265869140625,457.52398681640625,800,1066,800,1066
IMG_4040.jpg,IMG_4041.jpg,539.3606567382812,539.185302734375,392.9924621582031,442.8283386230469,800,1066,800,1066
IMG_4040.jpg,IMG_4041.jpg,540.1696166992188,880.3828125,409.77532958984375,742.9268188476562,800,1066,800,1066
IMG_4040.jpg,IMG_4041.jpg,540.1696166992188,880.3828125,409.77532958984375,742.9268188476562,800,1066,800,1066
IMG_4040.jpg,IMG_4041.jpg,540.1696166992188,880.3828125,444.5052185058594,777.8683471679688,800,1066,800,1066
IMG_4040.jpg,IMG_4041.jpg,540.4745483398438,264.36968994140625,147.93087768554688,261.4554748535156,800,1066,800,1066
IMG_4040.jpg,IMG_4041.jpg,541.1154174804688,524.651611328125,401.5724792480469,426.6039123535156,800,1066,800,1066
IMG_4040.jpg,IMG_4041.jpg,541.1563110351562,959.7301635742188,545.2760620117188,964.6156005859375,800,1066,800,1066
IMG_4040.jpg,IMG_4041.jpg,541.6815185546875,249.60923767089844,414.98748779296875,127.32695007324219,800,1066,800,1066
IMG_4040.jpg,IMG_4041.jpg,543.1456909179688,192.4988250732422,409.93035888671875,117.40553283691406,800,1066,800,1066
IMG_4040.jpg,IMG_4041.jpg,544.167724609375,231.26168823242188,424.51666259765625,127.4428939819336,800,1066,800,1066
IMG_4040.jpg,IMG_4041.jpg,544.3726196289062,227.96182250976562,154.88629150390625,243.98226928710938,800,1066,800,1066
IMG_4040.jpg,IMG_4041.jpg,544.3726196289062,227.96182250976562,325.156005859375,127.26210021972656,800,1066,800,1066
IMG_4040.jpg,IMG_4041.jpg,545.1942749023438,228.61622619628906,312.12298583984375,120.74175262451172,800,1066,800,1066
IMG_4040.jpg,IMG_4041.jpg,545.722900390625,525.4984741210938,419.9331970214844,428.9079895019531,800,1066,800,1066
IMG_4040.jpg,IMG_4041.jpg,546.975341796875,160.3859100341797,378.0318603515625,95.3570327758789,800,1066,800,1066
IMG_4040.jpg,IMG_4041.jpg,547.00537109375,526.0248413085938,433.47784423828125,433.0627136230469,800,1066,800,1066
IMG_4040.jpg,IMG_4041.jpg,547.446044921875,185.59674072265625,227.95376586914062,120.79393005371094,800,1066,800,1066
IMG_4040.jpg,IMG_4041.jpg,547.547607421875,185.9176025390625,227.95376586914062,120.79393005371094,800,1066,800,1066
IMG_4040.jpg,IMG_4041.jpg,549.4810180664062,217.6241455078125,409.3892822265625,136.55014038085938,800,1066,800,1066
IMG_4040.jpg,IMG_4041.jpg,549.523681640625,526.3982543945312,419.9331970214844,428.9079895019531,800,1066,800,1066
IMG_4040.jpg,IMG_4041.jpg,550.0932006835938,559.0798950195312,411.7797546386719,459.9486999511719,800,1066,800,1066
IMG_4040.jpg,IMG_4041.jpg,551.4890747070312,862.996826171875,370.3352355957031,892.4759521484375,800,1066,800,1066
IMG_4040.jpg,IMG_4041.jpg,551.5719604492188,866.4669799804688,392.8032531738281,848.058349609375,800,1066,800,1066
IMG_4040.jpg,IMG_4041.jpg,551.8154296875,226.4188232421875,214.96673583984375,190.4496307373047,800,1066,800,1066
IMG_4040.jpg,IMG_4041.jpg,552.375732421875,879.4695434570312,330.0017395019531,867.5447387695312,800,1066,800,1066
IMG_4040.jpg,IMG_4041.jpg,553.5843505859375,228.4125213623047,259.3661193847656,114.95903778076172,800,1066,800,1066
IMG_4040.jpg,IMG_4041.jpg,554.1915893554688,527.7838134765625,413.0262451171875,427.7044677734375,800,1066,800,1066
IMG_4040.jpg,IMG_4041.jpg,554.293212890625,197.78976440429688,327.1032409667969,162.95774841308594,800,1066,800,1066
IMG_4040.jpg,IMG_4041.jpg,555.427001953125,219.10340881347656,369.7111511230469,131.4349365234375,800,1066,800,1066
IMG_4040.jpg,IMG_4041.jpg,556.3958129882812,528.365478515625,419.9331970214844,428.9079895019531,800,1066,800,1066
IMG_4040.jpg,IMG_4041.jpg,557.027099609375,224.00564575195312,461.34722900390625,97.58486938476562,800,1066,800,1066
IMG_4040.jpg,IMG_4041.jpg,557.2334594726562,528.8621826171875,413.0262451171875,427.7044677734375,800,1066,800,1066
IMG_4040.jpg,IMG_4041.jpg,558.4158935546875,243.4404754638672,469.1181640625,95.0908203125,800,1066,800,1066
IMG_4040.jpg,IMG_4041.jpg,559.2918701171875,178.8473663330078,262.4056701660156,114.0228271484375,800,1066,800,1066
IMG_4040.jpg,IMG_4041.jpg,559.649169921875,221.27056884765625,370.5017395019531,213.4092559814453,800,1066,800,1066
IMG_4040.jpg,IMG_4041.jpg,559.78076171875,249.4570770263672,355.82891845703125,129.6133270263672,800,1066,800,1066
IMG_4040.jpg,IMG_4041.jpg,560.793701171875,530.440185546875,413.70526123046875,427.9266357421875,800,1066,800,1066
IMG_4040.jpg,IMG_4041.jpg,560.8654174804688,530.2657470703125,419.9331970214844,428.9079895019531,800,1066,800,1066
IMG_4040.jpg,IMG_4041.jpg,561.0978393554688,228.84243774414062,386.01251220703125,144.5072784423828,800,1066,800,1066
IMG_4040.jpg,IMG_4041.jpg,561.6235961914062,176.8600616455078,453.35821533203125,107.9891128540039,800,1066,800,1066
IMG_4040.jpg,IMG_4041.jpg,562.1735229492188,530.794921875,413.0262451171875,427.7044677734375,800,1066,800,1066
IMG_4040.jpg,IMG_4041.jpg,562.3014526367188,246.9557342529297,355.82891845703125,129.6133270263672,800,1066,800,1066
IMG_4040.jpg,IMG_4041.jpg,562.807373046875,960.036376953125,674.0414428710938,921.8658447265625,800,1066,800,1066
IMG_4040.jpg,IMG_4041.jpg,563.3221435546875,531.57421875,413.70526123046875,427.9266357421875,800,1066,800,1066
IMG_4040.jpg,IMG_4041.jpg,564.618408203125,549.9754028320312,424.5146179199219,447.98699951171875,800,1066,800,1066
IMG_4040.jpg,IMG_4041.jpg,565.149658203125,203.34523010253906,383.2742919921875,179.9736785888672,800,1066,800,1066
IMG_4040.jpg,IMG_4041.jpg,565.3667602539062,216.44863891601562,407.3978271484375,115.3019790649414,800,1066,800,1066
IMG_4040.jpg,IMG_4041.jpg,565.8436279296875,205.1815643310547,359.27996826171875,132.32473754882812,800,1066,800,1066
IMG_4040.jpg,IMG_4041.jpg,568.02783203125,913.8614501953125,675.6873168945312,875.3875122070312,800,1066,800,1066
IMG_4040.jpg,IMG_4041.jpg,568.0575561523438,533.4702758789062,419.9331970214844,428.9079895019531,800,1066,800,1066
IMG_4040.jpg,IMG_4041.jpg,568.3156127929688,165.80982971191406,459.3133544921875,72.82080078125,800,1066,800,1066
IMG_4040.jpg,IMG_4041.jpg,568.3156127929688,165.80982971191406,273.3136291503906,83.85746002197266,800,1066,800,1066
IMG_4040.jpg,IMG_4041.jpg,568.426513671875,533.837646484375,413.0262451171875,427.7044677734375,800,1066,800,1066
IMG_4040.jpg,IMG_4041.jpg,568.426513671875,533.837646484375,419.9331970214844,428.9079895019531,800,1066,800,1066
IMG_4040.jpg,IMG_4041.jpg,568.47509765625,914.3896484375,675.6873168945312,875.3875122070312,800,1066,800,1066
IMG_4040.jpg,IMG_4041.jpg,568.6416015625,271.84442138671875,197.849853515625,224.130126953125,800,1066,800,1066
IMG_4040.jpg,IMG_4041.jpg,570.0576171875,227.293701171875,259.3661193847656,114.95903778076172,800,1066,800,1066
IMG_4040.jpg,IMG_4041.jpg,571.46484375,237.07325744628906,411.23779296875,99.01773071289062,800,1066,800,1066
IMG_4040.jpg,IMG_4041.jpg,571.7060546875,544.6207275390625,432.8385925292969,441.6350402832031,800,1066,800,1066
IMG_4040.jpg,IMG_4041.jpg,572.3643798828125,178.5123291015625,196.49855041503906,153.35951232910156,800,1066,800,1066
IMG_4040.jpg,IMG_4041.jpg,573.2835693359375,267.2413635253906,362.4025573730469,102.783447265625,800,1066,800,1066
IMG_4040.jpg,IMG_4041.jpg,573.7852783203125,546.4439086914062,432.8385925292969,441.6350402832031,800,1066,800,1066
IMG_4040.jpg,IMG_4041.jpg,574.5143432617188,472.5472717285156,370.9711608886719,434.1620788574219,800,1066,800,1066
IMG_4040.jpg,IMG_4041.jpg,574.8511352539062,249.8958282470703,356.9215393066406,146.39669799804688,800,1066,800,1066
IMG_4040.jpg,IMG_4041.jpg,575.13427734375,249.64454650878906,356.9215393066406,146.39669799804688,800,1066,800,1066
IMG_4040.jpg,IMG_4041.jpg,576.906982421875,209.47972106933594,329.3735046386719,235.6399383544922,800,1066,800,1066
IMG_4040.jpg,IMG_4041.jpg,577.3261108398438,539.8687133789062,401.5724792480469,426.6039123535156,800,1066,800,1066
IMG_4040.jpg,IMG_4041.jpg,577.3261108398438,539.8687133789062,434.5163269042969,433.51690673828125,800,1066,800,1066
IMG_4040.jpg,IMG_4041.jpg,577.7340087890625,540.2527465820312,434.5163269042969,433.51690673828125,800,1066,800,1066
IMG_4040.jpg,IMG_4041.jpg,577.964111328125,258.0071105957031,416.79931640625,146.9182891845703,800,1066,800,1066
IMG_4040.jpg,IMG_4041.jpg,578.0963745117188,254.49981689453125,359.63677978515625,142.9322052001953,800,1066,800,1066
IMG_4040.jpg,IMG_4041.jpg,578.2781982421875,555.214599609375,442.7166442871094,450.83135986328125,800,1066,800,1066
IMG_4040.jpg,IMG_4041.jpg,578.2781982421875,555.214599609375,442.7166442871094,450.83135986328125,800,1066,800,1066
IMG_4040.jpg,IMG_4041.jpg,578.3612670898438,169.9351806640625,389.7322082519531,69.74443817138672,800,1066,800,1066
IMG_4040.jpg,IMG_4041.jpg,578.368408203125,263.4756164550781,304.845703125,103.02875518798828,800,1066,800,1066
IMG_4040.jpg,IMG_4041.jpg,578.368408203125,263.4756164550781,414.97723388671875,127.39308166503906,800,1066,800,1066
IMG_4040.jpg,IMG_4041.jpg,578.8345336914062,254.29881286621094,359.63677978515625,142.9322052001953,800,1066,800,1066
IMG_4040.jpg,IMG_4041.jpg,580.392333984375,169.32958984375,428.6712646484375,67.37215423583984,800,1066,800,1066
IMG_4040.jpg,IMG_4041.jpg,580.4696044921875,293.8467102050781,255.377197265625,202.7914276123047,800,1066,800,1066
IMG_4040.jpg,IMG_4041.jpg,580.6878051757812,892.2567749023438,679.9158935546875,864.70947265625,800,1066,800,1066
IMG_4040.jpg,IMG_4041.jpg,580.923095703125,884.1918334960938,685.2935791015625,834.735107421875,800,1066,800,1066
IMG_4040.jpg,IMG_4041.jpg,582.2576293945312,233.47268676757812,380.3250427246094,155.59039306640625,800,1066,800,1066
IMG_4040.jpg,IMG_4041.jpg,582.3250122070312,206.83160400390625,434.2125549316406,88.44841766357422,800,1066,800,1066
IMG_4040.jpg,IMG_4041.jpg,582.3601684570312,245.90313720703125,305.9815673828125,157.41587829589844,800,1066,800,1066
IMG_4040.jpg,IMG_4041.jpg,583.0209350585938,259.2015075683594,259.3661193847656,114.95903778076172,800,1066,800,1066
IMG_4040.jpg,IMG_4041.jpg,584.4984130859375,222.62403869628906,348.9976806640625,76.5958023071289,800,1066,800,1066
IMG_4040.jpg,IMG_4041.jpg,585.3357543945312,236.4514617919922,214.96673583984375,190.4496307373047,800,1066,800,1066
IMG_4040.jpg,IMG_4041.jpg,585.9861450195312,229.2798614501953,366.6351623535156,133.06423950195312,800,1066,800,1066
IMG_4040.jpg,IMG_4041.jpg,586.5842895507812,230.0705108642578,363.32611083984375,157.5746612548828,800,1066,800,1066
IMG_4040.jpg,IMG_4041.jpg,586.5842895507812,230.0705108642578,366.275146484375,143.7934112548828,800,1066,800,1066
IMG_4040.jpg,IMG_4041.jpg,588.428955078125,273.3983459472656,228.30091857910156,203.36590576171875,800,1066,800,1066
IMG_4040.jpg,IMG_4041.jpg,589.2671508789062,217.4462127685547,434.2125549316406,88.44841766357422,800,1066,800,1066
IMG_4040.jpg,IMG_4041.jpg,591.385986328125,266.3666687011719,225.76632690429688,214.7222442626953,800,1066,800,1066
IMG_4040.jpg,IMG_4041.jpg,591.7796020507812,278.3630065917969,250.9643096923828,108.93687438964844,800,1066,800,1066
IMG_4040.jpg,IMG_4041.jpg,592.0376586914062,478.0824890136719,423.5278015136719,360.8419189453125,800,1066,800,1066
IMG_4040.jpg,IMG_4041.jpg,593.4216918945312,235.03233337402344,214.96673583984375,190.4496307373047,800,1066,800,1066
IMG_4040.jpg,IMG_4041.jpg,593.4400634765625,236.48643493652344,400.31219482421875,115.07240295410156,800,1066,800,1066
IMG_4040.jpg,IMG_4041.jpg,593.4400634765625,236.48643493652344,359.27996826171875,132.32473754882812,800,1066,800,1066
IMG_4040.jpg,IMG_4041.jpg,593.6177978515625,218.70127868652344,387.633056640625,102.97039031982422,800,1066,800,1066
IMG_4040.jpg,IMG_4041.jpg,593.835693359375,836.0902709960938,685.67626953125,792.2918090820312,800,1066,800,1066
IMG_4040.jpg,IMG_4041.jpg,594.181884765625,283.1604309082031,552.9306640625,215.83473205566406,800,1066,800,1066
IMG_4040.jpg,IMG_4041.jpg,594.3801879882812,836.223876953125,685.67626953125,792.2918090820312,800,1066,800,1066
IMG_4040.jpg,IMG_4041.jpg,594.8245239257812,491.58551025390625,603.5840454101562,377.14764404296875,800,1066,800,1066
IMG_4040.jpg,IMG_4041.jpg,596.1019897460938,208.38743591308594,297.13189697265625,107.30425262451172,800,1066,800,1066
IMG_4040.jpg,IMG_4041.jpg,596.1019897460938,208.38743591308594,311.8798828125,164.99603271484375,800,1066,800,1066
IMG_4040.jpg,IMG_4041.jpg,596.602783203125,211.84085083007812,332.7801208496094,183.8620147705078,800,1066,800,1066
IMG_4040.jpg,IMG_4041.jpg,596.9380493164062,984.4190063476562,721.7830200195312,956.6709594726562,800,1066,800,1066
IMG_4040.jpg,IMG_4041.jpg,597.240234375,841.9218139648438,506.4670104980469,859.4862060546875,800,1066,800,1066
IMG_4040.jpg,IMG_4041.jpg,597.4664916992188,849.8781127929688,573.7217407226562,789.8519287109375,800,1066,800,1066
IMG_4040.jpg,IMG_4041.jpg,597.9979858398438,209.5352020263672,529.8758544921875,209.96099853515625,800,1066,800,1066
IMG_4040.jpg,IMG_4041.jpg,600.1849975585938,860.188720703125,698.1385498046875,812.8198852539062,800,1066,800,1066
IMG_4040.jpg,IMG_4041.jpg,600.7021484375,257.0619201660156,553.781982421875,268.9798278808594,800,1066,800,1066
IMG_4040.jpg,IMG_4041.jpg,601.0523071289062,260.7612609863281,274.0803527832031,121.19771575927734,800,1066,800,1066
IMG_4040.jpg,IMG_4041.jpg,601.1817626953125,881.7556762695312,335.6045227050781,912.06005859375,800,1066,800,1066
IMG_4040.jpg,IMG_4041.jpg,601.5413208007812,839.9830932617188,364.6358337402344,924.0313720703125,800,1066,800,1066
IMG_4040.jpg,IMG_4041.jpg,602.04150390625,227.8275909423828,563.8339233398438,214.0702362060547,800,1066,800,1066
IMG_4040.jpg,IMG_4041.jpg,602.1736450195312,836.59228515625,512.6148681640625,835.1715087890625,800,1066,800,1066
IMG_4040.jpg,IMG_4041.jpg,602.458251953125,1011.0902709960938,391.8490295410156,910.84912109375,800,1066,800,1066
IMG_4040.jpg,IMG_4041.jpg,603.1065063476562,235.22317504882812,400.31219482421875,115.07240295410156,800,1066,800,1066
IMG_4040.jpg,IMG_4041.jpg,603.1976318359375,210.90420532226562,551.3786010742188,169.27206420898438,800,1066,800,1066
IMG_4040.jpg,IMG_4041.jpg,603.2178955078125,506.166015625,444.1592102050781,389.7756652832031,800,1066,800,1066
IMG_4040.jpg,IMG_4041.jpg,603.3457641601562,286.6341857910156,337.64019775390625,63.59031295776367,800,1066,800,1066
IMG_4040.jpg,IMG_4041.jpg,604.6428833007812,180.9497528076172,344.941650390625,69.59078979492188,800,1066,800,1066
IMG_4040.jpg,IMG_4041.jpg,605.302490234375,230.04161071777344,395.1089172363281,109.73796081542969,800,1066,800,1066
IMG_4040.jpg,IMG_4041.jpg,605.302490234375,230.04161071777344,591.35693359375,196.77566528320312,800,1066,800,1066
IMG_4040.jpg,IMG_4041.jpg,605.4590454101562,269.948974609375,573.8416748046875,287.509521484375,800,1066,800,1066
IMG_4040.jpg,IMG_4041.jpg,605.9053955078125,207.16644287109375,411.1133117675781,107.25755310058594,800,1066,800,1066
IMG_4040.jpg,IMG_4041.jpg,605.9812622070312,512.623291015625,393.9085998535156,426.6268310546875,800,1066,800,1066
IMG_4040.jpg,IMG_4041.jpg,607.1403198242188,212.51307678222656,413.0897521972656,231.47711181640625,800,1066,800,1066
IMG_4040.jpg,IMG_4041.jpg,607.2578735351562,181.79714965820312,462.7302551269531,83.47533416748047,800,1066,800,1066
IMG_4040.jpg,IMG_4041.jpg,607.4552001953125,261.3887634277344,247.94729614257812,94.70750427246094,800,1066,800,1066
IMG_4040.jpg,IMG_4041.jpg,607.4552001953125,261.3887634277344,497.11199951171875,177.016357421875,800,1066,800,1066
IMG_4040.jpg,IMG_4041.jpg,608.6814575195312,808.5496215820312,344.431396484375,854.5422973632812,800,1066,800,1066
IMG_4040.jpg,IMG_4041.jpg,609.1311645507812,179.10556030273438,579.8551635742188,114.677490234375,800,1066,800,1066
IMG_4040.jpg,IMG_4041.jpg,609.1311645507812,179.10556030273438,314.5702209472656,71.03524780273438,800,1066,800,1066
IMG_4040.jpg,IMG_4041.jpg,610.3197021484375,185.9913330078125,481.0703125,164.73167419433594,800,1066,800,1066
IMG_4040.jpg,IMG_4041.jpg,610.5675048828125,245.6601104736328,449.3289794921875,123.46160125732422,800,1066,800,1066
IMG_4040.jpg,IMG_4041.jpg,611.2100219726562,830.5782470703125,390.9532470703125,874.3477172851562,800,1066,800,1066
IMG_4040.jpg,IMG_4041.jpg,611.4149780273438,279.58294677734375,438.3225402832031,363.54473876953125,800,1066,800,1066
IMG_4040.jpg,IMG_4041.jpg,611.464111328125,827.4231567382812,426.50994873046875,920.968017578125,800,1066,800,1066
IMG_4040.jpg,IMG_4041.jpg,611.5457153320312,221.6690216064453,554.045166015625,249.867431640625,800,1066,800,1066
IMG_4040.jpg,IMG_4041.jpg,611.7315063476562,288.0788269042969,438.3225402832031,363.54473876953125,800,1066,800,1066
IMG_4040.jpg,IMG_4041.jpg,613.44970703125,973.5234985351562,473.4896545410156,885.4537353515625,800,1066,800,1066
IMG_4040.jpg,IMG_4041.jpg,614.0005493164062,502.60113525390625,457.6808166503906,382.8229675292969,800,1066,800,1066
IMG_4040.jpg,IMG_4041.jpg,615.423583984375,185.22340393066406,575.6654052734375,118.68817138671875,800,1066,800,1066
IMG_4040.jpg,IMG_4041.jpg,615.6102905273438,797.1067504882812,638.9569702148438,652.8660278320312,800,1066,800,1066
IMG_4040.jpg,IMG_4041.jpg,616.8367309570312,182.5487823486328,443.9372253417969,70.49445343017578,800,1066,800,1066
IMG_4040.jpg,IMG_4041.jpg,618.4590454101562,1003.6179809570312,753.7570190429688,979.7542114257812,800,1066,800,1066
IMG_4040.jpg,IMG_4041.jpg,618.8792114257812,200.96524047851562,472.2216491699219,108.192626953125,800,1066,800,1066
IMG_4040.jpg,IMG_4041.jpg,619.750244140625,189.68661499023438,522.19970703125,93.6829833984375,800,1066,800,1066
IMG_4040.jpg,IMG_4041.jpg,619.750244140625,189.68661499023438,575.6654052734375,118.68817138671875,800,1066,800,1066
IMG_4040.jpg,IMG_4041.jpg,619.9645385742188,184.3644561767578,428.6712646484375,67.37215423583984,800,1066,800,1066
IMG_4040.jpg,IMG_4041.jpg,619.9902954101562,184.013671875,428.6712646484375,67.37215423583984,800,1066,800,1066
IMG_4040.jpg,IMG_4041.jpg,620.677978515625,1050.066162109375,485.7031555175781,855.0068969726562,800,1066,800,1066
IMG_4040.jpg,IMG_4041.jpg,621.0523071289062,225.04840087890625,411.23779296875,99.01773071289062,800,1066,800,1066
IMG_4040.jpg,IMG_4041.jpg,621.1233520507812,267.15045166015625,535.5917358398438,241.08721923828125,800,1066,800,1066
IMG_4040.jpg,IMG_4041.jpg,621.5485229492188,518.4573974609375,474.05950927734375,398.6742248535156,800,1066,800,1066
IMG_4040.jpg,IMG_4041.jpg,622.4408569335938,238.48170471191406,576.240478515625,151.6625213623047,800,1066,800,1066
IMG_4040.jpg,IMG_4041.jpg,622.4552001953125,226.19749450683594,471.89532470703125,141.89947509765625,800,1066,800,1066
IMG_4040.jpg,IMG_4041.jpg,623.112060546875,236.6649169921875,408.8177490234375,109.79975128173828,800,1066,800,1066
IMG_4040.jpg,IMG_4041.jpg,623.5091552734375,249.15155029296875,434.2125549316406,88.44841766357422,800,1066,800,1066
IMG_4040.jpg,IMG_4041.jpg,624.5991821289062,243.5624237060547,577.1851196289062,163.91273498535156,800,1066,800,1066
IMG_4040.jpg,IMG_4041.jpg,624.6497192382812,1026.2032470703125,516.6909790039062,845.6411743164062,800,1066,800,1066
IMG_4040.jpg,IMG_4041.jpg,625.3613891601562,222.7535858154297,296.6669616699219,106.51902770996094,800,1066,800,1066
IMG_4040.jpg,IMG_4041.jpg,625.7153930664062,521.6614990234375,623.8971557617188,519.7861328125,800,1066,800,1066
IMG_4040.jpg,IMG_4041.jpg,627.50634765625,267.64520263671875,453.38189697265625,158.70164489746094,800,1066,800,1066
IMG_4040.jpg,IMG_4041.jpg,628.6303100585938,977.4476928710938,394.40826416015625,934.7295532226562,800,1066,800,1066
IMG_4040.jpg,IMG_4041.jpg,629.3054809570312,203.2946014404297,580.4108276367188,154.55995178222656,800,1066,800,1066
IMG_4040.jpg,IMG_4041.jpg,630.9850463867188,258.8786926269531,526.2235107421875,227.91697692871094,800,1066,800,1066
IMG_4040.jpg,IMG_4041.jpg,631.1531372070312,996.31494140625,529.97705078125,838.93505859375,800,1066,800,1066
IMG_4040.jpg,IMG_4041.jpg,631.2703857421875,249.75453186035156,530.0489501953125,250.999267578125,800,1066,800,1066
IMG_4040.jpg,IMG_4041.jpg,631.8513793945312,233.66900634765625,494.7428283691406,100.72704315185547,800,1066,800,1066
IMG_4040.jpg,IMG_4041.jpg,633.0617065429688,303.9134216308594,386.01251220703125,144.5072784423828,800,1066,800,1066
IMG_4040.jpg,IMG_4041.jpg,633.4088134765625,251.9541015625,518.220947265625,206.09449768066406,800,1066,800,1066
IMG_4040.jpg,IMG_4041.jpg,633.4088745117188,252.13818359375,518.220947265625,206.09449768066406,800,1066,800,1066
IMG_4040.jpg,IMG_4041.jpg,633.8617553710938,246.08087158203125,499.8829345703125,141.73538208007812,800,1066,800,1066
IMG_4040.jpg,IMG_4041.jpg,635.1463012695312,1001.5729370117188,764.244384765625,966.2107543945312,800,1066,800,1066
IMG_4040.jpg,IMG_4041.jpg,635.761474609375,195.98239135742188,372.3491516113281,66.8514404296875,800,1066,800,1066
IMG_4040.jpg,IMG_4041.jpg,636.4171752929688,199.8142547607422,374.1026306152344,71.69352722167969,800,1066,800,1066
IMG_4040.jpg,IMG_4041.jpg,636.8446044921875,253.6340789794922,477.21185302734375,93.03146362304688,800,1066,800,1066
IMG_4040.jpg,IMG_4041.jpg,637.564697265625,285.0023193359375,462.00518798828125,127.19671630859375,800,1066,800,1066
IMG_4040.jpg,IMG_4041.jpg,637.5842895507812,959.376708984375,468.792236328125,859.4512939453125,800,1066,800,1066
IMG_4040.jpg,IMG_4041.jpg,637.71533203125,239.93270874023438,507.7469787597656,140.6066436767578,800,1066,800,1066
IMG_4040.jpg,IMG_4041.jpg,638.689697265625,210.97181701660156,474.7013854980469,98.4735336303711,800,1066,800,1066
IMG_4040.jpg,IMG_4041.jpg,638.7642211914062,258.9985656738281,534.5619506835938,93.4599838256836,800,1066,800,1066
IMG_4040.jpg,IMG_4041.jpg,638.7642211914062,258.9985656738281,520.7832641601562,118.48474884033203,800,1066,800,1066
IMG_4040.jpg,IMG_4041.jpg,639.1762084960938,214.19007873535156,453.35821533203125,107.9891128540039,800,1066,800,1066
IMG_4040.jpg,IMG_4041.jpg,639.23828125,241.45330810546875,489.51898193359375,141.50927734375,800,1066,800,1066
IMG_4040.jpg,IMG_4041.jpg,640.3506469726562,271.8922424316406,528.8292846679688,155.63790893554688,800,1066,800,1066
IMG_4040.jpg,IMG_4041.jpg,641.7333374023438,290.62640380859375,370.5017395019531,213.4092559814453,800,1066,800,1066
IMG_4040.jpg,IMG_4041.jpg,641.7522583007812,289.2207946777344,554.045166015625,249.867431640625,800,1066,800,1066
IMG_4040.jpg,IMG_4041.jpg,642.5242309570312,219.32327270507812,504.7156677246094,147.12200927734375,800,1066,800,1066
IMG_4040.jpg,IMG_4041.jpg,643.5521850585938,213.61386108398438,500.3716735839844,130.02903747558594,800,1066,800,1066
IMG_4040.jpg,IMG_4041.jpg,644.0076904296875,234.77618408203125,556.2975463867188,121.50708770751953,800,1066,800,1066
IMG_4040.jpg,IMG_4041.jpg,644.3551635742188,242.4523468017578,485.9854431152344,133.18765258789062,800,1066,800,1066
IMG_4040.jpg,IMG_4041.jpg,644.6731567382812,270.30926513671875,456.3602600097656,134.0201416015625,800,1066,800,1066
IMG_4040.jpg,IMG_4041.jpg,644.8978881835938,1062.5953369140625,768.6735229492188,1041.20751953125,800,1066,800,1066
IMG_4040.jpg,IMG_4041.jpg,645.1218872070312,1057.654052734375,767.401123046875,1034.95068359375,800,1066,800,1066
IMG_4040.jpg,IMG_4041.jpg,645.2211303710938,261.08099365234375,545.9581909179688,203.689453125,800,1066,800,1066
IMG_4040.jpg,IMG_4041.jpg,645.2211303710938,261.08099365234375,467.6449279785156,74.04633331298828,800,1066,800,1066
IMG_4040.jpg,IMG_4041.jpg,645.5023193359375,952.59228515625,771.4209594726562,917.923583984375,800,1066,800,1066
IMG_4040.jpg,IMG_4041.jpg,645.6094360351562,201.61953735351562,592.0288696289062,131.4365997314453,800,1066,800,1066
IMG_4040.jpg,IMG_4041.jpg,646.452880859375,252.38011169433594,499.099365234375,162.4571990966797,800,1066,800,1066
IMG_4040.jpg,IMG_4041.jpg,647.30078125,198.8258056640625,582.8535766601562,112.66380310058594,800,1066,800,1066
IMG_4040.jpg,IMG_4041.jpg,647.30078125,198.8258056640625,578.8511962890625,111.44754028320312,800,1066,800,1066
IMG_4040.jpg,IMG_4041.jpg,647.4688720703125,250.16590881347656,464.1654968261719,130.39605712890625,800,1066,800,1066
IMG_4040.jpg,IMG_4041.jpg,647.81298828125,293.84686279296875,561.2395629882812,202.1645965576172,800,1066,800,1066
IMG_4040.jpg,IMG_4041.jpg,647.81298828125,293.84686279296875,561.2395629882812,202.1645965576172,800,1066,800,1066
IMG_4040.jpg,IMG_4041.jpg,649.4092407226562,204.02813720703125,600.0336303710938,143.7803192138672,800,1066,800,1066
IMG_4040.jpg,IMG_4041.jpg,649.4092407226562,204.02813720703125,610.1297607421875,152.47442626953125,800,1066,800,1066
IMG_4040.jpg,IMG_4041.jpg,649.7228393554688,203.71078491210938,600.0336303710938,143.7803192138672,800,1066,800,1066
IMG_4040.jpg,IMG_4041.jpg,649.99560546875,277.0863952636719,530.2622680664062,184.19493103027344,800,1066,800,1066
IMG_4040.jpg,IMG_4041.jpg,651.00341796875,280.7007141113281,548.7882690429688,129.45245361328125,800,1066,800,1066
IMG_4040.jpg,IMG_4041.jpg,651.3896484375,236.9433135986328,541.022216796875,134.8612060546875,800,1066,800,1066
IMG_4040.jpg,IMG_4041.jpg,652.1837768554688,277.6451721191406,336.9093322753906,177.92898559570312,800,1066,800,1066
IMG_4040.jpg,IMG_4041.jpg,653.0205078125,293.3854064941406,608.23583984375,292.878662109375,800,1066,800,1066
IMG_4040.jpg,IMG_4041.jpg,653.0557250976562,217.98646545410156,380.5127868652344,95.19915008544922,800,1066,800,1066
IMG_4040.jpg,IMG_4041.jpg,653.17041015625,1046.9830322265625,773.0103149414062,995.7488403320312,800,1066,800,1066
IMG_4040.jpg,IMG_4041.jpg,653.3141479492188,206.2166290283203,613.0713500976562,157.96131896972656,800,1066,800,1066
IMG_4040.jpg,IMG_4041.jpg,653.6948852539062,279.60479736328125,512.0260620117188,184.13433837890625,800,1066,800,1066
IMG_4040.jpg,IMG_4041.jpg,654.4443359375,714.4067993164062,516.6909790039062,845.6411743164062,800,1066,800,1066
IMG_4040.jpg,IMG_4041.jpg,654.6270751953125,261.4678955078125,481.8631896972656,131.87794494628906,800,1066,800,1066
IMG_4040.jpg,IMG_4041.jpg,655.7942504882812,304.21221923828125,347.9670715332031,173.7550506591797,800,1066,800,1066
IMG_4040.jpg,IMG_4041.jpg,655.903564453125,312.4164733886719,570.775146484375,154.99459838867188,800,1066,800,1066
IMG_4040.jpg,IMG_4041.jpg,656.0584106445312,263.7918701171875,469.1181640625,95.0908203125,800,1066,800,1066
IMG_4040.jpg,IMG_4041.jpg,656.3703002929688,266.85601806640625,536.9158325195312,239.3496856689453,800,1066,800,1066
IMG_4040.jpg,IMG_4041.jpg,657.2057495117188,292.9172058105469,603.24365234375,231.166015625,800,1066,800,1066
IMG_4040.jpg,IMG_4041.jpg,657.7037353515625,715.6883544921875,538.1792602539062,820.0630493164062,800,1066,800,1066
IMG_4040.jpg,IMG_4041.jpg,657.7037353515625,715.6883544921875,461.9283142089844,872.9754638671875,800,1066,800,1066
IMG_4040.jpg,IMG_4041.jpg,657.9269409179688,1045.6138916015625,776.8787841796875,994.529541015625,800,1066,800,1066
IMG_4040.jpg,IMG_4041.jpg,657.9807739257812,297.06829833984375,550.672119140625,182.4798126220703,800,1066,800,1066
IMG_4040.jpg,IMG_4041.jpg,658.254638671875,274.71026611328125,507.5038757324219,137.61181640625,800,1066,800,1066
IMG_4040.jpg,IMG_4041.jpg,658.5824584960938,304.7223815917969,430.6111755371094,90.50170135498047,800,1066,800,1066
IMG_4040.jpg,IMG_4041.jpg,659.2672729492188,262.7965087890625,516.7029418945312,146.1654052734375,800,1066,800,1066
IMG_4040.jpg,IMG_4041.jpg,659.4719848632812,257.51702880859375,334.3475646972656,122.89804077148438,800,1066,800,1066
IMG_4040.jpg,IMG_4041.jpg,659.882568359375,207.0077362060547,574.5032348632812,103.63355255126953,800,1066,800,1066
IMG_4040.jpg,IMG_4041.jpg,660.3513793945312,303.0282287597656,550.888427734375,182.48370361328125,800,1066,800,1066
IMG_4040.jpg,IMG_4041.jpg,660.5076904296875,291.0145263671875,400.31219482421875,115.07240295410156,800,1066,800,1066
IMG_4040.jpg,IMG_4041.jpg,661.880859375,281.9098205566406,476.4490051269531,166.53701782226562,800,1066,800,1066
IMG_4040.jpg,IMG_4041.jpg,662.0272827148438,281.614990234375,476.4490051269531,166.53701782226562,800,1066,800,1066
IMG_4040.jpg,IMG_4041.jpg,662.8485107421875,321.21490478515625,556.0934448242188,178.86419677734375,800,1066,800,1066
IMG_4040.jpg,IMG_4041.jpg,663.0089721679688,275.777587890625,478.52880859375,136.23321533203125,800,1066,800,1066
IMG_4040.jpg,IMG_4041.jpg,663.9871215820312,220.99923706054688,450.27960205078125,77.3399887084961,800,1066,800,1066
IMG_4040.jpg,IMG_4041.jpg,664.0139770507812,310.00018310546875,520.1142578125,192.02056884765625,800,1066,800,1066
IMG_4040.jpg,IMG_4041.jpg,664.7797241210938,375.298095703125,643.1993408203125,277.3470458984375,800,1066,800,1066
IMG_4040.jpg,IMG_4041.jpg,664.8251342773438,312.5274963378906,582.9674682617188,209.16323852539062,800,1066,800,1066
IMG_4040.jpg,IMG_4041.jpg,664.9312133789062,279.4495544433594,556.5244750976562,206.14328002929688,800,1066,800,1066
IMG_4040.jpg,IMG_4041.jpg,665.0774536132812,215.38314819335938,474.61474609375,119.87422943115234,800,1066,800,1066
IMG_4040.jpg,IMG_4041.jpg,665.1370239257812,281.82000732421875,474.1699523925781,167.47085571289062,800,1066,800,1066
IMG_4040.jpg,IMG_4041.jpg,665.2254638671875,321.4607238769531,623.8247680664062,259.06243896484375,800,1066,800,1066
IMG_4040.jpg,IMG_4041.jpg,665.6325073242188,215.04660034179688,603.7839965820312,142.11817932128906,800,1066,800,1066
IMG_4040.jpg,IMG_4041.jpg,666.5872802734375,238.6547088623047,481.8631896972656,131.87794494628906,800,1066,800,1066
IMG_4040.jpg,IMG_4041.jpg,667.1041259765625,308.98260498046875,607.87939453125,333.1087646484375,800,1066,800,1066
IMG_4040.jpg,IMG_4041.jpg,667.1041259765625,308.98260498046875,606.2116088867188,229.0020751953125,800,1066,800,1066
IMG_4040.jpg,IMG_4041.jpg,667.2499389648438,291.8013000488281,440.0113830566406,89.09833526611328,800,1066,800,1066
IMG_4040.jpg,IMG_4041.jpg,667.4535522460938,345.508056640625,439.6858215332031,153.38108825683594,800,1066,800,1066
IMG_4040.jpg,IMG_4041.jpg,667.4535522460938,345.508056640625,429.0782775878906,106.22340393066406,800,1066,800,1066
IMG_4040.jpg,IMG_4041.jpg,667.6452026367188,229.99195861816406,451.8453674316406,125.8580551147461,800,1066,800,1066
IMG_4040.jpg,IMG_4041.jpg,667.6452026367188,229.99195861816406,512.5875244140625,107.89286804199219,800,1066,800,1066
IMG_4040.jpg,IMG_4041.jpg,668.005126953125,277.05615234375,424.51666259765625,127.4428939819336,800,1066,800,1066
IMG_4040.jpg,IMG_4041.jpg,668.9810791015625,217.3249053955078,579.8551635742188,114.677490234375,800,1066,800,1066
IMG_4040.jpg,IMG_4041.jpg,668.9810791015625,217.3249053955078,523.6765747070312,87.99940490722656,800,1066,800,1066
IMG_4040.jpg,IMG_4041.jpg,669.0654296875,375.37530517578125,370.5017395019531,213.4092559814453,800,1066,800,1066
IMG_4040.jpg,IMG_4041.jpg,669.2830810546875,255.8976593017578,474.7013854980469,98.4735336303711,800,1066,800,1066
IMG_4040.jpg,IMG_4041.jpg,669.4471435546875,216.58448791503906,582.8535766601562,112.66380310058594,800,1066,800,1066
IMG_4040.jpg,IMG_4041.jpg,669.4471435546875,216.58448791503906,523.6765747070312,87.99940490722656,800,1066,800,1066
IMG_4040.jpg,IMG_4041.jpg,669.7594604492188,993.6961669921875,748.1907958984375,991.1380615234375,800,1066,800,1066
IMG_4040.jpg,IMG_4041.jpg,669.9456787109375,376.89947509765625,370.5017395019531,213.4092559814453,800,1066,800,1066
IMG_4040.jpg,IMG_4041.jpg,669.9456787109375,376.89947509765625,370.5017395019531,213.4092559814453,800,1066,800,1066
IMG_4040.jpg,IMG_4041.jpg,670.0887451171875,225.90106201171875,344.962158203125,70.0022964477539,800,1066,800,1066
IMG_4040.jpg,IMG_4041.jpg,670.396728515625,338.9710998535156,591.35693359375,196.77566528320312,800,1066,800,1066
IMG_4040.jpg,IMG_4041.jpg,670.9635009765625,307.6152038574219,653.4994506835938,306.4243469238281,800,1066,800,1066
IMG_4040.jpg,IMG_4041.jpg,671.1603393554688,331.40478515625,558.531005859375,188.1114959716797,800,1066,800,1066
IMG_4040.jpg,IMG_4041.jpg,671.1603393554688,331.40478515625,400.31219482421875,115.07240295410156,800,1066,800,1066
IMG_4040.jpg,IMG_4041.jpg,671.3574829101562,590.1115112304688,703.0599975585938,522.3628540039062,800,1066,800,1066
IMG_4040.jpg,IMG_4041.jpg,671.6765747070312,315.46868896484375,650.45166015625,326.0492858886719,800,1066,800,1066
IMG_4040.jpg,IMG_4041.jpg,671.8363647460938,291.35894775390625,551.5558471679688,235.29917907714844,800,1066,800,1066
IMG_4040.jpg,IMG_4041.jpg,671.865478515625,274.14715576171875,618.6370239257812,256.2375183105469,800,1066,800,1066
IMG_4040.jpg,IMG_4041.jpg,672.8262939453125,273.8719482421875,568.6715087890625,229.03941345214844,800,1066,800,1066
IMG_4040.jpg,IMG_4041.jpg,672.85986328125,253.40313720703125,576.5180053710938,225.29832458496094,800,1066,800,1066
IMG_4040.jpg,IMG_4041.jpg,672.85986328125,253.40313720703125,576.5180053710938,225.29832458496094,800,1066,800,1066
IMG_4040.jpg,IMG_4041.jpg,673.8285522460938,322.0138244628906,499.0234375,210.8220977783203,800,1066,800,1066
IMG_4040.jpg,IMG_4041.jpg,674.8853149414062,230.53187561035156,465.1001892089844,74.47615814208984,800,1066,800,1066
IMG_4040.jpg,IMG_4041.jpg,674.925537109375,239.2941131591797,540.9610595703125,238.7248077392578,800,1066,800,1066
IMG_4040.jpg,IMG_4041.jpg,675.5967407226562,321.2662353515625,623.4302368164062,244.9907684326172,800,1066,800,1066
IMG_4040.jpg,IMG_4041.jpg,675.6990356445312,315.30657958984375,599.7421264648438,230.26943969726562,800,1066,800,1066
IMG_4040.jpg,IMG_4041.jpg,675.7067260742188,296.3670654296875,363.8155517578125,103.91378021240234,800,1066,800,1066
IMG_4040.jpg,IMG_4041.jpg,675.9690551757812,290.4134521484375,590.4314575195312,332.99365234375,800,1066,800,1066
IMG_4040.jpg,IMG_4041.jpg,676.338623046875,330.6493225097656,624.5733032226562,199.59945678710938,800,1066,800,1066
IMG_4040.jpg,IMG_4041.jpg,676.8795776367188,241.1699981689453,609.8954467773438,147.38661193847656,800,1066,800,1066
IMG_4040.jpg,IMG_4041.jpg,676.98046875,300.4134826660156,396.0344543457031,102.2420654296875,800,1066,800,1066
IMG_4040.jpg,IMG_4041.jpg,677.7733764648438,320.4830017089844,650.6793823242188,249.74725341796875,800,1066,800,1066
IMG_4040.jpg,IMG_4041.jpg,677.9327392578125,308.2708435058594,551.19140625,165.9713897705078,800,1066,800,1066
IMG_4040.jpg,IMG_4041.jpg,678.1405029296875,321.41259765625,554.9991455078125,194.3862762451172,800,1066,800,1066
IMG_4040.jpg,IMG_4041.jpg,678.5704345703125,302.73822021484375,611.5841674804688,186.62144470214844,800,1066,800,1066
IMG_4040.jpg,IMG_4041.jpg,678.6221923828125,302.6629333496094,628.4307250976562,293.0092468261719,800,1066,800,1066
IMG_4040.jpg,IMG_4041.jpg,678.9398193359375,331.12701416015625,510.0144958496094,173.82139587402344,800,1066,800,1066
IMG_4040.jpg,IMG_4041.jpg,679.283447265625,230.20870971679688,596.8023681640625,134.30801391601562,800,1066,800,1066
IMG_4040.jpg,IMG_4041.jpg,679.8492431640625,263.2170104980469,356.3208923339844,160.36790466308594,800,1066,800,1066
IMG_4040.jpg,IMG_4041.jpg,680.0438232421875,704.3712158203125,685.2935791015625,834.735107421875,800,1066,800,1066
IMG_4040.jpg,IMG_4041.jpg,680.8392944335938,240.98745727539062,491.4725036621094,139.89996337890625,800,1066,800,1066
IMG_4040.jpg,IMG_4041.jpg,680.8890380859375,243.60633850097656,414.39593505859375,169.13365173339844,800,1066,800,1066
IMG_4040.jpg,IMG_4041.jpg,680.930908203125,664.5896606445312,578.490478515625,788.8831176757812,800,1066,800,1066
IMG_4040.jpg,IMG_4041.jpg,681.8727416992188,285.49896240234375,514.2366943359375,146.81944274902344,800,1066,800,1066
IMG_4040.jpg,IMG_4041.jpg,682.0908203125,264.9723205566406,390.42230224609375,160.5181427001953,800,1066,800,1066
IMG_4040.jpg,IMG_4041.jpg,682.1267700195312,226.47817993164062,403.0562744140625,64.29878234863281,800,1066,800,1066
IMG_4040.jpg,IMG_4041.jpg,682.584228515625,293.05218505859375,483.7019348144531,100.98877716064453,800,1066,800,1066
IMG_4040.jpg,IMG_4041.jpg,682.8563842773438,247.98573303222656,647.9675903320312,216.75802612304688,800,1066,800,1066
IMG_4040.jpg,IMG_4041.jpg,683.3578491210938,990.5487670898438,711.4697265625,1001.3384399414062,800,1066,800,1066
IMG_4040.jpg,IMG_4041.jpg,683.5371704101562,990.56201171875,711.4697265625,1001.3384399414062,800,1066,800,1066
IMG_4040.jpg,IMG_4041.jpg,683.5776977539062,313.84649658203125,510.9473876953125,169.7267303466797,800,1066,800,1066
IMG_4040.jpg,IMG_4041.jpg,684.8710327148438,239.8411407470703,389.7322082519531,69.74443817138672,800,1066,800,1066
IMG_4040.jpg,IMG_4041.jpg,684.99462890625,995.324951171875,779.26220703125,962.5609130859375,800,1066,800,1066
IMG_4040.jpg,IMG_4041.jpg,685.08349609375,290.81011962890625,622.5675048828125,197.37832641601562,800,1066,800,1066
IMG_4040.jpg,IMG_4041.jpg,685.2144775390625,332.0533447265625,581.6550903320312,206.21311950683594,800,1066,800,1066
IMG_4040.jpg,IMG_4041.jpg,685.5535888671875,594.6857299804688,625.9540405273438,601.136962890625,800,1066,800,1066
IMG_4040.jpg,IMG_4041.jpg,685.7066650390625,1061.6768798828125,705.7297973632812,1032.90234375,800,1066,800,1066
IMG_4040.jpg,IMG_4041.jpg,685.9147338867188,238.49057006835938,579.8551635742188,114.677490234375,800,1066,800,1066
IMG_4040.jpg,IMG_4041.jpg,686.0430297851562,428.95745849609375,572.4364013671875,228.72024536132812,800,1066,800,1066
IMG_4040.jpg,IMG_4041.jpg,686.0994262695312,311.5868835449219,629.624755859375,271.701171875,800,1066,800,1066
IMG_4040.jpg,IMG_4041.jpg,686.5313110351562,304.957763671875,670.763427734375,279.5225524902344,800,1066,800,1066
IMG_4040.jpg,IMG_4041.jpg,686.8535766601562,325.6372375488281,538.0697021484375,259.9742126464844,800,1066,800,1066
IMG_4040.jpg,IMG_4041.jpg,687.2225341796875,994.55859375,711.4697265625,1001.3384399414062,800,1066,800,1066
IMG_4040.jpg,IMG_4041.jpg,687.5658569335938,318.9306945800781,404.3414001464844,212.01258850097656,800,1066,800,1066
IMG_4040.jpg,IMG_4041.jpg,687.5883178710938,328.35711669921875,607.87939453125,333.1087646484375,800,1066,800,1066
IMG_4040.jpg,IMG_4041.jpg,687.782958984375,331.46795654296875,549.994384765625,246.64874267578125,800,1066,800,1066
IMG_4040.jpg,IMG_4041.jpg,688.0181884765625,606.8811645507812,668.940673828125,490.825927734375,800,1066,800,1066
IMG_4040.jpg,IMG_4041.jpg,688.0479736328125,993.818359375,711.4697265625,1001.3384399414062,800,1066,800,1066
IMG_4040.jpg,IMG_4041.jpg,688.0530395507812,245.6781463623047,393.7851867675781,72.54299926757812,800,1066,800,1066
IMG_4040.jpg,IMG_4041.jpg,688.4344482421875,1057.7449951171875,705.7297973632812,1032.90234375,800,1066,800,1066
IMG_4040.jpg,IMG_4041.jpg,689.4024047851562,435.0545349121094,628.0621337890625,410.5968017578125,800,1066,800,1066
IMG_4040.jpg,IMG_4041.jpg,690.1410522460938,360.9033203125,640.42724609375,275.2916259765625,800,1066,800,1066
IMG_4040.jpg,IMG_4041.jpg,690.563232421875,364.31988525390625,567.4183959960938,167.9562225341797,800,1066,800,1066
IMG_4040.jpg,IMG_4041.jpg,690.720458984375,1052.6639404296875,705.7297973632812,1032.90234375,800,1066,800,1066
IMG_4040.jpg,IMG_4041.jpg,691.3623046875,1059.1287841796875,706.462890625,1043.150146484375,800,1066,800,1066
IMG_4040.jpg,IMG_4041.jpg,691.8640747070312,429.689697265625,641.1278686523438,277.5726623535156,800,1066,800,1066
IMG_4040.jpg,IMG_4041.jpg,691.9618530273438,237.95513916015625,392.6181945800781,67.34361267089844,800,1066,800,1066
IMG_4040.jpg,IMG_4041.jpg,692.297607421875,312.2016906738281,597.1739501953125,254.43927001953125,800,1066,800,1066
IMG_4040.jpg,IMG_4041.jpg,692.35888671875,344.56011962890625,546.2322387695312,190.20294189453125,800,1066,800,1066
IMG_4040.jpg,IMG_4041.jpg,692.4122924804688,328.2044677734375,571.0639038085938,177.87576293945312,800,1066,800,1066
IMG_4040.jpg,IMG_4041.jpg,692.7730712890625,634.820556640625,677.8521118164062,514.2130126953125,800,1066,800,1066
IMG_4040.jpg,IMG_4041.jpg,692.9000244140625,416.87957763671875,624.5733032226562,199.59945678710938,800,1066,800,1066
IMG_4040.jpg,IMG_4041.jpg,692.9282836914062,309.1275634765625,601.5513916015625,192.0598907470703,800,1066,800,1066
IMG_4040.jpg,IMG_4041.jpg,693.3836669921875,345.5981750488281,597.1739501953125,254.43927001953125,800,1066,800,1066
IMG_4040.jpg,IMG_4041.jpg,693.3836669921875,345.5981750488281,572.4364013671875,228.72024536132812,800,1066,800,1066
IMG_4040.jpg,IMG_4041.jpg,693.4539794921875,309.0400085449219,554.045166015625,249.867431640625,800,1066,800,1066
IMG_4040.jpg,IMG_4041.jpg,693.5548095703125,294.0642395019531,609.114501953125,297.06439208984375,800,1066,800,1066
IMG_4040.jpg,IMG_4041.jpg,693.6002807617188,386.99224853515625,577.7846069335938,250.0601348876953,800,1066,800,1066
IMG_4040.jpg,IMG_4041.jpg,693.607666015625,479.9862365722656,552.9419555664062,244.542236328125,800,1066,800,1066
IMG_4040.jpg,IMG_4041.jpg,693.9967651367188,399.9091796875,592.5155029296875,223.04916381835938,800,1066,800,1066
IMG_4040.jpg,IMG_4041.jpg,694.5199584960938,311.6858825683594,554.045166015625,249.867431640625,800,1066,800,1066
IMG_4040.jpg,IMG_4041.jpg,694.6378784179688,1047.30859375,705.7297973632812,1032.90234375,800,1066,800,1066
IMG_4040.jpg,IMG_4041.jpg,694.7467041015625,409.3333740234375,577.7846069335938,250.0601348876953,800,1066,800,1066
IMG_4040.jpg,IMG_4041.jpg,694.7978515625,311.9800109863281,565.3222045898438,231.9256591796875,800,1066,800,1066
IMG_4040.jpg,IMG_4041.jpg,695.4027709960938,329.6722717285156,643.1993408203125,277.3470458984375,800,1066,800,1066
IMG_4040.jpg,IMG_4041.jpg,695.5420532226562,412.4304504394531,532.0166625976562,288.5369567871094,800,1066,800,1066
IMG_4040.jpg,IMG_4041.jpg,695.5499877929688,331.9571838378906,643.1993408203125,277.3470458984375,800,1066,800,1066
IMG_4040.jpg,IMG_4041.jpg,696.0257568359375,416.1663513183594,677.0404663085938,364.0570068359375,800,1066,800,1066
IMG_4040.jpg,IMG_4041.jpg,696.084716796875,336.8072509765625,643.1993408203125,277.3470458984375,800,1066,800,1066
IMG_4040.jpg,IMG_4041.jpg,697.518310546875,255.8538360595703,623.191650390625,170.25238037109375,800,1066,800,1066
IMG_4040.jpg,IMG_4041.jpg,697.85205078125,384.3030090332031,463.72625732421875,161.80307006835938,800,1066,800,1066
IMG_4040.jpg,IMG_4041.jpg,698.9247436523438,334.2584228515625,608.3836669921875,207.30044555664062,800,1066,800,1066
IMG_4040.jpg,IMG_4041.jpg,699.07421875,242.85140991210938,626.884033203125,126.71279907226562,800,1066,800,1066
IMG_4040.jpg,IMG_4041.jpg,699.8189086914062,305.91009521484375,579.118896484375,262.6697998046875,800,1066,800,1066
IMG_4040.jpg,IMG_4041.jpg,699.8189086914062,305.91009521484375,633.3159790039062,298.1641845703125,800,1066,800,1066
IMG_4040.jpg,IMG_4041.jpg,699.8526000976562,341.69873046875,407.3978271484375,115.3019790649414,800,1066,800,1066
IMG_4040.jpg,IMG_4041.jpg,699.9003295898438,305.9621887207031,633.3159790039062,298.1641845703125,800,1066,800,1066
IMG_4040.jpg,IMG_4041.jpg,700.1939697265625,349.67877197265625,482.62811279296875,159.0262908935547,800,1066,800,1066
IMG_4040.jpg,IMG_4041.jpg,700.414794921875,399.51324462890625,571.6798706054688,266.1895446777344,800,1066,800,1066
IMG_4040.jpg,IMG_4041.jpg,700.51025390625,562.1456909179688,653.7463989257812,325.1990661621094,800,1066,800,1066
IMG_4040.jpg,IMG_4041.jpg,700.7168579101562,562.084716796875,630.6640014648438,442.029296875,800,1066,800,1066
IMG_4040.jpg,IMG_4041.jpg,700.9406127929688,316.7617492675781,465.0547180175781,144.02276611328125,800,1066,800,1066
IMG_4040.jpg,IMG_4041.jpg,700.9406127929688,316.7617492675781,465.0547180175781,144.02276611328125,800,1066,800,1066
IMG_4040.jpg,IMG_4041.jpg,704.2615966796875,338.03179931640625,609.0269165039062,204.629638671875,800,1066,800,1066
IMG_4040.jpg,IMG_4041.jpg,704.6996459960938,266.6314392089844,649.583251953125,221.0596923828125,800,1066,800,1066
IMG_4040.jpg,IMG_4041.jpg,705.6004028320312,247.74786376953125,643.3097534179688,186.05465698242188,800,1066,800,1066
IMG_4040.jpg,IMG_4041.jpg,705.8402709960938,616.6552124023438,700.0067138671875,480.3763427734375,800,1066,800,1066
IMG_4040.jpg,IMG_4041.jpg,706.3339233398438,302.87359619140625,469.4479675292969,141.43553161621094,800,1066,800,1066
IMG_4040.jpg,IMG_4041.jpg,706.3675537109375,530.3926391601562,675.4683227539062,401.7576904296875,800,1066,800,1066
IMG_4040.jpg,IMG_4041.jpg,706.4984130859375,300.0343322753906,483.870849609375,182.14846801757812,800,1066,800,1066
IMG_4040.jpg,IMG_4041.jpg,706.5437622070312,319.0193176269531,572.4364013671875,228.72024536132812,800,1066,800,1066
IMG_4040.jpg,IMG_4041.jpg,706.5633544921875,255.06712341308594,560.6907348632812,113.14666748046875,800,1066,800,1066
IMG_4040.jpg,IMG_4041.jpg,706.792236328125,1014.8115234375,711.4697265625,1001.3384399414062,800,1066,800,1066
IMG_4040.jpg,IMG_4041.jpg,707.5857543945312,523.46630859375,615.3722534179688,521.3314208984375,800,1066,800,1066
IMG_4040.jpg,IMG_4041.jpg,707.8568725585938,485.1144714355469,667.0975952148438,307.4261474609375,800,1066,800,1066
IMG_4040.jpg,IMG_4041.jpg,709.2321166992188,599.875,700.0067138671875,480.3763427734375,800,1066,800,1066
IMG_4040.jpg,IMG_4041.jpg,710.1812744140625,259.1405334472656,661.7173461914062,233.93235778808594,800,1066,800,1066
IMG_4040.jpg,IMG_4041.jpg,710.2216796875,1013.7286987304688,755.93408203125,973.5208129882812,800,1066,800,1066
IMG_4040.jpg,IMG_4041.jpg,710.2283325195312,507.36541748046875,676.466796875,323.3959045410156,800,1066,800,1066
IMG_4040.jpg,IMG_4041.jpg,710.2283325195312,507.36541748046875,676.466796875,323.3959045410156,800,1066,800,1066
IMG_4040.jpg,IMG_4041.jpg,710.362060546875,348.0794982910156,531.0774536132812,236.15155029296875,800,1066,800,1066
IMG_4040.jpg,IMG_4041.jpg,710.4487915039062,507.7196350097656,676.466796875,323.3959045410156,800,1066,800,1066
IMG_4040.jpg,IMG_4041.jpg,710.4487915039062,507.7196350097656,676.466796875,323.3959045410156,800,1066,800,1066
IMG_4040.jpg,IMG_4041.jpg,710.47119140625,332.9356994628906,535.5220336914062,227.69265747070312,800,1066,800,1066
IMG_4040.jpg,IMG_4041.jpg,710.6653442382812,1018.0505981445312,711.4697265625,1001.3384399414062,800,1066,800,1066
IMG_4040.jpg,IMG_4041.jpg,711.0695190429688,535.3812255859375,700.7036743164062,440.5519714355469,800,1066,800,1066
IMG_4040.jpg,IMG_4041.jpg,711.5345458984375,477.0031433105469,667.5568237304688,296.44525146484375,800,1066,800,1066
IMG_4040.jpg,IMG_4041.jpg,711.88916015625,543.9765014648438,701.0900268554688,451.9855041503906,800,1066,800,1066
IMG_4040.jpg,IMG_4041.jpg,712.274169921875,490.837646484375,668.4698486328125,263.7108154296875,800,1066,800,1066
IMG_4040.jpg,IMG_4041.jpg,712.7203369140625,348.8775939941406,573.621337890625,181.0913848876953,800,1066,800,1066
IMG_4040.jpg,IMG_4041.jpg,713.1531982421875,487.6116638183594,654.0321655273438,224.65049743652344,800,1066,800,1066
IMG_4040.jpg,IMG_4041.jpg,713.6090087890625,382.8241882324219,607.5966796875,225.85594177246094,800,1066,800,1066
IMG_4040.jpg,IMG_4041.jpg,713.8912353515625,396.2581481933594,679.806884765625,354.67486572265625,800,1066,800,1066
IMG_4040.jpg,IMG_4041.jpg,714.3309936523438,347.3478698730469,576.0552368164062,205.0306854248047,800,1066,800,1066
IMG_4040.jpg,IMG_4041.jpg,714.4017333984375,271.1126708984375,498.0181884765625,188.5812530517578,800,1066,800,1066
IMG_4040.jpg,IMG_4041.jpg,714.48583984375,610.4424438476562,708.3031616210938,490.1916198730469,800,1066,800,1066
IMG_4040.jpg,IMG_4041.jpg,715.3775634765625,319.81402587890625,520.0999145507812,169.38282775878906,800,1066,800,1066
IMG_4040.jpg,IMG_4041.jpg,716.268310546875,294.7264709472656,629.6312255859375,179.12274169921875,800,1066,800,1066
IMG_4040.jpg,IMG_4041.jpg,716.2874755859375,482.22998046875,677.20458984375,359.690185546875,800,1066,800,1066
IMG_4040.jpg,IMG_4041.jpg,716.891357421875,397.13323974609375,541.9636840820312,263.46038818359375,800,1066,800,1066
IMG_4040.jpg,IMG_4041.jpg,717.1170043945312,388.0078430175781,571.9470825195312,257.5279541015625,800,1066,800,1066
IMG_4040.jpg,IMG_4041.jpg,717.279052734375,282.0019836425781,449.41583251953125,67.86929321289062,800,1066,800,1066
IMG_4040.jpg,IMG_4041.jpg,717.2844848632812,486.7044372558594,672.27734375,258.2057189941406,800,1066,800,1066
IMG_4040.jpg,IMG_4041.jpg,717.8883666992188,350.7917785644531,528.387451171875,213.53842163085938,800,1066,800,1066
IMG_4040.jpg,IMG_4041.jpg,717.8883666992188,350.7917785644531,608.9800415039062,229.95809936523438,800,1066,800,1066
IMG_4040.jpg,IMG_4041.jpg,717.9259033203125,489.8448486328125,655.88916015625,217.56396484375,800,1066,800,1066
IMG_4040.jpg,IMG_4041.jpg,717.9970703125,280.9609375,647.0731201171875,197.45484924316406,800,1066,800,1066
IMG_4040.jpg,IMG_4041.jpg,718.0297241210938,358.8768615722656,507.85211181640625,254.3914031982422,800,1066,800,1066
IMG_4040.jpg,IMG_4041.jpg,718.4764404296875,404.3101501464844,617.4608154296875,230.34202575683594,800,1066,800,1066
IMG_4040.jpg,IMG_4041.jpg,719.0375366210938,322.1253967285156,579.4464111328125,315.0967712402344,800,1066,800,1066
IMG_4040.jpg,IMG_4041.jpg,719.3654174804688,348.0921630859375,565.6432495117188,205.00611877441406,800,1066,800,1066
IMG_4040.jpg,IMG_4041.jpg,719.9415893554688,348.928955078125,608.23583984375,292.878662109375,800,1066,800,1066
IMG_4040.jpg,IMG_4041.jpg,719.9415893554688,348.928955078125,473.10693359375,155.3333740234375,800,1066,800,1066
IMG_4040.jpg,IMG_4041.jpg,720.0084228515625,479.5558776855469,679.806884765625,354.67486572265625,800,1066,800,1066
IMG_4040.jpg,IMG_4041.jpg,720.9523315429688,449.3671875,670.11767578125,323.24493408203125,800,1066,800,1066
IMG_4040.jpg,IMG_4041.jpg,720.9757690429688,394.5370178222656,643.1993408203125,277.3470458984375,800,1066,800,1066
IMG_4040.jpg,IMG_4041.jpg,721.539306640625,372.2103271484375,650.45166015625,326.0492858886719,800,1066,800,1066
IMG_4040.jpg,IMG_4041.jpg,721.8255615234375,465.8086853027344,666.3035278320312,252.62986755371094,800,1066,800,1066
IMG_4040.jpg,IMG_4041.jpg,722.10693359375,468.59136962890625,673.6572875976562,281.14080810546875,800,1066,800,1066
IMG_4040.jpg,IMG_4041.jpg,722.5337524414062,442.0892028808594,667.0975952148438,307.4261474609375,800,1066,800,1066
IMG_4040.jpg,IMG_4041.jpg,722.9777221679688,473.17559814453125,670.7071533203125,258.22674560546875,800,1066,800,1066
IMG_4040.jpg,IMG_4041.jpg,723.106689453125,347.9969787597656,629.7530517578125,290.070068359375,800,1066,800,1066
IMG_4040.jpg,IMG_4041.jpg,723.1473999023438,348.07501220703125,563.7853393554688,286.01416015625,800,1066,800,1066
IMG_4040.jpg,IMG_4041.jpg,723.1905517578125,609.560546875,702.5285034179688,550.4761962890625,800,1066,800,1066
IMG_4040.jpg,IMG_4041.jpg,723.348876953125,348.1278076171875,559.3082885742188,255.21820068359375,800,1066,800,1066
IMG_4040.jpg,IMG_4041.jpg,723.371826171875,559.16796875,681.0158081054688,638.8209228515625,800,1066,800,1066
IMG_4040.jpg,IMG_4041.jpg,723.4976806640625,464.05181884765625,672.3062744140625,276.5255126953125,800,1066,800,1066
IMG_4040.jpg,IMG_4041.jpg,723.99609375,442.4041748046875,649.583251953125,221.0596923828125,800,1066,800,1066
IMG_4040.jpg,IMG_4041.jpg,727.0721435546875,449.5660095214844,674.0603637695312,298.1880187988281,800,1066,800,1066
IMG_4040.jpg,IMG_4041.jpg,728.0097045898438,441.72271728515625,677.0404663085938,364.0570068359375,800,1066,800,1066
IMG_4040.jpg,IMG_4041.jpg,729.3908081054688,779.8353271484375,554.074951171875,797.5506591796875,800,1066,800,1066
IMG_4040.jpg,IMG_4041.jpg,730.8999633789062,363.6583557128906,589.1212158203125,242.12350463867188,800,1066,800,1066
IMG_4040.jpg,IMG_4041.jpg,732.2191772460938,459.6946716308594,724.9991455078125,521.1195678710938,800,1066,800,1066
IMG_4040.jpg,IMG_4041.jpg,733.1336059570312,339.9628601074219,571.4808959960938,280.4967956542969,800,1066,800,1066
IMG_4040.jpg,IMG_4041.jpg,735.1033325195312,323.3361511230469,666.8931274414062,245.76968383789062,800,1066,800,1066
IMG_4040.jpg,IMG_4041.jpg,735.9220581054688,395.8854064941406,636.8593139648438,429.5084533691406,800,1066,800,1066
IMG_4040.jpg,IMG_4041.jpg,735.957275390625,343.9906005859375,673.9506225585938,339.35797119140625,800,1066,800,1066
IMG_4040.jpg,IMG_4041.jpg,735.971435546875,440.39306640625,733.4391479492188,514.923583984375,800,1066,800,1066
IMG_4040.jpg,IMG_4041.jpg,736.2963256835938,444.2066955566406,733.4391479492188,514.923583984375,800,1066,800,1066
IMG_4040.jpg,IMG_4041.jpg,736.422119140625,344.8583679199219,673.9506225585938,339.35797119140625,800,1066,800,1066
IMG_4040.jpg,IMG_4041.jpg,736.91748046875,339.5743408203125,647.5545043945312,212.9439697265625,800,1066,800,1066
IMG_4040.jpg,IMG_4041.jpg,737.7740478515625,430.1188659667969,676.466796875,323.3959045410156,800,1066,800,1066
IMG_4040.jpg,IMG_4041.jpg,739.5638427734375,367.0108642578125,665.4017333984375,263.7782897949219,800,1066,800,1066
IMG_4040.jpg,IMG_4041.jpg,739.9607543945312,427.0523681640625,590.1085815429688,125.62985229492188,800,1066,800,1066
IMG_4040.jpg,IMG_4041.jpg,740.7564697265625,332.9894104003906,661.7173461914062,233.93235778808594,800,1066,800,1066
IMG_4040.jpg,IMG_4041.jpg,742.8165893554688,429.99969482421875,595.664306640625,126.15614318847656,800,1066,800,1066
IMG_4040.jpg,IMG_4041.jpg,743.4581909179688,341.42095947265625,643.3097534179688,186.05465698242188,800,1066,800,1066
IMG_4040.jpg,IMG_4041.jpg,744.1831665039062,362.6742248535156,656.783447265625,251.99566650390625,800,1066,800,1066
IMG_4040.jpg,IMG_4041.jpg,744.9452514648438,362.9361877441406,656.783447265625,251.99566650390625,800,1066,800,1066
IMG_4040.jpg,IMG_4041.jpg,744.9912109375,388.05474853515625,672.2069091796875,299.3814697265625,800,1066,800,1066
IMG_4040.jpg,IMG_4041.jpg,745.1384887695312,345.8013000488281,679.8074951171875,327.8710632324219,800,1066,800,1066
IMG_4040.jpg,IMG_4041.jpg,745.37744140625,363.67633056640625,656.783447265625,251.99566650390625,800,1066,800,1066
IMG_4040.jpg,IMG_4041.jpg,747.40185546875,561.4287719726562,700.1019897460938,429.8876953125,800,1066,800,1066
IMG_4040.jpg,IMG_4041.jpg,748.9108276367188,384.6273498535156,647.0731201171875,197.45484924316406,800,1066,800,1066
IMG_4040.jpg,IMG_4041.jpg,754.1829833984375,569.8963623046875,696.5576782226562,428.3888244628906,800,1066,800,1066
IMG_4040.jpg,IMG_4041.jpg,759.0892944335938,604.9409790039062,636.846923828125,429.35992431640625,800,1066,800,1066
IMG_4040.jpg,IMG_4041.jpg,760.34716796875,564.164306640625,705.1624145507812,467.3184509277344,800,1066,800,1066
IMG_4040.jpg,IMG_4041.jpg,762.5193481445312,1002.0269775390625,753.9606323242188,993.1885986328125,800,1066,800,1066
IMG_4040.jpg,IMG_4041.jpg,763.6489868164062,572.2400512695312,702.6190185546875,472.4072265625,800,1066,800,1066
IMG_4040.jpg,IMG_4041.jpg,767.7017822265625,569.0121459960938,703.4199829101562,459.5118103027344,800,1066,800,1066
IMG_4040.jpg,IMG_4041.jpg,767.7132568359375,561.6707763671875,681.1427612304688,336.3598327636719,800,1066,800,1066
IMG_4040.jpg,IMG_4041.jpg,769.5308837890625,604.9521484375,636.846923828125,429.35992431640625,800,1066,800,1066
IMG_4040.jpg,IMG_4041.jpg,770.5521850585938,566.9288330078125,705.5662231445312,474.2557373046875,800,1066,800,1066
IMG_4040.jpg,IMG_4041.jpg,770.768310546875,567.9227905273438,705.1930541992188,474.3164978027344,800,1066,800,1066
IMG_4040.jpg,IMG_4041.jpg,775.2377319335938,573.0486450195312,703.42578125,478.0595703125,800,1066,800,1066
IMG_4040.jpg,IMG_4041.jpg,778.4004516601562,571.1226806640625,706.1746215820312,481.2269592285156,800,1066,800,1066
IMG_4040.jpg,IMG_4041.jpg,782.0263061523438,572.1077880859375,706.1746215820312,481.2269592285156,800,1066,800,1066
IMG_4040.jpg,IMG_4041.jpg,785.937744140625,578.351318359375,701.0900268554688,451.9855041503906,800,1066,800,1066
