v -0.48985993601751593 0.2616880235685085 3.1864840292364915
v -0.4643268036857949 0.11848075285383781 3.0951196087744997
v -0.4589349039693412 0.06470702360139674 3.060500376506905
v -0.4719432689450427 0.30653852631525513 3.2147288387633797
v -0.7478660534938698 -0.1318349787387634 5.094075069660559
v -0.4531715117629276 0.13272535967147941 3.1036130021132142
v -0.4550673197155694 0.17283881683085833 3.1296287772635565
v -0.43514362854304717 0.05320170825099782 3.0532234523721877
v -0.4443194774812185 0.21451758886236005 3.1575276044301708
v -0.43803882929437554 0.20910773598936983 3.1571640578037385
v -0.4146319207750335 -0.03299497132944884 2.9969283035797516
v -0.43827178872341027 0.2687869252253863 3.1885834316002457
v -0.4199407711988138 0.07443038944068683 3.0671636595782945
v -0.40795536688604755 -0.003868203615296924 3.018137478728349
v -0.4255396428167121 0.22399909293713657 3.1672293660893387
v -0.4000409353581393 0.0013210885415017317 3.0195458247390916
v -0.39501128173085914 -0.00594483518290718 3.014606554356255
v -0.40184514216644646 0.10958940217886617 3.0912401259757134
v -0.39593187422201925 0.05553133365217242 3.0538391769170112
v -0.3932261312669862 0.0692399502714021 3.061944967947174
v -0.374560023824909 0.20265655234189536 3.1508180152170433
v -0.36079619456423034 0.03057145677128348 3.0362176588103513
v -0.3635606443410889 0.09806948813127177 3.084004173936458
v -0.3712519430086889 0.22598617228336867 3.1655787155095965
v -0.3783194508946406 0.39346885518845326 3.271210355915149
v -0.369017955156727 0.2873936718750963 3.2059820355056945
v -0.3845354848296839 -0.08784570559090223 3.3413342129549783
v -0.3477243786803325 0.07912684934336228 3.0738025746426816
v -0.3469535483365481 0.09412696266904126 3.0828102241220297
v -0.33505626212921674 -0.04136540916462478 2.9937735736879327
v -0.5491590877129783 0.21839017169699743 4.9394205752962534
v -0.3394095113843054 0.05905710084582618 3.06279203734677
v -0.3530668322884186 0.26910841889418385 3.199589952870069
v -0.3481632929398445 0.2339778073249065 3.172952689545028
v -0.3489331003743474 0.32849849113424195 3.235750682173875
v -0.4628914016069015 -0.013521130884265048 4.312574226328962
v -0.33469109354925364 0.15352054790408332 3.1195944141558023
v -0.33469109354925364 0.15352054790408332 3.1195944141558023
v -0.31879905782495505 -0.025787409468053957 3.006662467383135
v -0.3204257469040338 0.06064110878863699 3.063462298799753
v -0.32311695251632794 0.3455860729260794 3.2485535909242933
v -0.304669784278591 0.06707935300536412 3.0648382043067075
v -0.30456406828704824 0.08787829941551571 3.080588575276437
v -0.296637727305134 0.020020209491920706 3.039870765795826
v -0.29748790800065306 0.08428395527745593 3.080941100191336
v -0.31314688339713115 0.3436520173776759 3.250357260514147
v -0.28478221279422417 0.07443330121007947 3.0751976750075567
v -0.28924739970601143 0.22331644884426624 3.17200796964188
v -0.27656873807786125 0.10297814793973414 3.09525971663984
v -0.2686364959891767 0.014148353371207496 3.04037826560094
v -0.27565949699928577 0.14950914001675983 3.1234067459956503
v -0.2634949319794515 -0.039859703838114505 2.9980970155745807
v -0.2719963728554925 0.16472924110336443 3.1364835509557403
v -0.2755470401300889 0.25076107526677616 3.191316170288832
v -0.2738329139329131 0.2854279417648108 3.214415788522477
v -0.2749459217032145 0.31846037020939333 3.236589738065642
v -0.2615019482468704 0.09438624949385699 3.0900665514876238
v -0.2730535793633004 0.30482045686528086 3.2306803413516034
v -0.24790104892342332 -0.03706346720645379 3.0063009688336075
v -0.24671907193155979 0.03553882294771007 3.050970321212636
v -0.2467765808682069 0.05525114409712555 3.0637873523800847
v -0.24231933728463423 -0.03147332624881713 3.009316449176604
v -0.26653554682540365 -0.28518804334426984 3.3328384201991224
v -0.26653554682540365 -0.28518804334426984 3.3328384201991224
v -0.2566203974723688 0.27286515941432354 3.20875545890355
v -0.25345507446847754 0.22522598576399258 3.177331680304415
v -0.252304767993538 0.30122058148405034 3.228458732253452
v -0.24690740723748716 0.26559594356399185 3.2025732402095617
v -0.23734972884056052 0.1378705650842078 3.1213266162735644
v -0.23679359132412747 0.13057607959738976 3.1161382497444494
v -0.23393651983652441 0.17077576506239006 3.1413175994556632
v -0.23434267396934302 0.2661445187853669 3.2049006613185154
v -0.2226587905248393 0.11254343740884146 3.106679182587965
v -0.2226587905248393 0.11254343740884146 3.106679182587965
v -0.2192528167507236 0.1178683521959243 3.109003772943144
v -0.25869068452898625 0.10290992833355045 3.707873631423921
v -0.20986706241859998 -0.008691914443040167 3.0305997189641087
v -0.21422683115285224 0.11290469014012776 3.1090276828768446
v -0.20774901704840187 0.0182885203357818 3.04578279804047
v -0.20644955620686517 0.010357881197021681 3.0414807922711873
v -0.2152313700635637 0.2726843889053798 3.2084385480099398
v -0.20321293035050486 0.024109451636204864 3.0515683528748596
v -0.19832201695178084 -0.04323958908879221 3.0064803518465344
v -0.2026972360153704 0.09762900993336046 3.095733015599148
v -0.21232460666445888 0.36130261325125884 3.2704775401617328
v -0.21232460666445888 0.36130261325125884 3.2704775401617328
v -0.19674048100147795 0.046269702418462635 3.06786089514108
v -0.20405300411108235 0.22622472620647815 3.183494538107421
v -0.19201560962320172 -0.030057918466792854 3.0176563833551744
v -0.25765240244318244 0.0034464051169546916 4.061126059857516
v -0.1889124959556126 0.01125573293803411 3.044877454295816
v -0.19253352889919068 0.11845914455115875 3.1144644148844365
v -0.18579434169316508 -0.019247476618399775 3.0246209834593403
v -0.18599356859286184 0.0038844507087601892 3.040578625237649
v -0.19385120353724172 0.24007527131826617 3.1929024319526538
v -0.1887682411486752 0.12460369921482645 3.1180046932725713
v -0.1837534222624346 0.024591277219213413 3.053871322838275
v -0.17873999133353496 -0.016030447902928947 3.025461836018277
v -0.19487320966406613 -0.1605359782241096 3.298381454071749
v -0.1778221177953464 -0.03491455085218245 3.0170916541482082
v -0.18837783100664007 0.24706547979501647 3.197807199461524
v -0.18326290813873972 0.1725345699504101 3.1488842550593823
v -0.18497917791503393 0.26325023157098354 3.2116101380363498
v -0.17509091388796005 -0.08076822182944594 3.046526635158412
v -0.17210141258375897 -0.04275835174605409 3.009279079916494
v -0.17507896367298578 0.0460003611865854 3.067008600803583
v -0.1720707031458201 -0.023719866552762134 3.0208130058333276
v -0.18119415422412002 0.2814393314347958 3.22195106351416
v -0.1776135082429817 0.1939104371406862 3.1652947893708174
v -0.1716555701179202 0.03855826016238268 3.0647491497077164
v -0.18036476137427107 0.31489241496050396 3.2447755743327895
v -0.1775199150963071 0.2679844689616686 3.213542708215253
v -0.1655537687852833 -0.009306537102097476 3.0287488729493055
v -0.17024097220301593 0.1168195368588901 3.11509517744739
v -0.1702426036909748 0.11358880126507102 3.1157055497974717
v -0.17361953912837627 -0.01253546967273548 3.2010996304589763
v -0.16426891191554713 -0.015742847003134 3.0282432805260786
v -0.16341599888720496 0.032813767268031806 3.0615747240400477
v -0.16341599888720496 0.032813767268031806 3.0615747240400477
v -0.16247965844321416 0.024676458056670885 3.0554320525951484
v -0.16095275964590763 -0.0002787920567232198 3.038963428344523
v -0.16070349739180362 -0.005560881300580671 3.0371110247617064
v -0.15904726556147972 0.011477036026296105 3.0469120293950094
v -0.15904726556147972 0.011477036026296105 3.0469120293950094
v -0.157334738089687 -0.01938443855198232 3.0283522981413102
v -0.157334738089687 -0.01938443855198232 3.0283522981413102
v -0.15836635925218284 0.03307003564984879 3.06095699607655
v -0.16395740631228872 0.21406047825242394 3.1816503149077398
v -0.21439906697214375 -0.0654732847625609 4.161067896406983
v -0.15913667824601585 0.08656393708507445 3.0978911527253867
v -0.15394684980984566 -0.03525895361380146 3.0191974939375594
v -0.16517710753087655 0.3092164600517411 3.2421958137124616
v -0.14770150172846652 0.011588332994289645 3.0487920624263696
v -0.1453310499135622 -0.0420070018064519 3.0137900963800783
v -0.17154882356769677 0.03389309436795485 3.616706641085487
v -0.15092959418458332 0.20108993142814285 3.173760539109866
v -0.14351769319699392 -0.015023971919566196 3.0309263584785326
v -0.15346743135361923 0.322511359165307 3.2538158261375787
v -0.14386780541054442 0.07422179092049849 3.0935038610777075
v -0.14483853908089958 0.1472804666175016 3.138618062592841
v -0.1404551589431939 0.0068039080320038085 3.0480867131374896
v -0.18368954248481148 0.01015321997331276 4.076068090191224
v -0.13999876520608198 0.12809557579364073 3.129541565965617
v -0.13606127614783806 0.012118690460776982 3.0508340946298262
v -0.13359152519229134 -0.03249867787012104 3.0226864873667205
v -0.13435001846792932 0.03384812164152934 3.0666098226712037
v -0.13960616669932677 0.22200042940877543 3.1910167856015517
v -0.13960616669932677 0.22200042940877543 3.1910167856015517
v -0.18664259540625694 0.2959538771583285 4.337755004542877
v -0.1367393960921027 0.20899591308489204 3.180324317986397
v -0.13615948210524945 0.20135216564924488 3.1750784975548054
v -0.12290121305365528 -0.03391621929834517 2.8869408401203973
v -0.1342652886967757 0.24934444329537636 3.208023727826023
v -0.1336028165788426 0.24190177981976577 3.202811043025872
v -0.1270454895842345 0.0206536908870904 3.0578665720804503
v -0.12442243298400171 -0.03358153274995956 3.0246383920982556
v -0.1257705261754842 0.07982021903157326 3.095785725408402
v -0.1257705261754842 0.07982021903157326 3.095785725408402
v -0.12850234459784032 0.18260025626491944 3.1642597528897847
v -0.1295508245667395 0.255573634736409 3.2125260720403834
v -0.1295508245667395 0.255573634736409 3.2125260720403834
v -0.12197373064866697 0.052263698160226524 3.0828642565709874
v -0.12363092401877347 0.15455625132655226 3.1438264243381324
v -0.12433519675783235 0.17154455151241316 3.2194556567425137
v -0.11626135974741247 -0.04412172506148666 3.0162841493115535
v -0.14270118346459829 -0.014184797585971378 3.717268932657852
v -0.11544426630657546 -0.040319199897491304 3.018431647821628
v -0.1228696088197023 0.32339653310029437 3.2573206748122177
v -0.1201859247110301 0.2837031665101605 3.2350258629430657
v -0.11318900595913119 0.010632892342472625 3.0525986416509086
v -0.11318900595913119 0.010632892342472625 3.0525986416509086
v -0.11597913658368282 0.13246698140560673 3.1338431035121994
v -0.11735759118263736 0.38358540519874473 3.2964465681487267
v -0.11072906112061208 0.13352014826885267 3.133135451826862
v -0.11157532647390035 0.22826438851494785 3.19687378197897
v -0.11157532647390035 0.22826438851494785 3.19687378197897
v -0.11460472957566896 0.14763247821832345 3.2829992310867855
v -0.11095727404995111 0.2420215176587202 3.2056059308079945
v -0.1039386189370473 0.01252033932035586 3.0552556687804846
v -0.1039386189370473 0.01252033932035586 3.0552556687804846
v -0.1042202513941541 0.06047659756839113 3.089633212855085
v -0.1017107925099323 0.033042645150131465 3.06936080954306
v -0.10049602581342494 -0.020473932451840014 3.038280221432862
v -0.10049602581342494 -0.020473932451840014 3.038280221432862
v -0.10218344016196353 0.06660798600583663 3.0912954458946262
v -0.10113587634842411 0.08647168540236881 3.103183221619368
v -0.09941643722887747 0.02623021486754304 3.0657621632151404
v -0.09760393384747411 -0.008376142710243908 3.0416074433878375
v -0.10250693945113439 0.22847657237010027 3.1990333781202995
v -0.09957635859112011 0.112595448637088 3.12075659553265
v -0.09592171726534461 -0.014308007341879776 3.037907706577096
v -0.09606522086730962 0.039961172400416786 3.0748201032330007
v -0.09472681664940906 0.08044773440135002 3.1035423538835967
v -0.09617150181755882 0.310603922380922 3.253931628281606
v -0.08919894840356553 -0.0412175075295737 3.0211382564755414
v -0.09238625800304619 0.13999737575878501 3.1395216721300576
v -0.08967328348874867 0.01290168896967285 3.0582488960077803
v -0.08923639856774976 0.02659825250981277 3.06753430839202
v -0.08993500075859794 0.073128140557936 3.094313965475708
v -0.08993500075859794 0.073128140557936 3.094313965475708
v -0.09036954042015416 0.09336579058337509 3.1104765758358903
v -0.08755588371655375 0.034555213691916824 3.0727678133682312
v -0.09935361232977621 0.04915164139654129 3.5870026696480624
v -0.08599015988681827 0.09024094438540113 3.108943306416264
v -0.08570723248639642 0.09880953627080302 3.115354505774911
v -0.09075516639177385 0.3787412906094791 3.29985638785347
v -0.08516271799886173 0.08098999131111824 3.1037344575975503
v -0.08384669357921785 0.1406429190857246 3.1423670615231214
v -0.08564635058173937 0.3030534404182619 3.248896853823052
v -0.08057661280582586 0.031731188547821525 3.072292118252945
v -0.08362691814236194 0.31058274266643104 3.255430010765489
v -0.08018402398935262 0.1273557933463762 3.1296533004875635
v -0.07945103830824113 0.08037108103204335 3.104893028498683
v -0.07945103830824113 0.08037108103204335 3.104893028498683
v -0.07676004566421372 -0.02829277208176532 3.0326197054663417
v -0.07676004566421372 -0.02829277208176532 3.0326197054663417
v -0.07922412625755625 0.15313068160726578 3.1497999235100105
v -0.07776472040395216 0.07455636649901785 3.1018644621974385
v -0.07471385668400897 -0.035517482759576204 3.0264016245124554
v -0.07825346532808097 0.21580343844008554 3.1931234962719497
v -0.0762750988292835 0.14230442507085136 3.148038569450568
v -0.07328681352233936 0.034239058609971076 3.0750404053099616
v -0.07138156110237506 -0.008116903545259832 3.045053183047923
v -0.07258218920733393 0.17506597241954705 3.167302773803864
v -0.07058683863326812 0.0463104794249822 3.084318538420841
v -0.0671039409660428 -0.015308781881088305 3.0436508466893955
v -0.06465538885373277 -0.041104383735315476 3.0260870007445844
v -0.06561024626344279 0.1408280116404526 3.144316582833905
v -0.06374688163126362 0.0023535304532462053 3.055733243668179
v -0.07160799645522235 0.006903332218279001 3.446006296747847
v -0.06310870871483149 0.10186277707422225 3.121052026363757
v -0.07465652266128596 0.09228055967052248 3.701053062210372
v -0.06928769741104612 0.029422782100096422 3.43885573473936
v -0.07084843564083666 0.29008162700905127 3.5847496272204733
v -0.0740360544371339 0.09559292222553369 3.7019621379458028
v -0.06965115297103669 0.16684101334166043 3.6481187563413697
v -0.05941447199730526 0.08742590688796692 3.113211309144148
v -0.0587684318850286 0.09510889934074772 3.1191891210295792
v -0.05761710668944075 0.012313233789347101 3.061894158707917
v -0.058634442793648704 0.17072394492489373 3.166961491028733
v -0.05679043821751507 0.019768267647773563 3.067727564802745
v -0.05679043821751507 0.019768267647773563 3.067727564802745
v -0.056970293663842285 0.29863115599529766 3.251770478106564
v -0.051534414328755086 -0.0064671259819053094 3.0527158587265952
v -0.0524684614792633 0.14621107386108695 3.1519480816366894
v -0.047510436252564174 -0.01424819694746444 3.0477008597522572
v -0.047510436252564174 -0.01424819694746444 3.0477008597522572
v -0.04668502715500509 0.05893430892918531 3.0948680538388413
v -0.04668502715500509 0.05893430892918531 3.0948680538388413
v -0.046122301887246094 0.13001155855419122 3.1434915260223906
v -0.0432773956765945 -0.008245044072135882 3.0512774315171725
v -0.043095839404010475 0.010093274248541333 3.0647847549476412
v -0.04337911481159736 0.08912694057911173 3.1191764222213685
v -0.04327707760534499 0.18358807978072708 3.179320836852984
v -0.04275212146193252 0.1621124840554792 3.1641401023505376
v -0.04313492528418778 0.26524880357439423 3.2317636631388864
v -0.04313492528418778 0.26524880357439423 3.2317636631388864
v -0.041112955315739455 0.043262587875552455 3.0842846471342362
v -0.04105297367216911 0.03740533407886665 3.083413590635624
v -0.039856493187924114 -0.039527050747531135 3.032145185460645
v -0.03862780259466986 0.1895678798898852 3.182599645172474
v -0.03566627914111273 -0.041351913655874206 3.029470067832713
v -0.03560637228962417 0.2432225026308082 3.2167792171499885
v -0.03482690232331632 0.1577989470291898 3.1639786449049256
v -0.033424779523042444 0.007608212956079606 3.065321864368383
v -0.03359506987224427 0.2363836204289263 3.2130108601193474
v -0.03359506987224427 0.2363836204289263 3.2130108601193474
v -0.03165294550210257 -0.00617806016151357 3.0583379991043533
v -0.03161518879843556 -0.0006133819786479224 3.05939698997425
v -0.03161518879843556 -0.0006133819786479224 3.05939698997425
v -0.029744071242055487 0.18330492976199358 3.179197746783423
v -0.029297099101206852 0.12015951886862423 3.138704860972121
v -0.026868737439419126 0.13445853842667585 3.148794280502125
v -0.025942825014051322 0.03363209000606532 3.082353504119564
v -0.02510998352505411 -0.019654656061004225 3.0497722706493247
v -0.02470860877303966 -0.03148906692420712 3.040303276373351
v -0.024192295192757018 -0.03633271826784587 3.034851424752658
v -0.025376248307224458 0.18883189836629027 3.1836421486731
v -0.02513661174533251 0.3940053795136164 3.321107992484657
v -0.023243598685782966 0.13343911984926007 3.1479416683767503
v -0.022666541930991786 0.20429070475109692 3.195176137028169
v -0.021232402183940725 0.054376655162663046 3.0969245854984773
v -0.0211461697706667 0.18322640318072891 3.181932305081277
v -0.017825403750358147 0.006398853175795348 3.0651290603637817
v -0.017821157639586516 0.13750575086737368 3.1507565135731057
v -0.01575987608508484 -0.010538889700855 3.0548929453883744
v -0.01575987608508484 -0.010538889700855 3.0548929453883744
v -0.015804656462052594 0.042259230042072986 3.213442297506506
v -0.016343038548442497 0.33492570215874523 3.284141320860706
v -0.013768239176436067 -0.0005472141739540293 3.0629440822578045
v -0.01365175219929726 0.3263640235232433 3.279859732521958
v -0.012450805429786264 0.14116986152354222 3.153984573559912
v -0.011919140892143599 0.08972542747834471 3.1213216222664673
v -0.011438683749436488 0.2031038957939068 3.1959866725685004
v -0.010706023791321307 0.19633436875255791 3.1902918483470417
v -0.01088881866703788 0.3390688898860363 3.2846914617054925
v -0.01098670782624255 0.040850040882576565 3.466159640963838
v -0.00983383055704935 0.24438662665416958 3.2244878208494643
v -0.009560740539059639 0.2219093211717578 3.206985346375399
v -0.007949633635033544 0.11483962141232583 3.138575878110818
v -0.007349350255308323 0.2111787193012155 3.2031367601108984
v -0.00640597432216893 0.02097180954258718 3.079988511318442
v -0.006151088434839075 -0.0022905681175174704 3.061946892078665
v -0.003373690373116888 0.04607593753936633 3.0939138985449532
v -0.0022133881081758287 0.050982512970215596 3.5051887254357523
v 0.0008368333026280716 0.148575367544612 3.161203375012355
v 0.0013858027560681445 0.435355582730497 3.353624087263465
v 0.0019070992014299383 0.25088536529664757 3.231751640834754
v 0.003139717875587296 -0.043472205341033056 3.0374146522140943
v 0.0034221984852433724 -0.012963846931674843 3.058013743773493
v 0.004390207864304277 0.062141930890762156 3.1086815032414354
v 0.005496369560664428 -0.033878314297479444 3.0441612981120065
v 0.005962228503152116 0.2172524503586835 3.209703722162442
v 0.006379153761171098 -0.019147534319231635 3.055578020709205
v 0.00788297612762223 0.4884415533143622 3.3888770891505398
v 0.008162610540520634 -0.012343386084650895 3.058767598134628
v 0.010958798116628013 0.3108594424022368 3.490546537025438
v 0.011465082339842458 0.23630939807278764 3.2230261608774846
v 0.012782455347728722 0.31201587556117855 3.2724741036602913
v 0.014464732204154436 0.4083727706591979 3.3370124308603155
v 0.013868430803282155 0.040648849533959724 3.0933976006560515
v 0.015079129250338335 0.06748138583884968 3.1119550315273985
v 0.015070191173447272 0.06010305312323352 3.105539443474851
v 0.01745918122421127 0.11551617694638319 3.1436254716286767
v 0.01745918122421127 0.11551617694638319 3.1436254716286767
v 0.020686434676580805 0.06230375621264875 3.1112548843813324
v 0.021555620389627925 0.1761086194518898 3.183807637318951
v 0.021957011054508632 0.1849187210145153 3.191669373619141
v 0.02125724091523717 -0.01622474730558991 3.0577700503463356
v 0.02125724091523717 -0.01622474730558991 3.0577700503463356
v 0.022685271294561292 0.14041019008522454 3.1613543317869586
v 0.02223037411476733 -0.043969697792470196 3.0400162630442744
v 0.022410862420268608 -0.034568514062637244 3.0476709117533933
v 0.026072391365119733 0.060318165193393135 3.1075724500631763
v 0.02749699056210779 0.2658744381734022 3.2459652124940837
v 0.02692339960510003 0.05356143112867425 3.104521775560329
v 0.030084749400605564 0.00547016379490544 3.074685435287457
v 0.03186385185459774 0.271001899308562 3.246940524863471
v 0.032776502697947074 0.36842787401828697 3.313866829663113
v 0.03400450131989577 0.39411783858012894 3.3296703845854694
v 0.03219632139292968 0.09475347391535072 3.1333066596436807
v 0.034877643326944756 0.3124507767765746 3.2775220934633245
v 0.034877643326944756 0.3124507767765746 3.2775220934633245
v 0.03783504883083986 0.36165026136873507 3.3115016140434155
v 0.03605995920677049 0.0026943669403951195 3.0796479780485724
v 0.03700377570726471 0.17604906482345392 3.18620770994325
v 0.03715171155873854 0.18964465003478786 3.1964934033230543
v 0.03609519252499424 0.04009961326621436 3.0972214416388266
v 0.041107888761394616 0.3262028350174565 3.2881948008097854
v 0.041107888761394616 0.3262028350174565 3.2881948008097854
v 0.03863232207360879 0.02032228684177929 3.085324520640952
v 0.04134312679362143 0.279460664068899 3.2568700423739148
v 0.03967864403426154 0.08106999112985222 3.124433257817616
v 0.04207518863836192 0.11421669778171196 3.1441904145898834
v 0.04050291156213565 0.0028599415832341324 2.9980664019315717
v 0.04268361050592107 0.08880938212558884 3.135498275084373
v 0.04448030578320683 0.19459198063868152 3.2009433879409936
v 0.045967786358479305 0.28462497850164215 3.2601703964019766
v 0.045967786358479305 0.28462497850164215 3.2601703964019766
v 0.045272798283981786 0.0129897543529719 3.0830950860782917
v 0.04624695793949998 0.006910144750499931 3.0789175071977333
v 0.049123228751408475 0.1287726213069202 3.159442425234119
v 0.0511603113436195 0.31306608149862436 3.2812016917241698
v 0.0526281645352473 0.3534903587413568 3.307168577958104
v 0.0526281645352473 0.3534903587413568 3.307168577958104
v 0.05225685729369139 0.2806402286109226 3.2609191959747337
v 0.05225685729369139 0.2806402286109226 3.2609191959747337
v 0.052461256694591306 0.043029837925214615 3.1019538536932623
v 0.05450371100726727 0.20954888205138747 3.2113591637269767
v 0.054593023732516864 0.20293302406334343 3.2060004262529875
v 0.05755237384920611 0.22605616443053067 3.2269093775901223
v 0.05715526565038108 0.18286317545456388 3.1947072913794656
v 0.056960331488968036 0.10311689360210072 3.1448252355807984
v 0.0582480567914112 0.11697190231282655 3.1532111518891983
v 0.05999153741396424 0.14874969823641404 3.1741080054814224
v 0.05999153741396424 0.14874969823641404 3.1741080054814224
v 0.05958828467636865 0.04571090312063907 3.104445004761493
v 0.06339219433978091 0.0191211920632224 3.0895686633505304
v 0.06432261728976733 0.033839650493637435 3.099147114062385
v 0.0689266430737409 0.20278357023142915 3.2112479548199255
v 0.07229561750441728 0.4079318696715825 3.3442081758649884
v 0.06851838930542956 0.11600343140378735 3.154740003175646
v 0.06776400797280538 0.0016123495263434804 3.076745418132266
v 0.07321170584735409 0.36691238119779596 3.3171427251255774
v 0.07049821212957513 0.1017915565964873 3.145740951455693
v 0.07394494426333237 0.3339739013769251 3.29844007574184
v 0.06973364310513319 0.03282357039905921 3.098026895522266
v 0.07359876270194372 0.26599539050005483 3.2552626669061984
v 0.07358041703274541 0.1955629272349888 3.2046705292584536
v 0.07374224263381918 0.1397640859586614 3.168411205686792
v 0.07374224263381918 0.1397640859586614 3.168411205686792
v 0.07160649874410648 -0.028578014015215262 3.0582965271149063
v 0.07903483289869506 0.41533276446547684 3.352442381154033
v 0.07487373180897174 0.03386989128296487 3.1005004103837632
v 0.07469321773349413 0.018412886552247317 3.0895406596293737
v 0.08025421815655154 0.2913613658247066 3.2700749106022333
v 0.0777681565192136 0.1337322023204318 3.168419554767108
v 0.07730027401312335 0.05300463564792604 3.1140858806534806
v 0.07661838663370667 -0.032759483715188595 3.058827249922741
v 0.07686271162551195 -0.028172285190186257 3.060940588572536
v 0.07975886516567349 0.1433750006834614 3.175531717337793
v 0.08240663664814694 0.22342416965775194 3.22701133730507
v 0.08041921090577683 0.019342437015695546 3.092188083687666
v 0.0806535359760687 0.025779766137683305 3.097093896895068
v 0.07985909948225345 -0.06729663435399093 3.033449657230232
v 0.0922051628212496 0.43561971571862895 3.3677021250761316
v 0.09051541388896589 0.31338181911251506 3.291170128193896
v 0.09223517310593 0.36437776876170475 3.3224635361111416
v 0.08499635746451642 -0.03406470565621032 3.06029097632301
v 0.09135031750240559 0.2979042165337738 3.278020936725555
v 0.08713707285600608 0.059497208145272144 3.1183601516962884
v 0.0956139939708976 0.5181696683535856 3.4211939549450623
v 0.092933176248498 0.0469686102556043 3.309702925497687
v 0.09496885164726815 0.3392944750814903 3.3062797073018766
v 0.08933720884591148 0.018277482566491428 3.09242073900974
v 0.08906220186541566 -0.043719596604943275 3.0523259846463016
v 0.09444832361494049 0.22988513009326847 3.2335976545296927
v 0.09799535567109124 0.38045598863620445 3.3332111550181764
v 0.09278092725095635 0.09401120038964773 3.144555868065616
v 0.0910412347677834 -0.00030939091510971917 3.080724985234457
v 0.09236211315775571 0.03532805388334712 3.1042539351084826
v 0.09132381295727283 -0.0348807950629748 3.0583636415659345
v 0.09259727475447485 0.010216004895369595 3.0889044849248397
v 0.09373272674066821 0.056841876604235446 3.119771010550711
v 0.09342054822743884 -0.0068297862484182105 3.0804926610680554
v 0.09559882191126215 0.08041641214488345 3.1354637594901167
v 0.10237771857626707 0.3914815054548775 3.342558886586391
v 0.09053180653329049 0.012181167772408677 2.942536342626409
v 0.10397403706729541 0.4494289449968725 3.379562685578247
v 0.09652060200454946 0.03170895297863528 3.1029754536398917
v 0.0978362312158138 0.08603401943966237 3.138976902507618
v 0.09751921814170286 0.05648903218701223 3.1195167746039174
v 0.099443101385543 0.11761902618224192 3.1608915235255846
v 0.10586690517825927 0.4010493482014936 3.3478978636023125
v 0.09958124489802658 0.07399899492140069 3.134382020086911
v 0.10340390288793354 0.2544144547453019 3.2530967734138843
v 0.10197478850586213 0.1864168498069017 3.2078087674276516
v 0.09894977465877156 0.03404348395111275 3.1064878960490954
v 0.10511690106698472 0.30573680211305365 3.2870790357515722
v 0.10722272841838709 0.39390132905905817 3.3433895650471235
v 0.10722272841838709 0.39390132905905817 3.3433895650471235
v 0.09935575870727743 -0.04466320771299367 3.0540971282330664
v 0.10515004121597539 0.20783305225898147 3.2212545122978673
v 0.1045326772219592 0.08002797776826355 3.1369317520671784
v 0.1045326772219592 0.08002797776826355 3.1369317520671784
v 0.11176355449076521 0.2628714464492651 3.25733077235031
v 0.11029805054269072 0.19563273712460755 3.2144890986746617
v 0.11184859312724621 0.25655254835711083 3.253745229748695
v 0.10691029118805664 0.02596488385013453 3.101985776339062
v 0.10963813419615101 0.08748168022363693 3.146098732154546
v 0.11500498960815887 0.24406262337771417 3.2490405175747004
v 0.11264978398216953 0.11372925225965802 3.160890040626915
v 0.11264978398216953 0.11372925225965802 3.160890040626915
v 0.1160516719133914 0.2517664462281856 3.253547774841242
v 0.11367726997907962 0.13348996792665066 3.173610872230803
v 0.1192582731005287 0.1845349818984347 3.2108059686474277
v 0.11874343581639045 0.14790805948426347 3.1851173949456015
v 0.09125009644650987 -0.017190717364743226 2.426613595776595
v 0.12203873147209396 0.22956575663134643 3.238948144322647
v 0.11051992609038389 0.0115548351302258 2.880458350769397
v 0.12452537520264649 0.1855931234824645 3.2112165734955234
v 0.12414494213236899 0.15663329504897247 3.195236497333088
v 0.12058123815459726 -0.03466235566896858 3.0662710317581334
v 0.12238326720320855 0.01780291351423123 3.0982059366560226
v 0.12238326720320855 0.01780291351423123 3.0982059366560226
v 0.12454366540253238 0.0759383146747994 3.141179128634073
v 0.12281247451070205 -0.001671184608805022 3.088076643993993
v 0.11950819762117089 -0.07262053818439165 2.986169531183788
v 0.12993943784430598 0.16121936113683177 3.1956750634933035
v 0.12993943784430598 0.16121936113683177 3.1956750634933035
v 0.13165581393440587 0.1472767199679403 3.1863114906201386
v 0.12881094230015233 0.03934305702041786 3.1163388811281143
v 0.12904752026125968 0.04556825664544358 3.1197598527068298
v 0.12707735271347684 -0.042110252432626526 3.063214038815579
v 0.1284162160419397 -0.022507859575472137 3.075565838567863
v 0.1305106344393276 0.03805050380407496 3.1163151181435564
v 0.1295836487858013 -0.0001984909654064816 3.0910862711775247
v 0.13287802766457027 0.01951932331143755 3.1051000801501805
v 0.13493469426065832 0.09301681031350603 3.1516322098480205
v 0.13493469426065832 0.09301681031350603 3.1516322098480205
v 0.1354093040239685 0.031147708418898717 3.1111111619938265
v 0.13490820598588615 -0.002703416732232241 3.089538111484877
v 0.13850773073967784 -0.007586286002664399 3.0886765494292296
v 0.14131816961920207 0.031721612861002564 3.11254026381111
v 0.14457537833277492 0.005128407649256822 3.1004618544772167
v 0.14735772222846977 -0.022017193003443555 3.0827307919457967
v 0.14739200868441757 -0.029385256414498868 3.075175542725455
v 0.14739200868441757 -0.029385256414498868 3.075175542725455
v 0.15206897494613655 -0.03239255591748527 3.0749882926393086
v 0.16006849711299734 -0.06795591902601368 3.052749395761472
v -0.4947910949764485 0.11314715788072124 2.865881681136501
v -0.39491774376486755 -0.07707319163973596 2.4789867397541743
v -0.39432499331066156 0.007622781650237871 2.51711223072892
v -0.41052951819398187 -0.05599097322543121 2.8453773925210797
v -0.3419011564428091 -0.06479484186040516 2.469559057850023
v -0.3343916501049088 0.11911297282859266 2.55563071375294
v -0.28173257990327705 0.13027698519661715 2.5461082799903427
v -0.26637814468767146 -0.04810385230239874 2.4567733161094574
v -0.2619734556355656 -0.002885207236991214 2.771878889116848
v -0.2614736038284596 0.007203805793443415 3.0072369025786183
v -0.25521958528573163 0.020279899218047473 2.994744758143421
v -0.22803600160752155 0.07057750730485209 2.6264838609343313
v -0.2145796730502771 0.17646563294004425 2.5561692402855614
v -0.20200521729424117 -0.026378324143804817 2.4556413847768614
v -0.17965891324906383 0.10918216735691483 2.5184310574407283
v -0.18674269809533503 0.3129049940714187 2.618571970329643
v -0.20618753380532406 0.008041217680332138 2.962848241969749
v -0.1769237904742863 0.23475950261678935 2.5797284849031303
v -0.16680099193771636 0.028407308545157887 2.474178593050513
v -0.16751371169720897 0.08293084447237899 2.5019805280541734
v -0.16349280141533745 0.08782802091667863 2.5013577182247193
v -0.1625510901847252 0.12823803153396165 2.5254254036621733
v -0.16749128273427596 0.29225050634727967 2.605520480490961
v -0.1604324725560018 0.11169419601551028 2.512274186970921
v -0.16910269448179452 -0.10500288797750444 2.695445836563498
v -0.16910269448179452 -0.10500288797750444 2.695445836563498
v -0.15263984235545736 -0.024462400281663764 2.4459820307385955
v -0.14264474295656474 -0.006092947030674612 2.4522799152872716
v -0.1423623552010286 0.021467487194829667 2.466661042469464
v -0.14820683266558277 0.06440597594316919 2.839421613639022
v -0.1320309874078847 0.11893071413881058 2.512647891241301
v -0.13801707644898514 0.02912347230283682 2.8023022678650698
v -0.13993476440045385 0.01762342680374096 2.812081254319045
v -0.13105550778467834 0.04737766927545522 2.6734144497336603
v -0.12164485660497172 -0.018333314727924613 2.443308938332793
v -0.12300461756747305 0.143309559686726 2.524175193080004
v -0.11824880389169017 0.02624355172781509 2.46441674632316
v -0.11688029281458656 0.0932650771303761 2.497122566253934
v -0.11715677931089519 0.1256489425808352 2.51410212496932
v -0.10042348891470959 0.0005824271069075846 2.4478561288742866
v -0.10042348891470959 0.0005824271069075846 2.4478561288742866
v -0.10230918581108832 -0.008552036772549758 2.5951360205870833
v -0.09430398617245316 0.05320998929191321 2.4750145349075265
v -0.09157609895763433 -0.013156120769557548 2.4406490572432347
v -0.0964528623000566 0.26173640523592906 2.57922353374595
v -0.0914938079454434 0.020170945926794852 2.456859864993308
v -0.09773813175533323 0.023858888747930535 2.6313106260411976
v -0.0855264851315583 0.054747054814605296 2.4734670815418003
v -0.0855264851315583 0.054747054814605296 2.4734670815418003
v -0.08532186639834799 0.3013025975098726 2.5956109830665186
v -0.08532186639834799 0.3013025975098726 2.5956109830665186
v -0.07609879901321855 -0.010684776369103848 2.44013807222089
v -0.06763196388092192 0.28510090493508 2.5854014473465536
v -0.06488363423606064 0.09162929706546973 2.4868528873577818
v -0.0617552608622775 0.07505657551931225 2.47702011850602
v -0.0586494994153968 0.07762417809706167 2.4797091419971693
v -0.0586494994153968 0.07762417809706167 2.4797091419971693
v -0.05588186620593055 0.09909474263653445 2.4889265107568734
v -0.05442090740691649 -0.0019822669117832534 2.4392349148518755
v -0.04989434410351495 0.015000199856851368 2.447863405645871
v -0.041542799058288095 0.12447900964207292 2.5025447678990917
v -0.0395144759106972 0.004603892310038628 2.4399794024549397
v -0.03828789585209097 0.008119839361041449 2.441450679517206
v -0.038051029575768495 0.14428642685993537 2.508455580144894
v -0.03181685891580879 0.006660094189782873 2.440104082234165
v -0.03492779655041141 0.05634565815705393 2.575948806290899
v -0.03243906774283576 0.14820990168428477 2.5112506813719344
v -0.028375053478012613 -0.00418597672027659 2.4341202309022396
v -0.025544041633741753 0.047353887733709264 2.457421948503454
v -0.025455533478851492 0.03642637963875372 2.4520587907573264
v -0.025455533478851492 0.03642637963875372 2.4520587907573264
v -0.0246060541261999 0.07910349956419688 2.4739259957411672
v -0.020286405731907448 0.017916611445599497 2.4452592610455
v -0.020290336313935075 0.09945199620927951 2.4842541013806523
v -0.01859636063521217 0.10381583675151104 2.4851854578558115
v -0.018014198945157687 0.037551619934619355 2.4519189728433064
v -0.017232801406196742 -0.0006704767004303681 2.4330068494920387
v -0.015840035377904956 0.2161142067586932 2.541283986134457
v -0.015750754774085385 0.2613115236148443 2.565397283942075
v -0.006315686408636111 -0.02182731898356618 2.4938186267416818
v -0.005811383626478034 0.0464981285276233 2.4550354244117027
v -0.004829305589995704 0.08989608437416909 2.4769075353755006
v -0.0036318804503345263 0.04442888437753431 2.453859974499855
v -0.0036318804503345263 0.04442888437753431 2.453859974499855
v -0.0016693653967503944 0.1580021057114377 2.511291262712655
v 5.549867807441323e-05 0.07450478548570223 2.4673000031220207
v 0.009369899455614289 0.03253540627667988 2.4469795307957787
v 0.01011118261886388 0.06853644274413119 2.4644060150348084
v 0.010334796782474393 0.12636484606163756 2.4931086606539106
v 0.011127377116659603 0.009782793009909812 2.433743151681889
v 0.011966035925474933 0.07649345398089104 2.4676230621854263
v 0.015117868324934364 0.049066222824733614 2.4540042285066956
v 0.01805618525548101 0.08569548645678764 2.4714356346538984
v 0.018499213441196326 0.09747857086137773 2.4766235290890917
v 0.01986929234319102 0.04510700889573358 2.452088422174325
v 0.02200533511983373 0.02305202614122344 2.439761240300226
v 0.0252962444385625 0.028650894489939308 2.4427619522377335
v -0.9033735020463731 0.2531673392840544 8.382512795799341
v -1.1262148689433096 0.030470039674771632 16.207004686728105
v -0.656701715438528 0.4816263821783891 9.109591037616317
v -0.6289781273471431 -0.3457846781344244 9.899591794785614
v -0.6289781273471431 -0.3457846781344244 9.899591794785614
v -0.5466256281966438 -0.5809093302423006 8.964811445935496
v -0.437240359473658 0.39385764754249664 7.681179585517881
v -0.6719503713365611 0.12681353806862472 12.026982604881368
v -0.3600975026520661 0.06561288632468441 7.116473239829485
v -0.3704253078796291 0.3761357267636592 7.5417343729647435
v -0.24213156520195372 0.04138856332774957 6.83577044743607
v -0.23693231455563982 0.8917752663976025 8.525332128150735
v -0.16161161022028928 0.05566025235016706 7.015382276003088
v -0.18873541052378456 0.7537039053210619 8.352067118219319
v -0.17314675687678494 0.6554076056504688 8.206929893602359
v -0.17314675687678494 0.6554076056504688 8.206929893602359
v -0.11264896025790876 0.026767690150088477 7.122755108638906
v -0.06074061909918804 0.44330449179274456 8.087921606290584
v 0.001258236938114376 0.07188785078234847 7.478984891590979
v 0.09699953611063195 -0.09265394096632046 7.521386301008346
v 0.1726346397037253 -0.1383132605074357 7.711345451722454
v 0.18094351201461106 -0.11350421732774388 7.738599007214765
v 0.3378122091166064 -0.21973648510180802 8.05720695648119
v 0.35658578552467574 -0.2883548063909154 8.08123083666909
v 0.4179175755854245 -0.2869949441070398 8.252891884385459
v 0.42056575934113627 -0.3307914251228486 8.23423675019689
v 0.23560105277569143 -0.09198529801410063 5.212693844295152
v 0.2411746381399824 -0.08885899416636048 5.173849171350964
v 0.5736400207040031 -0.41435768889875685 8.583242102193001
v 0.6115579086068208 -0.465602452640432 8.677557231044759
v -0.7590409776529208 -0.2844685285412068 4.668920409749226
v -0.7100002441821676 -0.22677347713577023 4.773581529748512
v -0.5871136677108421 -0.06625852742870539 4.622358869630843
v -0.411727731838799 0.008077013774456491 4.4584103280416425
v -0.4101196725752917 0.03126234924647085 4.449406379742367
v -0.45865053772125103 0.9501489549949842 5.053621706173526
v -0.41725208524238844 0.4452144933484309 4.7311779978601205
v -0.39140391499751576 0.013238106316207103 4.46168345808838
v -0.4113041327491816 0.37651192305990294 4.696642646471566
v -0.41375009842864474 0.43598312931476935 4.727137495024938
v -0.402903978086918 0.2797742274834619 4.631209814259121
v -0.40829943857421136 0.41413490444526585 4.72057557325032
v -0.4103318243814154 0.5208209313264971 4.7876991271467535
v -0.4103318243814154 0.5208209313264971 4.7876991271467535
v -0.40027729640223153 0.33797010749611067 4.674881168254941
v -0.40027729640223153 0.33797010749611067 4.674881168254941
v -0.39857709609208636 0.3253735882397219 4.657327280801779
v -0.3969013508260012 0.31148442678296145 4.653703170355258
v -0.3906614761617463 0.19362413134578366 4.582293246736146
v -0.3914012203269835 0.21952685717691348 4.595382721739333
v -0.3905147748240179 0.2133847829195875 4.592461774261262
v -0.40329555013826235 0.45230179853399755 4.750266306105316
v -0.39332106609700074 0.2880542241444946 4.643740415043312
v -0.40136312469246177 0.43766065914272984 4.743783592798966
v -0.3917420371485283 0.2808940283418881 4.637287095712932
v -0.3960622139552448 0.36659826562127157 4.693319736981536
v -0.3960622139552448 0.36659826562127157 4.693319736981536
v -0.7064358052943778 0.2854328288420684 8.38545391528211
v -0.7064358052943778 0.2854328288420684 8.38545391528211
v -0.42637432901640115 -0.3677431305909284 5.085829557870849
v -0.3815330969139531 0.1433378041801599 4.552942184710778
v -0.39053453950547595 0.31279466356274604 4.660538163805079
v -0.37947310137799295 0.12472974855724318 4.53943824028173
v -0.3828347886307336 0.2306450474602525 4.6114932409883265
v -0.3828347886307336 0.2306450474602525 4.6114932409883265
v -0.37272589035088743 0.04948358172568202 4.493030119918344
v -0.3854639753278406 0.33259301634073474 4.672235146142396
v -0.37610541022918065 0.19870744944118518 4.58996438675678
v -0.39007284163643713 0.45723819309493785 4.7625101250410715
v -0.37955574409991233 0.3238768218410314 4.671862443868661
v -0.36530437425803775 0.05952176074992665 4.505586238338907
v -0.38683223217021523 0.4739302968665731 4.771329758484172
v -0.38683223217021523 0.4739302968665731 4.771329758484172
v -0.3665945270255259 0.13760507916979714 4.558810093486512
v -0.36244150652376406 0.0796371916797704 4.522053912568152
v -0.35918107488494005 0.0485172887833335 4.501221466060898
v -0.36193824994189266 0.16334001034475973 4.578669092901936
v -0.36363224887223805 0.23854620822252837 4.63278432754741
v -0.353914710648102 0.05668045377131545 4.510238389765361
v -0.37421513926291755 0.5130015261119272 4.809226237334622
v -0.598323892689044 0.08797601990277708 7.765794987010295
v -0.3528362258976539 0.17226199359197733 4.58679541267666
v -0.3528362258976539 0.17226199359197733 4.58679541267666
v -0.35324217343476877 0.24146276465262154 4.642353306773738
v -0.35062592368801887 0.22746670774360442 4.631384765529717
v -0.3518155806498148 0.25128854454458427 4.647723963983285
v -0.3507212183000165 0.26695552364013675 4.661244357379688
v -0.36224968851141837 0.5101279352967187 4.8168221872979515
v -0.34741718976017694 0.2135581810317195 4.628200651419024
v -0.3453935838105564 0.1835173057713619 4.608586823265477
v -0.3424804342482785 0.1525491039498912 4.580157504676479
v -0.33703974525501296 0.12125958455665413 4.567309758860055
v -0.33565105124407607 0.10069580023206237 4.550790759191193
v -0.335878740720264 0.11160847792296211 4.555959564656572
v -0.335878740720264 0.11160847792296211 4.555959564656572
v -0.35163847551786037 0.5087488374250608 4.825522197039724
v -0.32936948118357107 0.05510119729702987 4.533152693448497
v -0.34457502815002605 0.44738768820204705 4.790910503992609
v -0.36591585806785565 -0.36526286684251574 5.093053205905917
v -0.32601084546358916 0.1397796874437269 4.587179312030061
v -0.3262704044104499 0.2095927490760668 4.6393282097444555
v -0.3344379775530297 0.3959906400965316 4.75869717877313
v -0.3344379775530297 0.3959906400965316 4.75869717877313
v -0.3129703592575854 0.07226887966152551 4.5525853441436865
v -0.32025972215521026 0.23757016185634977 4.66342733125187
v -0.32025972215521026 0.23757016185634977 4.66342733125187
v -0.31240413136650025 0.07657036445424228 4.5545134534623495
v -0.317441447835364 0.18716465223133483 4.629344368654234
v -0.317441447835364 0.18716465223133483 4.629344368654234
v -0.3107576810033404 0.044267934006729064 4.541048075509839
v -0.30623202498099145 0.06838123735902941 4.555900638775377
v -0.3039397159464929 0.03020349761479135 4.536883809926197
v -0.304882096707643 0.09697666349640814 4.5724340174919815
v -0.30428235694014144 0.0915999109160143 4.571652303997566
v -0.30981827022153346 0.22430281916836567 4.65684912220111
v -0.31935939318241235 0.440630469725862 4.803536294388728
v -0.34694257913353316 -0.22791698522936488 5.236084244368016
v -0.2992199077976669 0.029590395294022853 4.540968717673408
v -0.30686531547178775 0.230182181969989 4.667315765625525
v -0.3102232029433976 0.34551456816056575 4.744931350852351
v -0.3041203346699886 0.22281499041092187 4.665285033104271
v -0.3045925202021388 0.24316162315654632 4.676234483459057
v -0.29595726827581714 0.03177086089481272 4.544471860430364
v -0.29550541138031294 0.0806372638528959 4.564685336365736
v -0.2997251075291054 0.1815127442246716 4.636990464003615
v -0.30126030138408005 0.2352893366918316 4.675633380309475
v -0.29266838442258375 0.022395388792863735 4.542736527046712
v -0.30655245486671523 0.3903894172991402 4.775375344736368
v -0.3077382169159666 0.4651589436075911 4.819435800867507
v -0.28978396148818836 0.13052945205291788 4.609228193340636
v -0.2925331657052981 0.33307999420760126 4.7543479754223
v -0.27969899741988563 0.02497030941194979 4.547664315144424
v -0.28270173332233206 0.12249873553175931 4.616642728028638
v -0.294689507055546 0.4490369266687588 4.821112843375069
v -0.28065907432212733 0.0982993576595222 4.594817465664195
v -0.27742915535345763 0.07736198789534858 4.578304979343596
v -0.275637146350425 0.028063058775569517 4.560769904334443
v -0.27547232681552375 0.03173174758397903 4.561515105003672
v -0.2920045286339807 0.4925166369775338 4.856419827704505
v -0.281926245765131 0.2594857830397765 4.7023608561920325
v -0.28577705111748 0.3647869434828903 4.77547196194839
v -0.28023763649288935 0.23740275081990667 4.693097475321255
v -0.280667424215064 0.3072199644072437 4.731458793266521
v -0.28210072156995614 0.3588369026844204 4.775015406342486
v -0.27060407356761723 0.13563847912976665 4.62187261761342
v -0.26352132484249724 0.03251256660072262 4.572975397438648
v -0.26352132484249724 0.03251256660072262 4.572975397438648
v -0.26834862851826125 0.1840571201512698 4.665220598281056
v -0.26701434035796484 0.19236990156009212 4.662186638828078
v -0.2615312287816285 0.020495311582915968 4.568040475187475
v -0.2737774824367236 0.42786765842211466 4.8272201052333985
v -0.2658447515289923 0.22411534741622424 4.693444101681261
v -0.2573906845222588 0.12879382099327227 4.629626421326955
v -0.2534102467011649 0.048405586028539456 4.579487968008045
v -0.26555268589384706 0.380900194164418 4.803063482709948
v -0.26096923007277145 0.31171128928418507 4.74940990099993
v -0.327176456460983 -0.0300767285253945 6.047381562468133
v -0.327176456460983 -0.0300767285253945 6.047381562468133
v -0.2555400224279675 0.3016616946430848 4.752508959634977
v -0.25592681444362386 0.3715288975552339 4.801004456756236
v -0.25519079579809256 0.38850819540238424 4.8167805353753534
v -0.24870488353335224 0.2397889466853664 4.71791784019323
v -0.2400251588702797 0.014079931428304358 4.580723186017476
v -0.24129100675899715 0.0779574635864029 4.608647462688382
v -0.2437908528151431 0.15914728205943143 4.66499449023338
v -0.24106353202317357 0.10933772288509369 4.63218644729511
v -0.24213049614590906 0.14600118276236312 4.653995173840228
v -0.23799254617780974 0.13713139461987306 4.6568670310468985
v -0.23799254617780974 0.13713139461987306 4.6568670310468985
v -0.2423752862419142 0.27416168890031156 4.750165038035796
v -0.24610466885993412 0.45193958006847756 4.861432902345411
v -0.23503295943185185 0.146435916183385 4.66021123696566
v -0.23227422644004378 0.06506142887394334 4.6130626240059085
v -0.2383848852725721 0.2597402833144644 4.738426960326315
v -0.26050898684329854 -0.00042947736179352856 5.206624282711001
v -0.2404765548406927 0.374059372814753 4.817493211418773
v -0.2269150434052392 0.017818647461188126 4.593512132815296
v -0.23698153649766965 0.4097647718728969 4.847922070484248
v -0.22341757402773135 0.061000062074958686 4.6154447746077025
v -0.2232325288447383 0.08038793294171993 4.626386281779027
v -0.22988968148083644 0.3198110195207571 4.797267729449258
v -0.22295604368112054 0.12204110161851979 4.6602996862885
v -0.2229383661725951 0.3028938062183529 4.781739383650212
v -0.22253812600355577 0.31323443508785903 4.790663435427659
v -0.21573273104752771 0.29067568457699894 4.779546332585266
v -0.20678424703952533 0.04058991413274381 4.623021699570728
v -0.20923522437989434 0.13983181049393825 4.685705434859135
v -0.2110540699923381 0.26876091258325757 4.7718719161580445
v -0.20723811407768117 0.1570989479697683 4.689293720725936
v -0.2071719138834477 0.3137958344996973 4.801686379310468
v -0.280158396248153 0.04008264622775608 6.570451930568193
v -0.19465773497796118 0.014778156041445906 4.618011560603326
v -0.20502717022131722 0.41018136106008324 4.873092186228109
v -0.19363423975158853 0.05377297053575872 4.63380954810067
v -0.19723439791004052 0.27597505408907863 4.78018169370635
v -0.19277930628089496 0.11509889263174151 4.674590597529974
v -0.19537058789356546 0.3267291369330325 4.823244295535558
v -0.19537058789356546 0.3267291369330325 4.823244295535558
v -0.18901150352596624 0.12318724505995847 4.685749599038928
v -0.18901150352596624 0.12318724505995847 4.685749599038928
v -0.19384302550887372 0.3506292425332576 4.845150904896267
v -0.19384302550887372 0.3506292425332576 4.845150904896267
v -0.19258443900115527 0.3386708604854168 4.834357248913342
v -0.190650831242519 0.36141981898332043 4.851130286312857
v -0.190650831242519 0.36141981898332043 4.851130286312857
v -0.17972450821369704 0.028610683441378917 4.638215728740235
v -0.18581026833950806 0.33235372124085844 4.8326068360996555
v -0.18248040490629192 0.21520133580643025 4.7560984211126
v -0.17530362861211124 -0.009172104646427929 4.626607045676337
v -0.1808155895655804 0.3695563994145823 4.8596302613331845
v -0.1808155895655804 0.3695563994145823 4.8596302613331845
v -0.17029964923825802 0.003244205208588228 4.637368581795783
v -0.1701025903017674 0.06858445818048094 4.6640675288573945
v -0.16671328677526534 0.023130670586805856 4.6417700524353425
v -0.16583224773787453 0.08425815135147945 4.676352213407661
v -0.16786099549341163 0.20540253430625405 4.756107406104902
v -0.16563279931387279 0.33074346255142073 4.847720242354306
v -0.1556636601388205 0.08570651529771603 4.692897293640898
v -0.15148654621923852 0.006909786379842122 4.6466368563272376
v -0.15594852498072587 0.2854026285969757 4.823989813651848
v -0.15741575855966614 0.3975216974124358 4.905857946562152
v -0.15741575855966614 0.3975216974124358 4.905857946562152
v -0.14915802480224252 0.0031710368877216157 4.649927260851764
v -0.14830827994351084 0.00634323033696804 4.64891960109382
v -0.1789518358708382 -0.038888837163204744 5.830716625065542
v -0.1448097418300306 0.2110469031467363 4.788436315694361
v -0.13954270234427701 0.035958289466938465 4.671476459702929
v -0.14329556862830403 0.24409272933822174 4.8088765974201575
v -0.14552714836726355 0.45154059440179645 4.945232161278781
v -0.13538317484709858 -0.023068683421852993 4.652127995117818
v -0.13647117148474697 0.3904799738691387 4.917495106070498
v -0.1315720413932421 0.2542890115958478 4.815668432235184
v -0.12516961824066053 -0.013904560514379547 4.663136029274666
v -0.12541498633407547 0.05315907410945541 4.693189512716101
v -0.12281918381216153 0.14065138488365422 4.753111582279245
v -0.1227432239949692 0.15494651875946355 4.767764027453824
v -0.12154530559355768 0.10257720069608363 4.731859844210538
v -0.11999142410813793 0.11937224840633803 4.741948027357862
v -0.11775825959989203 0.031187979424044124 4.679854911837646
v -0.1214792331841089 0.26439713711161306 4.846882745938044
v -0.11746665122041124 0.3158200598503224 4.87781655057332
v -0.10793916836602885 0.04832648891353301 4.704583098112948
v -0.1111074199028287 0.27075432905319174 4.854195190288676
v -0.10573788052637116 0.003982067226320525 4.6833628376809
v -0.10156121139443658 0.026210172667494938 4.704263822897432
v -0.10156121139443658 0.026210172667494938 4.704263822897432
v -0.10053964367611849 -0.029331643129507968 4.6774035179281475
v -0.09843270474356575 0.06622913640038874 4.724882733253451
v -0.10231549353058257 0.3581202310342583 4.922625574660895
v -0.09739588998978733 0.001895807342669636 4.687127640565387
v -0.10280534220766192 0.43555788341699603 4.979359648631939
v -0.09617359113053844 0.03412644221490143 4.712002348487916
v -0.09607164255354589 0.04509621074732362 4.715995478771301
v -0.09483465199159626 0.1870693060728112 4.813127586722164
v -0.09205675555037482 -0.04441511334900527 4.689169288508606
v -0.09515365122343526 0.26812710402601386 4.860611447985195
v -0.09515365122343526 0.26812710402601386 4.860611447985195
v -0.09157650421331956 0.02089101616974544 4.697283033829997
v -0.09180744539376193 0.19715833497067467 4.817020395778791
v -0.09130561010357524 0.4060511366287077 4.965271828253844
v -0.08884250086938172 0.213957609377634 4.831792284052803
v -0.0857684656068165 0.07404922410964275 4.736885404425393
v -0.0838178354507368 -0.043945713742459966 4.6940304549634755
v -0.0803114526764416 0.016203617320225117 4.711938101352147
v -0.0780151208200337 -0.025619813536916305 4.699234773646877
v -0.0780151208200337 -0.025619813536916305 4.699234773646877
v -0.07882205552040211 0.13011954922467908 4.785674612837096
v -0.07882205552040211 0.13011954922467908 4.785674612837096
v -0.07641270445871638 0.01724801504672185 4.718940594951977
v -0.07630444116318588 0.2618097597097474 4.883047504907959
v -0.07322721884166969 0.3066703398141182 4.911119307329112
v -0.07322721884166969 0.3066703398141182 4.911119307329112
v -0.07175170983806399 0.3249286545020916 4.921818945494388
v -0.06666840559652258 0.04648775532741163 4.736415129609951
v -0.05906147046668974 0.05518391343190309 4.7556888652229
v -0.05624860987754686 -0.01391387141253688 4.7153195640308265
v -0.05564099012270237 0.25585470283120254 4.896544217120167
v -0.05018124070539382 0.041442301184153915 4.752517198249366
v -0.0494176767011653 0.0250546510837657 4.7435132671794635
v -0.04895738292906591 0.015043878899036207 4.737589618224771
v -0.05099744405103511 0.324499515288171 4.94378590310826
v -0.048707179504976286 0.1816264236932702 4.84828084350692
v -0.046733541843485854 -0.0035802079587842713 4.733267401514643
v -0.04777515402626498 0.422445645411373 5.014283406712646
v -0.046038538911781376 0.3657636980943084 4.980493221223154
v -0.046038538911781376 0.3657636980943084 4.980493221223154
v -0.04319760421640689 0.03878308937842395 4.758972374404671
v -0.04023874730580028 0.22325915576931551 4.882405229695957
v -0.034171234724269035 -0.0342580270245137 4.7305292827816
v -0.03315285577836978 0.022125664962663712 4.755146437664243
v -0.034486919851826434 0.3900755616910588 5.006885250777199
v -0.030883313589812705 -0.04184774620619222 4.732607033312089
v -0.031143110989482414 0.1462446749471118 4.838458658277981
v -0.031143110989482414 0.1462446749471118 4.838458658277981
v -0.030471117035989297 0.24907527332791018 4.907537395479198
v -0.028595261667061538 -0.055695777373768414 4.729075548797352
v -0.027148326199289745 0.33533028310205015 4.9776713385036855
v -0.027636815657139463 0.061370509771043476 5.098908852713097
v -0.016056099504538648 -0.04555028742362933 4.739612249147691
v -0.016056099504538648 -0.04555028742362933 4.739612249147691
v -0.013931177764218277 0.0519995202433389 4.7838082275016145
v -0.012761829641807842 -0.06295102761780037 4.739740574962279
v -0.008416636055275465 0.2198561958455117 4.907768117214874
v -0.008260318854239238 0.257717222101605 4.937888402130766
v -0.0032511105523542645 0.38029770044661887 5.028451055402798
v 0.002060510164578206 -0.028196473984052138 4.761457605275151
v 0.008606015082912942 -0.03405620228492219 4.764625924856017
v 0.009000994127257708 0.1987179759734103 4.906105847856069
v 0.009180059657066548 -0.056142727783667856 4.753935057394663
v 0.009826747193698008 -0.01054479746335862 4.775937625570081
v 0.021226089789031292 0.24262068694113834 4.956970660021011
v 0.028888192715579134 0.2072337334050659 4.927702738566847
v 0.029007751179191344 -0.03914070472581118 4.77460897643949
v 0.02972889951260633 0.0704702041658956 4.843621956571808
v 0.032856766903567404 -0.01642989399088505 4.790003178586073
v 0.034173060487854914 -0.04487819226266217 4.782897803921294
v 0.03845111812829055 -0.07700338572635504 4.776797634771374
v 0.03845111812829055 -0.07700338572635504 4.776797634771374
v 0.040579274537797784 -0.06659131252874231 4.773722149255301
v 0.0428842481980339 -0.020282669784760916 4.7962492471775455
v 0.045227020473465135 0.3302495884481607 5.041039736895295
v 0.04841455264367561 0.15387124717687953 4.92066424112716
v 0.05020363490239189 0.22201298262692817 4.964771630442178
v 0.05044156180193552 0.00024954388126540355 4.823610257002013
v 0.052165045818194464 -0.06774757565454304 4.787625325796903
v 0.05495043775943725 -0.04720981086441922 4.795349673187686
v 0.05861581987711132 0.3098914941620159 5.042750799916808
v 0.05955981846730907 0.19728478815392445 4.948889022596766
v 0.06041885117871331 -0.037057609592298736 4.807553583443706
v 0.06329962997590537 0.23733270529190406 4.991939731108663
v 0.058326281937185344 -0.05550872614873126 4.605621213953677
v 0.06584882854106222 -0.025457012431110124 4.81689702088231
v 0.07057952483048982 0.1478614744314456 4.937293666648265
v 0.07356472622482244 0.19222276794340032 4.9643662825143595
v 0.08354454155595943 0.16618529272040458 4.964012393291487
v 0.08406190698599468 -0.033105423216721455 4.823253168836016
v 0.08887653796779288 0.0027297262242760526 4.849226207062039
v 0.08965169238453531 -0.07998251797723623 4.809540058273502
v 0.0914248263666319 -0.015261238362174112 4.8385789940683
v 0.09293392408295793 0.009659553951017173 4.861086315230027
v 0.09290936265960917 -0.09402681024464507 4.809977978005863
v 0.09955097363141625 0.2947054739556541 5.070641862665474
v 0.10236632354868948 -0.07209670909466193 4.81810882600621
v 0.10421408464881662 0.0027769307474172318 4.85575768515228
v 0.10397896909362479 -0.083857317954165 4.828712564882612
v 0.1213033589969903 0.28601775908099647 5.088050360272202
v 0.11692078594366379 0.007287192306657653 4.879356931506716
v 0.12104231593431353 -0.004690156814170895 4.868200443949227
v 0.12574632450860943 -0.047298701231767486 4.856440147143605
v 0.1351241200303412 0.14953155621450948 4.999831238290346
v 0.13680082143011751 0.013936620382404527 4.907164598754408
v 0.13697554459476835 -0.0958272467930917 4.846321813959835
v 0.1399026226032343 -0.052798784718201104 4.863834650059759
v 0.15855614188171352 -0.10309700829382748 4.863661420941906
v 0.17375153023047765 0.29220676121602 5.144898779033175
v 0.16563632366613595 -0.09175281669941389 4.863116392171201
v 0.17508107515759774 -0.08325074218039641 4.859220819118206
v 0.18100343758880824 -0.12149136739253769 4.876730974167873
v 0.1887908366669092 -0.11064128649046728 4.883718237994051
v 0.20189200987267275 0.10584825754735554 5.037841469634843
v 0.19633239728632637 -0.0903126770378558 4.898335477208151
v 0.201836432073548 -0.08123737761198686 4.908552666944251
v 0.16436430812839725 -0.0014454766197894067 3.975117375423234
v 0.20487612922458726 -0.13002404275608523 4.893568159266283
v 0.20500746472814865 -0.13496632544648085 4.890308859990813
v 0.22435032968415486 -0.2634509501267149 5.317322400676964
v 0.21515122129525818 -0.09681730431939486 4.907777581081087
v 0.21942265548968057 -0.07378228833112514 4.928399617997414
v 0.23195501317555947 0.23334847396747124 5.1573770369534175
v 0.23847914427629313 0.26822343076002675 5.196467949464275
v 0.23123376628351175 -0.13296104276390908 4.915372008344585
v 0.23123376628351175 -0.13296104276390908 4.915372008344585
v 0.24545759089604954 0.24261562352196614 5.185559233080477
v 0.23377570036941156 -0.10067443325913017 4.92719979096308
v 0.2486201218370054 -0.10777099396838409 4.930226599336589
v 0.2655304926545311 0.14685182299035868 5.134016406517453
v 0.2588951615219922 -0.13400447237810584 4.935659224350249
v 0.28606987141669393 0.22672700694848064 5.219575159860765
v 0.279083476138309 -0.1279841322418631 4.951423468699004
v 0.29269895198241147 0.08786302119635545 5.120472390513054
v 0.3048221476518916 0.1964412211005079 5.2175185840805955
v 0.3319410151440853 0.6869488256350058 5.619098514819818
v 0.30723712202047104 -0.15521120727551388 4.966981601624725
v 0.32012561159496145 0.07803481512371688 5.146443730414761
v 0.32840726626557504 -0.14710180519068303 4.994430825003285
v 0.3541246977710584 0.0879215496218005 5.195242010029254
v 0.35450599872659755 0.08749663789701792 5.192275024014194
v 0.34610986046307407 -0.12358578035636875 5.020980198557496
v 0.39064371207165327 -0.2800657200585289 5.0250470085705015
v 0.40590606736193185 -0.17341423490209004 5.091945921873917
v 0.4143809730551783 -0.2532821064978267 5.038824767453165
v 0.4324719517686185 -0.21754306830290648 5.074453935553894
v 0.43357639017538385 -0.2150560508056749 5.064353972009245
v -0.36831410398619346 -0.015488366136807666 2.786305199394604
v -0.3510643911305491 -0.0067147208169940804 2.7549744889220764
v -0.3092807615085375 0.0019935157178283904 2.5723686600460223
v -0.3202733250596414 0.27654397298597044 2.7026898994811406
v -0.31760433197507754 0.25826956485483277 2.6959457688212662
v -0.3138130166175046 0.23144725467018137 2.684550449922223
v -0.3110581321773445 0.1817266320363527 2.663512269921126
v -0.5723035909707251 0.3552562367278793 4.8727378981007625
v -0.3061584090162529 0.11755164334845244 2.6282196866057825
v -0.30800541339484866 0.14784379110074478 2.6448544023146705
v -0.3029379339215748 0.0719987194125214 2.6064489964391364
v -0.31392259288771873 0.29144431301892976 2.713940332840748
v -0.30497138474077334 0.14078358160533916 2.641031248134899
v -0.3075076855898607 0.1988016263758088 2.668264830894837
v -0.2974320649394726 0.02422022681056947 2.58349368680621
v -0.29775499406092487 0.037485274432455036 2.588083187899013
v -0.3101054734903345 0.2536091035731521 2.697433438161281
v -0.3033579795838044 0.19373248239807742 2.671419355978281
v -0.2924058747638634 0.03076860738263225 2.587393505274878
v -0.2943874462774403 0.1002562470621842 2.6254129410001448
v -0.3017549444811302 0.2570535899269911 2.7015774847242833
v -0.3017549444811302 0.2570535899269911 2.7015774847242833
v -0.2962866854747589 0.1870294549169809 2.665999156610478
v -0.3004475335964188 0.26710288366727747 2.7085656043472808
v -0.3004475335964188 0.26710288366727747 2.7085656043472808
v -0.2998134261821638 0.274971811886334 2.7104330566101016
v -0.28731404834287166 0.047733266645784006 2.599224251690923
v -0.29653490236515523 0.21860648367765603 2.683817121382963
v -0.2857548959584652 0.02960149030612235 2.5920296794876867
v -0.3885182084915782 0.0449780580437143 3.5737986428385775
v -0.28092723468474784 0.046135120656408145 2.599141219021021
v -0.2837784905054983 0.09699310470311882 2.625999968707676
v -0.29125933411616783 0.28975155503168754 2.7206525764561906
v -0.2854543446254813 0.1975600712256704 2.6787395693891445
v -0.2810100984905327 0.14223037742767705 2.650627758572049
v -0.2778679767920771 0.0899252763098768 2.624986026910435
v -0.27530549837788887 -0.0019981903895382653 2.611895091687248
v -0.27971187602401726 0.15129334502365133 2.6553993228502075
v -0.2737009533925386 0.056708432197149834 2.6078263916340383
v -0.27386251915073845 0.0687307774868047 2.6147152641545133
v -0.2838282103955104 0.28913542381281876 2.724591374512502
v -0.2685334064385946 0.05166372513673048 2.6091801970283472
v -0.2718081251718962 0.15721733040388297 2.663179317102423
v -0.2666471646903713 0.08000237652029274 2.6227291351135977
v -0.2666471646903713 0.08000237652029274 2.6227291351135977
v -0.26813315657639514 0.12518109717742099 2.6461399718428056
v -0.26465371751863453 0.07383914671949755 2.6189431137239945
v -0.27299675737503043 0.2546069679475509 2.7109871305819
v -0.2724159911082815 0.24802683574703438 2.7114191342215577
v -0.2600142110507128 0.04991415577422915 2.6109910032669785
v -0.28272750455262174 0.04546166026362918 2.837942119075652
v -0.2571848757328546 0.025904234772126243 2.5997777178778256
v -0.30222864069685507 0.038232909610615096 3.0413941412814145
v -0.26099255056648063 0.13662689728948724 2.6556918648135586
v -0.2635433567049611 0.1892686327312828 2.6823546547709842
v -0.2532854722088928 0.018475649283714556 2.6002980421886135
v -0.249358877698554 0.06156298140176481 2.6222800202892556
v -0.25749874489663194 0.2527122077951484 2.7166647022658164
v -0.2532289479101247 0.19954524449637273 2.691973523060403
v -0.3074174822356128 0.019679519329722405 3.280295973046699
v -0.24120465976852296 0.02678577025417215 2.6078973604920077
v -0.25136193676256646 0.268185378981908 2.7273333379609315
v -0.241414149345302 0.0652199190717487 2.6253638671593356
v -0.23973479564692196 0.03444873889289314 2.6107391493531864
v -0.23861502272670201 0.017702117636398913 2.606290028000191
v -0.2451532799021466 0.1874323805305748 2.6879812244232593
v -0.23826792395225244 0.07339175819187597 2.632427912441391
v -0.24714894998444453 0.2854090173493989 2.7368471290222036
v -0.23465665119726575 0.021608799178337537 2.6078495308744594
v -0.23393020955069843 0.029044864874627627 2.611628833179052
v -0.24305601390511616 0.25092365507819614 2.721236112810785
v -0.23216839254613766 0.08204110162429694 2.637641240043029
v -0.24001238860897084 0.2843675689482639 2.7392831173244057
v -0.22889513869208428 0.04631385912024521 2.6206820071535817
v -0.23730511457268502 0.23726910046866181 2.718366134705522
v -0.2294214001551907 0.07081244309703327 2.6350627688081607
v -0.23527838475419002 0.20910157764182233 2.7036754004822843
v -0.22664895022987738 0.015077765499712546 2.6103695477154187
v -0.22685894586368607 0.023040074582422864 2.61288301496275
v -0.22456313843053194 0.07402110756884225 2.636402437060098
v -0.22181417125495015 0.032877242139146834 2.6176766624676366
v -0.22181417125495015 0.032877242139146834 2.6176766624676366
v -0.2246651350429322 0.10347432117754664 2.6517807625053447
v -0.21878290179807422 0.020671476254224285 2.6160364967135883
v -0.220046368142646 0.09077988372586772 2.6468208703517204
v -0.22362647534385033 0.18404630771961467 2.6914250930507873
v -0.2187854026568559 0.0626824201051843 2.634107939509164
v -0.2187854026568559 0.0626824201051843 2.634107939509164
v -0.22450440479164546 0.22287616809592287 2.715366737902499
v -0.22450440479164546 0.22287616809592287 2.715366737902499
v -0.22450440479164546 0.22287616809592287 2.715366737902499
v -0.228218851093312 0.019127591102609576 2.7837949021304715
v -0.21321935911685036 0.01285728098046685 2.614595010613788
v -0.21344529726419625 0.024574978226242754 2.6181243808536334
v -0.2120836609820111 0.03221918035814313 2.619954000187851
v -0.21713553735900862 0.17178958582656825 2.691643850314959
v -0.2157873196623165 0.14382713563305663 2.676553879053736
v -0.2157873196623165 0.14382713563305663 2.676553879053736
v -0.21034079820025492 0.019678701848466013 2.6197724626140166
v -0.21034079820025492 0.019678701848466013 2.6197724626140166
v -0.2117525551993169 0.0797583605352646 2.6451075338253647
v -0.21767682806891264 0.22799477155845876 2.7197104050454883
v -0.21767682806891264 0.22799477155845876 2.7197104050454883
v -0.20840366794604462 0.010962424743586063 2.6172164158603994
v -0.21017887683145833 0.07360650860335483 2.6418369029334783
v -0.20998548581063753 0.08502601225311926 2.647786417541006
v -0.20998548581063753 0.08502601225311926 2.647786417541006
v -0.21361844188373127 0.213774224304623 2.7152481479418884
v -0.20612046152205957 0.024961712741108734 2.6216425784315374
v -0.20990015927038003 0.12543887877354715 2.6715184428425567
v -0.20705005731967932 0.06707232584164818 2.639672829825633
v -0.2107626497092453 0.16370153299724258 2.6891480216575343
v -0.31965816409908177 -0.0325927161617476 4.355435161121996
v -0.2091716019592036 0.15565902348772795 2.686135976799843
v -0.20132991435193084 0.014365460406152327 2.62060019248513
v -0.2017481148817271 0.053612589797701594 2.634426299514218
v -0.20683824281167618 0.1836867376885672 2.7027839862038094
v -0.20039307373223153 0.023920484833445065 2.624269768594771
v -0.20620601975054234 0.2071449613156898 2.7142674312521318
v -0.2009141519373087 0.08998282872003142 2.6525387243860656
v -0.2009141519373087 0.08998282872003142 2.6525387243860656
v -0.2077624528260172 0.2807330298914159 2.7497577446293735
v -0.2077624528260172 0.2807330298914159 2.7497577446293735
v -0.19971060431731472 0.08400764680929396 2.6514857860994274
v -0.19765893692079275 0.03625191234537652 2.629731921996278
v -0.19959113063391626 0.09488359338929704 2.657872858548604
v -0.19959113063391626 0.09488359338929704 2.657872858548604
v -0.24556918556372695 0.08545180969911689 3.2700542357308753
v -0.19779088272495965 0.04329312817835136 2.634685586771089
v -0.1959487340877722 0.017185014655953592 2.621821312177186
v -0.19569201137568792 0.009914259946980749 2.622609727172213
v -0.19569201137568792 0.009914259946980749 2.622609727172213
v -0.19569201137568792 0.009914259946980749 2.622609727172213
v -0.2014019602259211 0.19060161397610975 2.707548993672506
v -0.2557966247389458 0.06977290109612266 3.4950848491405817
v -0.2648250580173812 0.02839108298392335 3.579237212430333
v -0.19552004073248336 0.07859979950724723 2.6514928031087144
v -0.1996399974668713 0.23829927097207174 2.732247898645108
v -0.26786146513169157 0.06023162148045831 3.6404173292298276
v -0.1918698306190666 0.04770618497822906 2.6367324199087028
v -0.1918434526121064 0.1100229201849122 2.6685760492695327
v -0.19123625336665304 0.08920822491509192 2.6605503983565857
v -0.19123625336665304 0.08920822491509192 2.6605503983565857
v -0.190875117737367 0.09916017535116037 2.662292540156327
v -0.22171298005678508 0.13142342980366228 3.075608285324317
v -0.18955147153418356 0.06370302060555562 2.6457910428102265
v -0.19147769101288856 0.1290455287234616 2.6793852992281604
v -0.19464435271900965 0.23258602882709192 2.7326815687937724
v -0.19089418468152336 0.1628101941708868 2.6983236086703792
v -0.18584038713924733 0.10482343700308613 2.669767371096152
v -0.18519652052843577 0.11125097287582492 2.671633730532615
v -0.1820431197835305 0.008403050504036207 2.6288005515208868
v -0.18560366089252409 0.16303454517641816 2.69972216535842
v -0.1842877820148176 0.1542626125128417 2.694210070304947
v -0.17979910845046368 0.06443810449844424 2.6496067120079743
v -0.1783592060283624 0.014317207907641443 2.630685737851337
v -0.1805474499238385 0.0925880537117624 2.6641467722914087
v -0.18133539267928545 0.1410204252207772 2.6923214376867683
v -0.18133539267928545 0.1410204252207772 2.6923214376867683
v -0.17771814528218374 0.08744250786898412 2.6662428276465735
v -0.17536606659592488 0.030411185455171096 2.6379840971476693
v -0.17536606659592488 0.030411185455171096 2.6379840971476693
v -0.1760001588280301 0.06274840566819818 2.651366779116308
v -0.1889506560521366 0.00122319714113029 2.860910117490183
v -0.2228445797080967 0.22464336267945254 3.367382945644925
v -0.1782961249878094 0.20417462865226238 2.7244501495529088
v -0.1804174095332459 0.27854936719072976 2.7620123340510228
v -0.17168836174241767 0.013353875182809755 2.6342983439934833
v -0.1865553618111555 0.006700034877428629 2.8625557879589563
v -0.1732707713366132 0.09427241435342816 2.667584471691002
v -0.17352460007733733 0.13454688491119648 2.6907392974774678
v -0.16990972012954925 0.03775315900784102 2.6429830333413067
v -0.16987634656979003 0.12059835136684798 2.6833752644459676
v -0.16831637485255355 0.0845149047010736 2.66528137908738
v -0.1688210507016433 0.11424118139043767 2.679350782748642
v -0.16837899633437334 0.10874667509231453 2.680633128863842
v -0.16567781816411883 0.03848081397123147 2.6472492746653145
v -0.1690388501889127 0.20956650745305233 2.7299206763683217
v -0.16862564306690725 0.19118005262490412 2.724135454906004
v -0.1631988437776355 0.016442243107043935 2.6383105136029115
v -0.1698947008005247 0.24163071800021102 2.747390019085095
v -0.1698947008005247 0.24163071800021102 2.747390019085095
v -0.17849158837782522 -0.11072695562145192 2.8948365468121033
v -0.1652000490695726 0.12049251557900685 2.687324143601186
v -0.16458867172398678 0.13892853055282756 2.6957481051857695
v -0.16377362904540865 0.16128751586598708 2.7077455767472967
v -0.1589685204963386 0.011472118514730342 2.639653867387099
v -0.1589685204963386 0.011472118514730342 2.639653867387099
v -0.17804682529779414 0.06178577748390867 2.9334373000673546
v -0.16165921362841704 0.20197484090606999 2.730631133005383
v -0.15991053968114155 0.15780202743915245 2.7085590019094354
v -0.15424901165440186 0.035105708439769026 2.6485293420223726
v -0.15625083172976295 0.13050862210544667 2.6944637492031256
v -0.15313383962736438 0.016964256640596476 2.6425432757540683
v -0.15372379629690378 0.04940081382089983 2.6565905183690606
v -0.15264001029401283 0.028979142123368905 2.646473169418276
v -0.15264001029401283 0.028979142123368905 2.646473169418276
v -0.1559424446444598 0.1765479392793752 2.718166732654949
v -0.15141197810432155 0.013994164584510985 2.643105247588034
v -0.15026417393730382 0.0012189878459138953 2.6400723668598274
v -0.15479047030849105 0.20774206176383034 2.7350055061386764
v -0.14592673426823116 -0.0007266889200392387 2.642303622105639
v -0.1487942969512641 0.13484794030833958 2.6997417451195713
v -0.1455799410382094 0.013282669292279755 2.6449165767142717
v -0.14589722404500519 0.0541786832704261 2.660999561964989
v -0.14672141814441197 0.08287232320298685 2.676811214276653
v -0.14800978424221886 0.15435824925959218 2.710469584152826
v -0.14369544601991266 0.0015434260783488574 2.642820198106662
v -0.143960439759365 0.05446364001058986 2.661886628407495
v -0.14383244154239072 0.0581082816993539 2.6623012055712696
v -0.14232252623332065 0.05072938118673481 2.661231592409274
v -0.1478638680017466 0.2721723013499929 2.7752558264886464
v -0.14113333547651974 0.0433856913419391 2.656992568558475
v -0.16441487349911366 0.07500896620850774 3.0746603071632372
v -0.13992691493295514 0.01479270790467718 2.6475455809955672
v -0.14285931066834945 0.15789483586352962 2.714633980722592
v -0.14430716449189857 0.21634300392930378 2.743815910912105
v -0.13936452765735274 0.03445780038762835 2.6561338796632747
v -0.1397831439789767 0.060739718098291616 2.6659603588259215
v -0.14157209015435523 0.16090749608858315 2.7143354130081465
v -0.13854674279706009 0.045923640891762034 2.658530487519869
v -0.13772305353147707 0.020009415627573857 2.6499134736647165
v -0.14142542281283335 0.16942848530101337 2.721180608955996
v -0.13736808978791168 0.007331899347629806 2.646103367045841
v -0.13732178746534987 0.04892927413276124 2.6620783377187816
v -0.14144357149054612 0.22493282519900115 2.7506382778719076
v -0.1411224988374013 0.21793340783748927 2.747443773732163
v -0.14056214206701245 0.20766449579664195 2.7435551713687216
v -0.13808734777231127 0.12134461311898388 2.6978092571951735
v -0.1335103675740297 0.007743420732961046 2.6488639163827195
v -0.13548511267341812 0.10444540741891345 2.69230488040222
v -0.13503087099878402 0.12743922122646167 2.704126360523305
v -0.13306795337655433 0.16701629805521487 2.7247073919803957
v -0.1294425249293885 0.020096716686556066 2.6532201791308534
v -0.12876580873109056 -0.0013728379853337022 2.6483469836783438
v -0.13335982524394527 0.21084230514184427 2.7466108498114257
v -0.1274414753554248 0.04435063670583104 2.665054321348631
v -0.13102343541343917 0.19706119640240488 2.741547870114395
v -0.12845346374951253 0.15922609604043694 2.7198257777586172
v -0.12526796544964386 0.0405907094955384 2.6636809992311647
v -0.12463658191731206 0.006964285633932092 2.652619537450744
v -0.12697700987436156 0.17144373589755108 2.727877826569905
v -0.12745881298837955 0.1940153392514832 2.7403110071405976
v -0.12745881298837955 0.1940153392514832 2.7403110071405976
v -0.12399903247320006 0.049873410648872345 2.666453108425231
v -0.12290858747387697 0.025784199905380625 2.658733890318038
v -0.12235245499821304 0.0028999470362479993 2.6520502754605486
v -0.12687309095455898 0.22190825805393635 2.753094310138518
v -0.1269437683947636 0.24450182839273424 2.7631559936123815
v -0.12331445146718027 0.10898135741125747 2.697165575078137
v -0.12121081349844497 0.0005508577758252764 2.651760745856409
v -0.12136692189139885 0.04692069522626837 2.667724354293298
v -0.12058406561339298 0.01868077774564739 2.657887249768305
v -0.12116214405977947 -0.004804533807247954 2.6954378290252
v -0.12210660531829368 0.1663479610634174 2.7308189996775707
v -0.11911866260747819 0.03724112245431707 2.6655455428830277
v -0.11727960350973246 0.12527150966309683 2.7108796354985474
v -0.11486220969175683 0.01791997146479317 2.661291470904293
v -0.11594687759838779 0.08927565149961475 2.693447822936228
v -0.11393862416526944 0.00562904070813573 2.6576720629422903
v -0.11587413980857278 0.11850190623857014 2.7061684370814554
v -0.11602299709013936 0.13110725840610912 2.7165322441995325
v -0.11425828984072738 0.10659848158645714 2.700248865161551
v -0.11347328861780426 0.07468864542663875 2.6848283291960917
v -0.11312846419041682 0.09543894346840857 2.6952377899225226
v -0.11312846419041682 0.09543894346840857 2.6952377899225226
v -0.11265592101076528 0.15067703649743747 2.7220425310601724
v -0.11327728055832292 0.188389568365992 2.7447083824918908
v -0.11386648383960991 0.22073055795668592 2.7598460615967744
v -0.10994635377020222 0.05337948779351527 2.675352062814913
v -0.10902313234828605 -0.006326022817011117 2.655447935184539
v -0.10920276942978611 0.028168566078578653 2.6650100020292076
v -0.10920276942978611 0.028168566078578653 2.6650100020292076
v -0.1102261621813767 0.08812919667143561 2.6924790441420647
v -0.11018836605055164 0.09226888864076063 2.6948875233478207
v -0.10983295778861046 0.07815095260093459 2.6891247733831403
v -0.11180940449554012 0.19047591958760252 2.7439142250439037
v -0.10865474181815557 0.06563301310597999 2.6822601683659313
v -0.10660686225072102 0.0045785321655375045 2.659391676025543
v -0.10770575964062942 0.09368519767793188 2.6966531579784077
v -0.10770575964062942 0.09368519767793188 2.6966531579784077
v -0.10770575964062942 0.09368519767793188 2.6966531579784077
v -0.10587748418567063 0.022489152059477466 2.665252306483922
v -0.10326042342796483 0.02170959444781888 2.6667516646256373
v -0.10406255485694696 0.07739586654969793 2.6910223721763358
v -0.10406255485694696 0.07739586654969793 2.6910223721763358
v -0.10315417275875817 0.05319148272032243 2.6771771555753325
v -0.1051048069197772 0.1624593272139201 2.732894051095681
v -0.10193397126848752 -0.004035130967793014 2.6599789579106523
v -0.10443620204428003 0.17597346286128376 2.7367913448678696
v -0.10410906363855672 0.16904696377799183 2.7365806469945753
v -0.10033026868430711 0.03470025341854196 2.672002869206498
v -0.10244882004751982 0.19500741168588703 2.7525226798194167
v -0.10244882004751982 0.19500741168588703 2.7525226798194167
v -0.10099175537928794 0.12656886170619083 2.716280110823484
v -0.09883509227062487 -0.009598299969488005 2.6596564095807937
v -0.10172866526911577 0.20541209459321455 2.7584044644981094
v -0.09738008085976832 0.02242350225516185 2.6683611919115364
v -0.09977109693546483 0.16317859296832868 2.7423807558410345
v -0.08649297777637917 0.049610556772829634 2.443510229243901
v -0.09550927626454822 0.020861344622136013 2.6684908174732525
v -0.09814633457269589 0.23231300572234262 2.7736843913130937
v -0.09499800665279974 0.11558864663359619 2.7143501078058345
v -0.09666614348810584 0.26535582711598693 2.7932128761325905
v -0.09124007239727001 0.09750858563807259 2.707167385270539
v -0.08979187158723748 0.04493340450419067 2.681514898235271
v -0.08899482385159523 0.03796652916034859 2.67676222694302
v -0.08899482385159523 0.03796652916034859 2.67676222694302
v -0.08771126871922623 0.15486515823519395 2.737997566139105
v -0.08447349919189016 0.02120419210755568 2.6737518704763583
v -0.08623996263566834 0.1901889055967589 2.756942928254748
v -0.08355054221852874 0.04083729200835618 2.681863408424096
v -0.08405392042843385 0.07928840798725831 2.6991552633503946
v -0.0821213336510079 -0.006829531449014616 2.6663129734198487
v -0.08386076310079858 0.23052640712770867 2.780512891993326
v -0.07881979531117701 0.0352441890341568 2.680905280149207
v -0.07899254024656595 0.0664796714371864 2.696077044061951
v -0.07969700156252565 0.12103074616192569 2.7233057868310095
v -0.07833802810690871 0.029892890415122077 2.6798017188336214
v -0.07747091447147705 0.011743220783311295 2.673244514887404
v -0.07747091447147705 0.011743220783311295 2.673244514887404
v -0.07934841771251513 0.1501003586610327 2.7396621351928228
v -0.07678529625637988 0.05454414235198303 2.691489216011652
v -0.07678529625637988 0.05454414235198303 2.691489216011652
v -0.07629461656616313 0.049177742600923585 2.6895932385356645
v -0.07545044084194467 0.0428620456568477 2.686370155299121
v -0.07409558409535495 -0.00847897697257942 2.671012460354056
v -0.07633480236109302 0.2240270184745415 2.781283306936314
v -0.07623603129032679 0.24529774110549857 2.790279592169916
v -0.07206992875976719 0.02841170422104212 2.6810838894008246
v -0.07178955259535531 0.04017655760338883 2.687276834463523
v -0.07280574050053158 0.11748995056011578 2.7256739166826396
v -0.07289087978345357 0.12579320127384222 2.7298291285786447
v -0.07289087978345357 0.12579320127384222 2.7298291285786447
v -0.07239971146918245 0.11125461933957392 2.720919038252604
v -0.0708291934357813 0.004788405611521568 2.6742632934208217
v -0.07184152784640621 0.21484567865811754 2.777004632303211
v -0.06908201094899927 0.023401458457896103 2.6806190395835596
v -0.0697223467609814 0.08253268711754415 2.708566235865958
v -0.07012784009379729 0.1340351784029443 2.73525481810744
v -0.07012784009379729 0.1340351784029443 2.73525481810744
v -0.0701009409180381 0.13396440754858285 2.7351791730717863
v -0.06857979873476794 0.006633140710905778 2.675907170332909
v -0.06808658927603184 0.03536643229471916 2.686045167120537
v -0.06808658927603184 0.03536643229471916 2.686045167120537
v -0.06671351735438091 0.003739855197887539 2.6756253370720824
v -0.06667714222664335 -0.0019714828811796003 2.6747351752284816
v -0.06667714222664335 -0.0019714828811796003 2.6747351752284816
v -0.06689361825623184 0.04167484484732618 2.689603201746819
v -0.0677699871533068 0.1117461367188125 2.7269665759823383
v -0.0677699871533068 0.1117461367188125 2.7269665759823383
v -0.0658945642475847 0.11901514787133835 2.729070374784198
v -0.06483724317650787 0.03499585755025711 2.687125433593936
v -0.06483724317650787 0.03499585755025711 2.687125433593936
v -0.06596408424842655 0.15617263722817323 2.7456374243890047
v -0.06303626211264063 0.00950383648854609 2.6785210172317298
v -0.06559768766280957 0.25743877262362225 2.8012558022447815
v -0.06165203156819385 0.1505369086344276 2.7470559225637547
v -0.06077441075603592 0.17227867694852994 2.759750749374338
v -0.05915586085101096 0.045236977514936834 2.6944744436076027
v -0.05820064409830805 0.008507268085746854 2.6795699717663264
v -0.057082319221145386 -0.013694221915243153 2.6741851705921746
v -0.056949454080424136 -0.010667306648505247 2.6755194295144165
v -0.05666841123719105 -0.004856204556733711 2.6758806673659623
v -0.05666841123719105 -0.004856204556733711 2.6758806673659623
v -0.05805205767789529 0.15663612453512832 2.751361242027618
v -0.05638378390725603 0.022060872304273966 2.6867393080316297
v -0.0570267969261216 0.09804557392259959 2.722236609050366
v -0.05543740034513018 -0.00971122585352634 2.676569555756806
v -0.05686801389957294 0.16846515800319875 2.7583209159625546
v -0.05541695879728229 0.034699867486645976 2.6930778429526625
v -0.055006164148211106 0.060017590540588146 2.704265562303645
v -0.054514469197711336 0.05161014248410492 2.6999259910461433
v -0.05626162514555621 0.24213316379191863 2.79892202527434
v -0.05072596232458877 0.02010222081524644 2.687023094048561
v -0.050308083542555775 0.06536520728705893 2.7068334802277794
v -0.050939797753931516 0.14008956059473074 2.7476170559318898
v -0.05154174420566861 0.20469415198592625 2.78160329403991
v -0.05146728859504226 0.2159762446638764 2.786565744502683
v -0.04804479086921204 0.08994295708174954 2.7203352951890007
v -0.04800380431498757 0.13343449139955552 2.74421726519419
v -0.04406385722034116 0.06448849506195381 2.7100087475729153
v -0.04367253487035566 0.019490941307351857 2.691402428305729
v -0.04403006027092146 0.15824749539005753 2.759562223156028
v -0.04389855993960392 0.2099689773281038 2.7875385932103005
v -0.042192260110871085 0.07761889146403919 2.7171900325680665
v -0.04139941166752255 0.061098487626051065 2.710451019738077
v -0.04118997407341102 0.07248932219936363 2.714957706007225
v -0.04054914428220709 -0.010326202517794904 2.681722321314021
v -0.04014651770971476 0.10660817171862992 2.7337433397835174
v -0.03860152832262273 7.509990859702064e-05 2.6857104872582402
v -0.04047719151597611 0.2571887518210675 2.814225370073213
v -0.04047719151597611 0.2571887518210675 2.814225370073213
v -0.038421014715223974 0.005223167477384904 2.687418202049978
v -0.0382972556167619 0.14681041560742444 2.756473050116262
v -0.03740507406184791 0.07117598553443756 2.71720667700849
v -0.03615692822145331 0.018557324015485013 2.694699614218532
v -0.03615692822145331 0.018557324015485013 2.694699614218532
v -0.03491822305831293 0.1514636768587066 2.7608676170653745
v -0.03331718661669026 0.09929863939630215 2.7335052670405617
v -0.033275459563348875 0.11423461778125331 2.7419512648125273
v -0.03292361942409332 0.15810464342871203 2.764185833546078
v -0.030290486341729775 -0.009477371485164393 2.6868086759412146
v -0.03030716340660583 0.06588413174463466 2.7168999375064358
v -0.02943622358005889 0.20578156923899998 2.7925227325570323
v -0.026265388692227186 0.23750717091384688 2.8121678443270577
v -0.024737610257959754 0.11720970372006521 2.7472580677134
v -0.023621548079033446 -0.00047198770509914725 2.6917864491985863
v -0.023539758251856228 0.056212958344674074 2.7158340126827034
v -0.02352370411628888 0.05817940088491329 2.7161889946623874
v -0.022286260429194633 0.05178964482770352 2.7126949620356835
v -0.02775754172606197 0.0534672838793167 3.3840116796495163
v -0.021333356894075645 0.0025831917180552384 2.693947026894425
v -0.021333356894075645 0.0025831917180552384 2.693947026894425
v -0.019095166288754305 0.03400597676623679 2.707262231289898
v -0.018483698738934313 0.14314901754471698 2.7618562576484256
v -0.018483698738934313 0.14314901754471698 2.7618562576484256
v -0.01824183547436463 0.09593166988903473 2.7380051794353713
v -0.016555446107704614 0.003434486884446424 2.6973693794552136
v -0.016085516719951867 -0.01700383934964189 2.689629129819445
v -0.016556667854432137 0.18001570722354632 2.7839957189585878
v -0.016267391915812807 0.14116534620048835 2.763295917895138
v -0.016288115501288992 0.20661875530423646 2.7969993226679266
v -0.016288115501288992 0.20661875530423646 2.7969993226679266
v -0.016288115501288992 0.20661875530423646 2.7969993226679266
v -0.014099881422937758 0.0085925051327464 2.6976800580049285
v -0.013925996199568315 0.11251519452077366 2.7498893026866424
v -0.013276629759708886 0.021430834656874127 2.704916396503414
v -0.01324176175316514 0.16333787061719757 2.7774605442722917
v -0.012869159851609491 0.22088706549822004 2.8071700942665267
v -0.012258242850104935 0.21613008266101413 2.806094686389374
v -0.011106711845260296 0.10788651159707545 2.7486515144776784
v -0.009404655609666033 0.04408825892008482 2.7162753721141084
v -0.008071054415290546 0.1342928154613415 2.7626593778614255
v -0.007773971498012369 0.014942635021963782 2.7036835356367406
v -0.007758264519677216 0.11084961342218169 2.751226085712827
v -0.007758264519677216 0.11084961342218169 2.751226085712827
v -0.00735826724092571 0.02756577295088474 2.7095101553179863
v -0.0062277478447672445 -0.00702215002362164 2.696389445831737
v -0.0062277478447672445 -0.00702215002362164 2.696389445831737
v -0.005811674702383297 0.22958089273565038 2.8173153178269645
v -0.003223115188116098 0.013091342450974578 2.7033077656222386
v -0.0018270287846864827 -0.004895129136148192 2.699045147242732
v -0.0010952089181226067 0.0178092491554633 2.706189534738602
v -0.0008565508163923707 -0.008521905815537027 2.6974253150989846
v -0.0006093663175939936 0.08214942585567504 2.739654320202746
v -0.0005870379992425856 0.13405862019775877 2.7666900873855402
v -0.00042178738353297997 0.042444871339816864 2.7187364423097136
v 3.133189420146391e-05 0.08504987475599363 2.7415481090775082
v 0.00130377168104747 0.023728158613188333 2.710306264679574
v 0.001502263954975765 -0.013055319405609231 2.6968921332853126
v 0.003042280295463047 -0.009468801795915492 2.6989051155443975
v 0.0030485632610509094 0.006093325900094267 2.561276204375566
v 0.005044376434682249 0.13821842645029786 2.771026033535722
v 0.005525679135547615 0.15934770143046456 2.784868173052686
v 0.006103702640974043 0.024577144029492765 2.7120769335552457
v 0.006594624671881868 0.010612873623090824 2.707225880183532
v 0.007076940058943765 -0.026385622398289805 2.6973674768971065
v 0.007759665022888289 0.10543318237613022 2.7585926909358243
v 0.0089094332882544 -0.0076362712603454085 2.702522388274948
v 0.009785474361019415 0.11150076437977097 2.7617910110597363
v 0.012234560660502434 -0.0018744081689176415 2.7059654410588894
v 0.014991748408350056 -0.019974525956821497 2.701340462293913
v 0.016222160117203982 0.21296425515452166 2.8179851139886374
v 0.015647100728008744 -0.016095442045489045 2.7015352884930635
v 0.01647462636981383 0.051755145435873735 2.7311127384568383
v 0.016700291110724783 0.08621823953939498 2.750317708419758
v 0.018229269850198557 0.013949061813886283 2.713449953516365
v 0.018229269850198557 0.013949061813886283 2.713449953516365
v 0.019036034715894976 0.021540172510960163 2.7178512887420068
v 0.019277995835552685 -0.020448652180922136 2.702250597299007
v 0.024124317070563898 0.19818858220770708 2.8124999106292923
v 0.024124317070563898 0.19818858220770708 2.8124999106292923
v 0.023733391313031357 0.01843442911570838 2.718022716928831
v 0.02411655743245221 0.10043716285875977 2.7613589416548447
v 0.025558325827198386 0.021090935311906787 2.720686258533238
v 0.028603230067832115 0.11923947294539124 2.7733771859551997
v 0.029060981270407082 0.1846674256636523 2.8083057056193423
v 0.029232824278138256 0.11387389296930824 2.7704732059559976
v 0.029785879066288143 0.21026042589497648 2.8220343555596563
v 0.030883526791766227 0.2438264532666929 2.8410109871269476
v 0.03015563727170233 0.10158652989119045 2.7666405890054286
v 0.032524272803922775 -0.01850325835766342 2.707704796248806
v 0.03312643412676613 0.006471991499820766 2.715847456678976
v 0.033714933480165056 0.018916007227780862 2.724146738141645
v 0.034794962976028534 -0.005178460537466099 2.7126543925055384
v 0.035071693902646583 -0.025325566047969063 2.712618559323528
v 0.04044879781691761 0.05614524971460625 2.7464719436773795
v 0.040020265637515665 -0.02004871371056115 2.7110353155949536
v 0.042272064002353935 0.005723412953207199 2.720465433185959
v 0.04495794507363183 -0.02223292429733812 2.7332872122413434
v 0.04678535478229918 -0.007085751047064857 2.719097118521708
v 0.04671047235458553 -0.02083308649627027 2.7127850023487774
v 0.052736841053877694 0.08404433449416182 2.7665752503504604
v 0.054065436868794385 0.038368258792487786 2.742034605680143
v 0.05419124082879046 -0.008192793226395313 2.7210894447048166
v 0.05663621871824098 0.17942394885869015 2.819267866816271
v 0.05717367842920785 0.14270311730945062 2.7985738087742233
v 0.05717367842920785 0.14270311730945062 2.7985738087742233
v 0.055897895069979796 -0.028320767518790167 2.7159333340105025
v 0.05930157139377545 -0.014263899487878632 2.769043782997648
v 0.05894946951764028 -0.02139263731860021 2.7193593780832317
v 0.06262828155433765 -0.010646930027132155 2.722583585611205
v 0.06262828155433765 -0.010646930027132155 2.722583585611205
v 0.06592078316066047 -0.022409103425739832 2.720337762853605
v 0.06631633501347761 -0.030116015263856013 2.7186297018889163
v 0.07188356568989639 0.23553692635294707 2.855305279327833
v 0.07024919018997379 -0.010472906377287674 2.7257796238049643
v 0.07389560264232825 0.08729108213129975 2.7795554702044165
v 0.07639799384088905 -0.02329035522565681 2.723930525689056
v 0.07639799384088905 -0.02329035522565681 2.723930525689056
v 0.07679753578564527 -0.018720506552608866 2.7254361564298866
v 0.07714892111474661 -0.03485903378036401 2.7214563382011483
v 0.07990941749634001 0.12299625303332569 2.801182835418835
v 0.079442639276606 0.06904194089578064 2.7674433458257233
v 0.08465950568809981 0.1622903853819113 2.82563562895572
v 0.08719883321523866 0.173472044448279 2.8308871366325237
v 0.08500161453420377 0.0006732072419833227 2.7381402875572585
v 0.08870915860920621 0.03423854692381925 2.756288226847723
v 0.08870915860920621 0.03423854692381925 2.756288226847723
v 0.0924926787044899 0.10828381715400831 2.7997160864512454
v 0.09505721415425313 0.1762620630538245 2.8351521457292823
v 0.09390125331918801 -0.03123423007946541 2.727561271320489
v 0.09839074125995888 0.008063183291929154 2.746025668507374
v 0.09957159507611024 -0.03108689020320949 2.730168512370285
v 0.10502404004578851 0.08601370358719043 2.792360927229675
v 0.10337896444278194 -0.008253169530466606 2.7404086930122964
v 0.10373339373818492 -0.028740333749169702 2.733473271168005
v 0.10644973135502794 0.09006835187460831 2.797050463229543
v 0.10664499451398281 0.03901775079526144 2.7964593229902115
v 0.1101305690393309 0.08013215314667792 2.7933890180101235
v 0.10814610107162732 -0.039552117367672286 2.7319381450981957
v 0.10930343949831782 -0.033514010825614095 2.7337172139951025
v 0.11130062155415592 -0.030099231483560134 2.7355284284154258
v 0.11204240202447383 -0.03678282487033248 2.7331932560068113
v 0.1200077093190546 0.14191751446056106 2.8323565424432293
v 0.12426321837839814 0.06583225759426498 2.7922192585303427
v 0.12426321837839814 0.06583225759426498 2.7922192585303427
v 0.12290358610745902 -0.061907941064352455 2.7389664406165988
v 0.12360025840097043 -0.02528315466316084 2.741076178183223
v 0.13118259367919144 0.17717083823399216 2.857083451382779
v 0.13118259367919144 0.17717083823399216 2.857083451382779
v 0.13001332596909201 -0.04057850750702337 2.7455780450514724
v 0.13396726139022583 0.09933048122188401 2.8142214826480716
v 0.13396726139022583 0.09933048122188401 2.8142214826480716
v 0.13146544455148873 -0.0212196973574201 2.7483934922711235
v 0.13726420189281124 0.16994187371897887 2.856473808012016
v 0.13733457289215034 0.055879642855071715 2.79290808596549
v 0.13539498610845235 -0.04108201427178997 2.7402958461896527
v 0.1440115813151186 0.18809299377025088 2.8694898199567893
v 0.14303970007561323 0.15143725602005406 2.847362986706967
v 0.1379916814954474 -0.03627245664222387 2.743711512791185
v 0.1407996532962471 0.05651036640611754 2.7956430457677692
v 0.13839519045823775 -0.04083171113318408 2.7421659910913063
v 0.14560631501526528 0.2040824211908539 2.883223125803255
v 0.1480677148813821 0.1358715202801225 2.8426035423453713
v 0.1465814210809892 0.020158748058305333 2.7801594453625627
v 0.14537611217032123 -0.03404523926705867 2.7486409243387437
v 0.15251266796107069 0.048250117823802896 2.798254548285508
v 0.15251266796107069 0.048250117823802896 2.798254548285508
v 0.16557955709861766 0.43650235621106476 3.0200147657843153
v 0.1580536109824547 0.17108037164557147 2.8680384739470357
v 0.15375434908268448 -0.00808256844651209 2.765185757905503
v 0.15488648530124194 -0.040331622121042576 2.7486613518768976
v 0.16425865574267484 0.11385039635535038 2.83996467000722
v 0.16661189493487913 -0.0064392815677117255 2.7756867608732554
v 0.18048923651460141 -0.02554105434262924 2.7732249957213866
v 0.18458408978864788 0.023155739817102467 2.7999516589540847
v 0.1835213471020411 -0.03040541512171206 2.7723406173273464
v -0.454540430368235 -0.17386998981781995 2.6645288674989347
v -0.45268971257089824 -0.18140160959797869 2.6604470533661533
v -0.9067476714579303 0.9263222374260625 5.514601710596705
v -0.9067476714579303 0.9263222374260625 5.514601710596705
v -0.4100470238767464 0.2063821337760256 2.5822415564358785
v -0.4100470238767464 0.2063821337760256 2.5822415564358785
v -0.3975016190180954 0.1399719898389901 2.546478485122807
v -0.39350098975257347 0.14594746182047905 2.54835870408884
v -0.3734323739504392 0.12274797328927864 2.5390508206565863
v -0.36012714590903677 -0.012263804140146982 2.4657044393128036
v -0.34900380115538115 -0.002585206365297423 2.4719692392880703
v -0.3455195799698479 -0.010375951737774409 2.4675961568434643
v -0.3529163506765976 0.09432098000682165 2.5230526651814964
v -0.35818569897455094 0.2059337263042881 2.5856449282648906
v -0.35252824429169133 0.21080613480477828 2.5881814212891316
v -0.3479567197702167 0.1614589091444007 2.5609247680122214
v -0.3361742660376661 0.0064459835358315004 2.475272285582213
v -0.3343647434920215 -0.0034118490425466613 2.4720348727967543
v -0.3430632543151622 0.13783975128188855 2.5479708394255836
v -0.3430632543151622 0.13783975128188855 2.5479708394255836
v -0.3497150571326952 0.24327199831630852 2.6049180302847836
v -0.3497150571326952 0.24327199831630852 2.6049180302847836
v -0.3336770903239161 0.04553032686029929 2.4970717694849736
v -0.34556634868816016 0.21824668921840987 2.588899660244519
v -0.33007689982732846 0.012912756902333112 2.478000410552777
v -0.3348239349658827 0.10885243207115951 2.53399137680149
v -0.37783821551825625 -0.006792951362254384 2.8688316186223086
v -0.3273932567411497 0.03517102715192332 2.492160589867439
v -0.3409451215518971 0.24272989614585072 2.6072158055384245
v -0.321277199300663 0.008186546534855286 2.4780987960178984
v -0.32231613105632795 0.43789193015246025 2.5110527962425113
v -0.32734614862668676 0.19319340112877842 2.580354937854023
v -0.32734614862668676 0.19319340112877842 2.580354937854023
v -0.3189539697283033 0.1016813764378292 2.5290264169770675
v -0.3189539697283033 0.1016813764378292 2.5290264169770675
v -0.40160429793568897 0.07278755987958976 3.2150400178519827
v -0.3205401150455807 0.1334985269981782 2.55006606563217
v -0.3184047526804224 0.12551147205824753 2.543517685155124
v -0.3103737288329419 0.008060191803981766 2.4824452270484643
v -0.3157535052259105 0.11173947129265561 2.5380412877731393
v -0.3182739070251501 0.18818770874190974 2.5783774077453594
v -0.315913965143229 0.1527076523953801 2.5599825518942896
v -0.31563604881872304 0.17552510127423276 2.571649796129312
v -0.31563604881872304 0.17552510127423276 2.571649796129312
v -0.3822760869313649 0.020733749188361524 3.1502227638939817
v -0.31091996713067144 0.1605133300240327 2.5640301962058283
v -0.3016036518530559 0.08528539542412332 2.52298895532028
v -0.38961557983001516 0.14182620197699736 3.317742152219576
v -0.2937853016843133 -0.010883701779191852 2.4757260936381904
v -0.30299524071925976 0.14716937730819094 2.559401249819077
v -0.3001407408645578 0.1355089086905917 2.5521664500273915
v -0.29429983948715227 0.12903371809967426 2.5469023596617872
v -0.285717123813627 0.014920308339261227 2.485832337506543
v -0.28988877914639766 0.11658000496903155 2.5411584904563838
v -0.28988877914639766 0.11658000496903155 2.5411584904563838
v -0.28902294980295845 0.1347950418708041 2.5523429726720006
v -0.2810172153745059 0.03798498051918118 2.4981043663294673
v -0.28285783791785746 0.11157057015529609 2.5399409719391226
v -0.29047725302238175 0.2485176926039216 2.6160269412947224
v -0.286582340475698 0.2105125106037268 2.595643658807968
v -0.286582340475698 0.2105125106037268 2.595643658807968
v -0.2693835287818327 0.014439232910919909 2.486820454150216
v -0.2792176653879774 0.1842408263189041 2.58013991632865
v -0.2658524450336344 -0.002934943761903176 2.4823147223381654
v -0.2658524450336344 -0.002934943761903176 2.4823147223381654
v -0.2711371384122084 0.17815938883757257 2.577010651714458
v -0.26107491762261265 0.014787962551035016 2.4882284771900065
v -0.2678644525234012 0.1488732565714069 2.5635977951974795
v -0.25926727933464155 -0.003514305773796525 2.4839034308286725
v -0.3077927932591746 0.02253376484488335 2.9666232035853803
v -0.2587509862924178 0.11616604717937128 2.5440143868497627
v -0.25010250500728337 -0.009431252978734405 2.4819571015701833
v -0.2575924582724412 0.149134799388405 2.563322703972458
v -0.25846389598689556 0.1929176040531494 2.587597431211261
v -0.24960933472033806 0.04716879437001481 2.510293409608307
v -0.24578333417987663 0.008782528671235298 2.488937048784813
v -0.35473831591779553 0.04276047058948844 3.616722763933207
v -0.2444727451822393 0.04938326856322009 2.5085370370288556
v -0.244848781355711 0.061157849146230854 2.514725372842035
v -0.24982839741723126 0.18727754247434006 2.5857784522533698
v -0.23768227397669006 0.010332702666667259 2.491239852797505
v -0.29325416097919377 0.07067637839317473 3.05827961085539
v -0.2360166171337336 -0.0016962404937583718 2.4863312914465734
v -0.24235832618458128 0.14966212499078108 2.563248780109559
v -0.23500143709631743 0.022940210564536153 2.497865507962159
v -0.24396342538681462 0.21226499354342004 2.600918511272418
v -0.30471480331946194 0.00670522988329793 3.2614687112819003
v -0.3364464427905477 0.06862963305133926 3.608511589851554
v -0.23375043722149005 0.039385662043170316 2.504610703972111
v -0.24036447288791177 0.17876632198468045 2.581031518087786
v -0.24238719198626799 0.24907278725136042 2.620818378313439
v -0.23173681401465637 0.07975093563879727 2.5286106176450107
v -0.2275345887119777 0.028124358545271656 2.4996899945025675
v -0.23094579547215474 0.15098534835132035 2.567703996157845
v -0.2773491807696426 0.05870629980040883 3.0935784340909094
v -0.22780486852485407 0.12514653735438938 2.551442578197344
v -0.22956056343125397 0.17248674779044226 2.577787028511235
v -0.2219710315604204 0.010648539195384802 2.4930468552683065
v -0.22740887455661843 0.15649888727205272 2.5686883736520874
v -0.22405967044255207 0.11803572911946095 2.5482605240879734
v -0.31242690331602746 0.10623480401065408 3.5776205756055166
v -0.31242690331602746 0.10623480401065408 3.5776205756055166
v -0.24954527065724622 0.0007482624449898596 2.8627596943635987
v -0.22598219605746162 0.17954393772640206 2.5845167074029294
v -0.2181535273754514 0.015063852696565587 2.496323140887651
v -0.223019240247033 0.13755994630786403 2.5585995779684807
v -0.21779065692335 0.021276170132628728 2.4985407439287983
v -0.21984631046354386 0.078259599248576 2.526835333467109
v -0.21500668240060733 -0.010854466374024268 2.4873148383987163
v -0.22392391830987438 0.20501009436328488 2.5992733063531728
v -0.21894519445631733 0.10126557552394273 2.542048081352207
v -0.21894519445631733 0.10126557552394273 2.542048081352207
v -0.21342657257652944 -0.00041320927439365 2.491156661216167
v -0.212696002609632 0.023736507607204013 2.5004787019034325
v -0.22148947114058745 0.21916416702140773 2.6062038354782917
v -0.22148947114058745 0.21916416702140773 2.6062038354782917
v -0.29743414050155015 0.04358081300890245 3.5509021796398113
v -0.23323012759835188 0.056128704753439264 2.7387126221454343
v -0.2160923580472085 0.11455516599343508 2.548680406239266
v -0.2160923580472085 0.11455516599343508 2.548680406239266
v -0.2559263720450677 0.025138392728432667 3.0303106745512647
v -0.2841762268652436 0.04485360149244041 3.3743468555231972
v -0.21513154028534245 0.1504330307281449 2.5692719486472724
v -0.21406764282153806 0.15681261972757526 2.5712112818860944
v -0.2119030090781926 0.18203814061512535 2.5872042699142686
v -0.21098468446523172 0.19169316114127907 2.5911918230214197
v -0.20713651949418616 0.15179308111618764 2.570604907037444
v -0.20713651949418616 0.15179308111618764 2.570604907037444
v -0.20604924278856634 0.14425767924139943 2.5649960469501116
v -0.20604924278856634 0.14425767924139943 2.5649960469501116
v -0.20440437839747097 0.10711644758258111 2.5471514319220248
v -0.20610414992719334 0.17010398307463567 2.5808889321412725
v -0.26736504674874567 0.20495126660370672 3.386638131692628
v -0.19927393952254785 0.09599960701509923 2.53968331609441
v -0.205524445319402 0.2504848029601201 2.6256169067404467
v -0.19764867232006433 0.08534355217976179 2.5348678175633323
v -0.19861873494344032 0.1382406696226811 2.565970235439476
v -0.19836818279514673 0.13808862252992415 2.5654602202063845
v -0.19715642600859962 0.11841216136975824 2.5531674867365433
v -0.21773156003067706 0.010311733902779945 2.8433675299979875
v -0.1956275017094883 0.18079950480912033 2.588437196370079
v -0.18809832524802633 0.06254634628432144 2.5233700530929952
v -0.18900315496133374 0.09149025402122042 2.538738683754456
v -0.18484063278980548 0.011267938624137854 2.496926638464418
v -0.18484063278980548 0.011267938624137854 2.496926638464418
v -0.19268232456055223 0.21926864645255525 2.6105354071843707
v -0.18882732395536028 0.15063696719890635 2.569402285255325
v -0.17938750218866176 -0.007136841125795214 2.4933270423346507
v -0.1817591369115244 0.11287614696408767 2.552433376633215
v -0.1817591369115244 0.11287614696408767 2.552433376633215
v -0.18185814790342955 0.12078139659164694 2.55605606527599
v -0.18185814790342955 0.12078139659164694 2.55605606527599
v -0.18487625318953257 0.21504200918059205 2.6100316324815913
v -0.24078379974884542 0.045645838554478964 3.3983673758087654
v -0.21369579333840982 0.02700256423041707 3.0496425131258227
v -0.17829818749493392 0.1387206782120677 2.5656561676199727
v -0.1798515140686268 0.24553977159131116 2.628902580006243
v -0.1798515140686268 0.24553977159131116 2.628902580006243
v -0.17587791327264768 0.1509458291689107 2.5720442103070673
v -0.16870805165540403 -0.0016564239753651957 2.496189042282765
v -0.17271250391613854 0.13204385559779447 2.5642650195921513
v -0.16900183590534656 0.03585697842366814 2.511101716649848
v -0.16872251588530437 0.06375318288705742 2.5254693784996087
v -0.174743555053819 0.24981185310108134 2.629470715377414
v -0.17097185886858401 0.15857763530188487 2.578689792229244
v -0.22145745448659637 0.0793255558079567 3.3890677102272146
v -0.1633490130884509 -0.0006495903396704176 2.4959872464700847
v -0.1633490130884509 -0.0006495903396704176 2.4959872464700847
v -0.16278074725643016 -0.006287282841909346 2.495441028948681
v -0.16278074725643016 -0.006287282841909346 2.495441028948681
v -0.16278074725643016 -0.006287282841909346 2.495441028948681
v -0.16593324108770782 0.09717760004331896 2.545659677972862
v -0.22019042920873463 0.08160793209187528 3.389905725117629
v -0.16551030211487996 0.1026486705189898 2.547472619609579
v -0.1632614213085413 0.036706477552532625 2.5135345617045965
v -0.16308414980836258 0.05291893892865417 2.5205533887909257
v -0.16698135464736222 0.20692241275788004 2.6075105322259384
v -0.15672810991829922 -0.0007541435638689977 2.497587517271695
v -0.15591479132613664 0.0296033966342204 2.507579656297274
v -0.1899453274763837 0.034159560581719005 3.0996977296321306
v -0.1575023059803859 0.10835864991606682 2.5527680029414017
v -0.15685328222137226 0.09702711886642397 2.5452949767691697
v -0.15986439400460808 0.199955544260819 2.6041754276370015
v -0.1547055445021363 0.05787992596591293 2.523409566355687
v -0.1501787495123966 0.07522260944529496 2.5344733059316824
v -0.15221735045479656 0.20707566889727436 2.609426940479555
v -0.1452154090482961 0.030440564832484453 2.5126503293630655
v -0.1483670009313712 0.13984049853680627 2.5730080457006506
v -0.14196364666350994 -0.004027043872763057 2.498123379217454
v -0.14196364666350994 -0.004027043872763057 2.498123379217454
v -0.14300441666417782 0.15232639994048766 2.5767689352625585
v -0.14300441666417782 0.15232639994048766 2.5767689352625585
v -0.14165470805861197 0.11646766127025893 2.5605970364741526
v -0.13842788657726104 0.14135490532464373 2.5745411358506685
v -0.13427745828040866 0.018537970460549818 2.508326369622343
v -0.1372233695689237 0.20563082277625416 2.6100949729872776
v -0.13127116309757547 0.016130418985322692 2.507872453824974
v -0.13027155508775262 -0.0035686540693087277 2.5007977843249174
v -0.1285053453413278 0.01890638037263998 2.5092352936057356
v -0.1279862772870163 0.012112004344988474 2.5054623992431524
v -0.12736140082645447 0.030895952596769093 2.5139991767528462
v -0.12509222871503825 0.0007013333465238328 2.5023375299793518
v -0.12498896195175552 -0.009791596105283226 2.5012976643114846
v -0.12717217000164796 0.14720479053368085 2.5790305529171813
v -0.12717217000164796 0.14720479053368085 2.5790305529171813
v -0.1265280018622545 0.12583110901913253 2.5666157324793555
v -0.12477744414744911 0.10935558315067014 2.5584339811042858
v -0.1217608762112639 -0.005388690847633023 2.502495698203576
v -0.1217608762112639 -0.005388690847633023 2.502495698203576
v -0.12162368175393519 0.019087790556112202 2.5112555066092783
v -0.1254965327405477 0.2176805106127044 2.6198584642276597
v -0.12459868435346061 0.20908629083538707 2.615762573437557
v -0.12223607092404888 0.12484453613976963 2.5671037092097153
v -0.12014363102406152 0.08237737974299036 2.5432111802431696
v -0.12192731176352913 0.1593151535090753 2.5868243987700845
v -0.11729129003603922 0.05369394484403213 2.527086726233269
v -0.12185688929474664 0.2526480959154449 2.638971525137145
v -0.1301808015017049 0.13538393462437973 2.899876053627684
v -0.11618470470939467 0.14036255540881468 2.574307430710334
v -0.11588471814402136 0.16675536893694867 2.5942528948812313
v -0.11093449512264869 0.007630589455079865 2.507278656577088
v -0.11279468873032666 0.09406655395301998 2.552065605597042
v -0.12075860317266073 0.026574575332015626 2.750274031311471
v -0.11243461758153712 0.1531027015682221 2.5837470704911856
v -0.10997911017527735 0.12333189128148393 2.568176472787702
v -0.10939462435669928 0.13455859904252412 2.574509501237632
v -0.10670794220926533 0.024891226823870183 2.5145262210997372
v -0.10772747527269039 0.09480426316470864 2.5507878559429127
v -0.11130009945494569 0.2545001558053287 2.6460405449227995
v -0.10884267786558922 0.17066842276844707 2.5961428015746773
v -0.11008409554859352 0.01028782099655986 2.6138886393267207
v -0.10482476301866775 0.001437346477187727 2.5091139700684555
v -0.10688107349060427 0.10489218075565267 2.558976152092573
v -0.10984198636452122 0.24611056401171952 2.6418962528055956
v -0.10520701879686652 0.06159373163652604 2.5352096900030543
v -0.10419631104003511 0.09946006784675138 2.554969457036752
v -0.1063076181635109 0.19550476030160666 2.610501138478211
v -0.1063076181635109 0.19550476030160666 2.610501138478211
v -0.11886864967725445 0.07357293340175942 3.0549025700966683
v -0.10077421129645721 0.024865196979446738 2.516116110860883
v -0.1001649355891709 0.0076420024817546025 2.509103606912606
v -0.1017824725613375 0.15953316416903615 2.589717031199914
v -0.09880188339887383 0.047996620122960264 2.526161656216513
v -0.10139827872178794 0.1671277912530652 2.595268307119221
v -0.09731676273261472 0.007779371425790725 2.5105939764968532
v -0.1076298224446616 -0.00026837491239242993 2.80580725859911
v -0.09471574102507375 0.01933887962445838 2.4906765645476248
v -0.09518283551021908 0.025146039428569914 2.5159468913475607
v -0.09709084466541121 0.12140247130337287 2.568887679282193
v -0.09461459491024882 0.05474875704516265 2.5316815061859277
v -0.08993796102305346 0.007865597463974692 2.5109295329012493
v -0.09055227207021743 0.054833733704421024 2.531621079820171
v -0.08911111744725747 0.029765571338225938 2.519146765100121
v -0.09005109419992458 0.08743682382206146 2.550784824491349
v -0.0880313510801663 0.01954938749342458 2.5158342013790063
v -0.08787355018562364 0.010340063118920183 2.5118379893210157
v -0.0894415413646167 0.12357010784797638 2.5719807965495254
v -0.08720593867106824 0.04706701993185008 2.527671322362938
v -0.08720593867106824 0.04706701993185008 2.527671322362938
v -0.08507973099595438 0.021446721498816244 2.515932003171245
v -0.08485710436354177 0.004598363689532175 2.5108708212692803
v -0.08562542458828197 0.0711363092807488 2.543138950669259
v -0.08431250544795901 -0.007233478729188558 2.5072181193283063
v -0.08425174075388213 -0.0011515801120131133 2.508149222706886
v -0.08234419003691056 0.005042646130498912 2.5109427378129334
v -0.08343271477681986 0.08228728571893942 2.55067793320368
v -0.08197526410912749 -0.0034769100839105714 2.508078570073007
v -0.08197526410912749 -0.0034769100839105714 2.508078570073007
v -0.08188521040029595 0.0017601768815160516 2.510178894195181
v -0.0827482315450165 0.062308349483827054 2.537765466155385
v -0.08286678002093821 0.11398090638390468 2.5672538241638314
v -0.0839804753381679 0.19059191510277973 2.611855789673787
v -0.08071827149893075 0.03308873957027662 2.5221910694086827
v -0.07907111310993005 0.04075242127327405 2.5269932307033938
v -0.0783854014517269 0.0354205575053123 2.523486803694348
v -0.08172081328208886 0.2355821004979027 2.6383612952224413
v -0.07849726981349889 0.06555572724007708 2.539199006614408
v -0.07849726981349889 0.06555572724007708 2.539199006614408
v -0.08036694337172534 0.1718265254867931 2.6015596804430623
v -0.07742509899096049 0.02062045401755888 2.5168966345824653
v -0.07548889739935467 0.019062890860210485 2.516496538544261
v -0.07802353101669317 0.18932142392381585 2.6104680525616444
v -0.07488241428181627 0.00821681813886754 2.5126896942282255
v -0.07739890842394938 0.19588244787876347 2.615615078073645
v -0.07604423295374092 0.11578344383919888 2.5704189788541587
v -0.07315778283522374 0.0012966473081642408 2.5101057398192648
v -0.0751624173899556 0.13474871533441984 2.5802518178756633
v -0.07174819178603113 0.014533114354517616 2.5154394482206577
v -0.07094717792431371 0.04147546779705851 2.527691127228532
v -0.07083845020502928 0.09394877302660153 2.558623435168616
v -0.06974229048164098 0.09915766110330453 2.561438269708874
v -0.07651308138070702 0.02247499823142565 2.8421776632542186
v -0.06756903070926798 0.027030463224979095 2.521682220224671
v -0.06680101299449005 0.04885344262570068 2.5314218534078936
v -0.0691193662114037 0.20023663074294087 2.619130685612181
v -0.06890328000167278 0.1903382639072706 2.6142906648819206
v -0.06808266637562649 0.15409119449492917 2.5952547029326687
v -0.06808266637562649 0.15409119449492917 2.5952547029326687
v -0.06524998174266024 0.001271921048468243 2.5115836708016235
v -0.06524998174266024 0.001271921048468243 2.5115836708016235
v -0.06600515743521253 0.07455360985184004 2.5486349884385855
v -0.06600515743521253 0.07455360985184004 2.5486349884385855
v -0.06402336472233049 0.0068592971263449895 2.5134147191623355
v -0.06205639080409922 0.14755087253114837 2.590596342485001
v -0.0595235180346887 0.0062004824205771 2.5144514832911153
v -0.0595235180346887 0.0062004824205771 2.5144514832911153
v -0.061051448231614736 0.1411488739435502 2.585238633015898
v -0.05869810323016353 0.0017156970220750076 2.5123615824988357
v -0.05998899944808789 0.1328585985997972 2.5823869997173268
v -0.0611176937742063 0.22084813968838923 2.6327471359966776
v -0.05924494329855415 0.21093114468033963 2.62816331474335
v -0.053323232252128774 0.10343279394498273 2.566787680582132
v -0.051470689615027605 0.014976746809541206 2.5182591710533178
v -0.05121468289522421 0.0027570305251739037 2.5155313608680885
v -0.05115357723688861 0.0064001232706042185 2.5156429358799106
v -0.05115357723688861 0.0064001232706042185 2.5156429358799106
v -0.05012502973750428 0.04956692370987826 2.5350198054169266
v -0.04967006584649594 0.10110768000619247 2.565543276303988
v -0.048394696529472314 -0.003709153305529418 2.5125350104990187
v -0.04844104636962682 0.006381171074200965 2.5155229359425584
v -0.04959386472535665 0.10579591289966818 2.5991741596382587
v -0.04806819132279625 0.13179443043522576 2.5837346275560344
v -0.04869521173510778 0.19608963269581503 2.621607968004773
v -0.04713315973438063 0.05769317478825022 2.5389187912576507
v -0.04660239013721051 0.027206527686118864 2.5246599395880898
v -0.04660239013721051 0.027206527686118864 2.5246599395880898
v -0.04576076253828296 0.0036358871313590282 2.5159717665936445
v -0.04700025263126396 0.22155421258345678 2.636544119433311
v -0.04422746288750967 0.037776966905381494 2.5280830774732346
v -0.04407038725434483 0.06588046116557904 2.5448483709576744
v -0.045150879398804696 0.18424842359872765 2.6161291674790714
v -0.04318024752538933 0.014088494721279095 2.518591007817379
v -0.042818051445516904 -0.0037187600926190073 2.513534182644729
v -0.04305951387571222 0.05535586598050952 2.5390676881709418
v -0.04175284881841198 0.05007410263392507 2.5371636652623377
v -0.041287200124884064 0.0986773606053268 2.5656411833133372
v -0.03937946551974535 0.02701036323583639 2.5304032570287
v -0.03911871486071359 0.0035067796278160663 2.516484735455634
v -0.03918331606394192 0.05514135371443393 2.5404932653667074
v -0.03852080647057154 0.023888934518878434 2.5236370775021912
v -0.03809927955815693 -0.0036220769926817876 2.51462200028317
v -0.03809927955815693 -0.0036220769926817876 2.51462200028317
v -0.03545931704028202 0.015413530625844711 2.5201750636687175
v -0.03643000016693791 0.011209242928339715 2.7054957402073083
v -0.03471187337402526 0.13443536991704857 2.5882193391233526
v -0.03351494683283164 -0.0028460621113380047 2.515427878216281
v -0.03351494683283164 -0.0028460621113380047 2.515427878216281
v -0.03258599930652809 0.13117433900524703 2.5864975956890945
v -0.032691490222021426 0.1478796822957982 2.596173582430958
v -0.031464650969022345 0.028768999581476922 2.5281741367847483
v -0.02857251627750716 0.004424821423788105 2.5184507133364766
v -0.02857251627750716 0.004424821423788105 2.5184507133364766
v -0.02848247719185383 0.013763264414018482 2.5193884194216976
v -0.027067609681859433 0.021268645060628436 2.5242276816651756
v -0.026870240945052346 -0.0062198465228385895 2.515473401804957
v -0.03066173446627919 0.10329361574583913 2.900343143146613
v -0.025782192921304212 0.07091536709338712 2.550429765938022
v -0.02536697784971638 0.20873504717620553 2.632458274025528
v -0.02536697784971638 0.20873504717620553 2.632458274025528
v -0.02451222253822259 0.08307204652847876 2.559262986044311
v -0.02490338302210966 0.17099303914477873 2.61131941292945
v -0.02465884108430304 0.2519304820067431 2.657714317280086
v -0.02266152465069764 0.015621181287760572 2.522865895348447
v -0.023379991688137623 0.19102862821884536 2.6235745318010824
v -0.02173401958420545 -0.004081189512218478 2.516309175807564
v -0.021409980803129735 0.007692807447404275 2.5197151765532535
v -0.02171937705607875 0.13638467442587393 2.5904905213797034
v -0.021238433508095046 0.13053002555084092 2.5881259930989664
v -0.020713812598115774 0.03246463665665558 2.5305603143135174
v -0.01971762096242914 0.00020614442930888335 2.517245735374583
v -0.020003150289164055 0.09888663764720408 2.5698407752639065
v -0.01845815944294345 0.006753326128388668 2.519477024078337
v -0.01897503120425661 0.18425534374092434 2.6193368097494965
v -0.018657605708480088 0.16778509768501484 2.612599043324498
v -0.01719643678116619 0.014413774620442629 2.5224155523054415
v -0.016950117568334373 0.03839597981238183 2.5345935533827286
v -0.016950117568334373 0.03839597981238183 2.5345935533827286
v -0.016778222099888645 -0.005589327078007672 2.5166912435530024
v -0.016659942365352374 -0.003104406024639201 2.5168767620692276
v -0.016659942365352374 -0.003104406024639201 2.5168767620692276
v -0.01645275662232731 0.057777008633318375 2.5450226703775374
v -0.016908909241035025 0.19597763022067388 2.627238502880877
v -0.016908909241035025 0.19597763022067388 2.627238502880877
v -0.015920910209136926 0.010676366660594279 2.521227251637111
v -0.015920910209136926 0.010676366660594279 2.521227251637111
v -0.017823242087318097 0.036599092142131404 2.856899478471475
v -0.015379841512542342 0.04813863039564179 2.539004311352802
v -0.014816278996329452 0.011436984694195686 2.5215396373966446
v -0.01403496674885396 -0.004710127426582187 2.5170494810058877
v -0.013484567959283503 0.10259282497921027 2.5725652536846755
v -0.012626872688978791 -0.005906145807559092 2.517286009891584
v -0.012723646531025494 0.16052418263473997 2.6077631306919704
v -0.011906261667453242 0.1844938919881126 2.6221965399496936
v -0.010920909674871285 0.01667857458227111 2.5247958904508434
v -0.010843119306976238 0.011837773000754385 2.522362305534153
v -0.010669456284257712 0.00013808620903426369 2.5189143721698937
v -0.011500011308021968 0.3600769649683382 2.7861658639830225
v -0.010432174570078412 0.04469294564444961 2.5392494280960505
v -0.009055516065066271 0.22920957862896574 2.6464287533979567
v -0.008473830413246052 0.09905295132420039 2.572548156250343
v -0.007678487272199406 -0.005786187135832973 2.517456035819547
v -0.00707601118177941 0.016123034042688045 2.526740505015743
v -0.006815620959487946 0.0711100059319077 2.5552756522811753
v -0.006052958568134243 0.019488957158694323 2.526081576140772
v -0.006083808348338963 0.16428646762625906 2.6105276248608487
v -0.005442027637342898 0.00968360550652765 2.522565204949215
v -0.004819255141955863 0.0010446583849821121 2.5187996434115068
v -0.004970302422640343 0.24542415241126855 2.656434988906721
v -0.004970302422640343 0.24542415241126855 2.656434988906721
v -0.0017229367715813095 0.19401449985024957 2.6288223117773413
v -0.0016217404176760112 0.015723924850336635 2.523983973508745
v -0.000613335198901524 0.04965580860039535 2.542982384277596
v -0.0004515191469844645 0.004035161889379483 2.521808672677121
v -8.366027628119383e-05 0.03975546591709242 2.5392520484721914
v 4.5322907007175425e-05 0.18356252012341487 2.622081342708885
v 0.00017673941357113917 0.044194370468876136 2.5409330057562767
v 0.0018856018374338044 0.01923874727536324 2.5275192064573795
v 0.001980695309372046 0.2082106361557017 2.638034500120243
v 0.007381592249105701 0.06661739925223863 2.6682693408595304
v 0.0038468872759675928 0.17087434657421327 2.616036201400099
v 0.0038018607243054093 0.027479050858852393 2.532166961835175
v 0.004000524213846399 0.07057956141559202 2.557971705330199
v 0.004797875594572395 0.08627577643172427 2.5670147461833457
v 0.005174046610434257 -0.0018377597862499259 2.5202444190908966
v 0.005346422131496901 0.00037886240291869975 2.520371952699039
v 0.006736527722524564 0.1907331598244407 2.6288660871525105
v 0.00699692064882085 0.07723071255398449 2.5623760951823398
v 0.0071331330002182775 0.0038939921386913876 2.5207517157218433
v 0.008393956488965893 0.17945952844885116 2.6253020745037943
v 0.008727385878096298 0.0008492909465167306 2.520929571976577
v 0.009136674961997637 0.03895538862084037 2.5400309874055713
v 0.009637164556928833 0.20521356921010786 2.638494419180073
v 0.010266602639587551 0.18665239778791437 2.6280215877214927
v 0.010954191962354873 0.25381983574745504 2.6658432695075542
v 0.010954191962354873 0.25381983574745504 2.6658432695075542
v 0.01140407885653974 0.18247220123082625 2.625575120218753
v 0.012245737405305221 0.22074811253180807 2.647431647601873
v 0.012076512517502823 0.12151922890208032 2.589837843794322
v 0.012076512517502823 0.12151922890208032 2.589837843794322
v 0.012911114840861035 -0.005889407382429408 2.520855016741122
v 0.01402877511904494 0.16155475366781077 2.614062432949929
v 0.013814549128311078 0.08230185925360808 2.565141150652454
v 0.014089898391797095 -0.00073491543299601 2.5221491022313067
v 0.016082803310182 0.2079080797283882 2.641311046607325
v 0.01608815314559394 0.04919707495255618 2.5451029390803006
v 0.016485124415821305 0.1308982326338273 2.5968268163226758
v 0.01692171881709502 -0.004804031149497156 2.521795127009825
v 0.01736438968403476 0.013390350233442476 2.5269859246736854
v 0.01748017804696756 0.010280450596621853 2.5259785253661384
v 0.017669274877322907 0.04418440672217205 2.543942588367881
v 0.0183240353058568 0.05329315022169107 2.550167671873209
v 0.019093141267044925 0.010357036496748054 2.5265709484817838
v 0.019679353912131485 0.011915153726878071 2.5264861792080757
v 0.020770144264859503 0.03951870107786862 2.5433494066328324
v 0.02122825733846504 0.09840260377882584 2.5768978955190502
v 0.02223143495859695 0.022749613152749 2.5327190041452576
v 0.022874144703710082 0.0817108941997102 2.5662298362302
v 0.024064868782051343 0.00460767971189316 2.5247769992525804
v 0.02467023043310339 -0.0018497334449024535 2.523011910367583
v 0.025972085129551865 0.0008719619013222926 2.524162163113232
v 0.03206086321847885 0.4519972983624251 2.8794141493183876
v 0.03206086321847885 0.4519972983624251 2.8794141493183876
v 0.027137441114065807 0.010186458875652825 2.5272403988976873
v 0.02831904449033579 0.16592958482293071 2.622947933154903
v 0.027990789377080084 -0.001901252764390276 2.5233432226098094
v 0.027990789377080084 -0.001901252764390276 2.5233432226098094
v 0.028408716226579023 2.0202810721654232e-05 2.5239843206166936
v 0.031462824349492706 0.23758525191391675 2.6614028302006028
v 0.03111442317740133 0.06521162843137152 2.559566338893347
v 0.03247263987403542 0.25215636516579637 2.66802863488375
v 0.031862942171863494 0.021664333458505845 2.5341386078293064
v 0.033477442315619194 0.1591632446653244 2.6163698410847296
v 0.034496925128382275 0.14629871009922277 2.607851340417301
v 0.034496925128382275 0.14629871009922277 2.607851340417301
v 0.03473324543618832 0.091336731409343 2.576980527296148
v 0.03473324543618832 0.091336731409343 2.576980527296148
v 0.03443945557502349 0.027561603774738777 2.537726081796414
v 0.0344950773950548 0.0028847668732399053 2.5234702898638597
v 0.040986205247831274 0.4544931375650986 2.855354226831668
v 0.0350580892820423 -0.0014879209180203318 2.5244015363271326
v 0.0350580892820423 -0.0014879209180203318 2.5244015363271326
v 0.03616810331163654 0.008939413952856171 2.5282956989015553
v 0.038620057292542184 0.09241430172545938 2.5784098038638317
v 0.038620057292542184 0.09241430172545938 2.5784098038638317
v 0.03898262243019123 0.03871018785083882 2.546205526550644
v 0.038722758243161126 -0.003885859140619796 2.5238134144279316
v 0.038722758243161126 -0.003885859140619796 2.5238134144279316
v 0.03941953745072535 0.05447089267098924 2.558413982306944
v 0.04167742667509101 0.19514387935046523 2.638941570938866
v 0.04152542077687823 0.1374995622033929 2.605375339937004
v 0.04152542077687823 0.1374995622033929 2.605375339937004
v 0.041806066447072895 0.0020064623443472834 2.5259093215894692
v 0.04229505296799995 0.0058226541766835905 2.5279752794639885
v 0.04252397578997332 0.030835130363339465 2.541820163260492
v 0.04428007553997149 0.14643474363750833 2.6113925923572365
v 0.04428007553997149 0.14643474363750833 2.6113925923572365
v 0.044903273043677146 0.20782535384990292 2.648146840118635
v 0.04466762459167958 0.17054312484522005 2.625838410315867
v 0.04512314819923141 0.02151142881519838 2.5379446689485237
v 0.04730678521261328 0.1416956897442456 2.610140219207293
v 0.04615105722381441 0.0282282362556863 2.5420616969472953
v 0.04757715559894672 0.007966409719378962 2.53016981312729
v 0.05060578074975063 0.09216385341315933 2.5812062261315885
v 0.05023331453472854 -0.003764391501443986 2.525306224231176
v 0.051790861986919366 0.001630895887544464 2.526735512530653
v 0.05352491478691201 0.13305484343295457 2.606333293298847
v 0.05796373984477878 0.4590705382007186 2.809387996669423
v 0.05796373984477878 0.4590705382007186 2.809387996669423
v 0.05260060916160353 0.03848685460265462 2.5499628574838153
v 0.053363980003192014 0.08922054100024358 2.5802898251821156
v 0.05446543360780115 0.16608410639550822 2.6264654833496475
v 0.05387384324502198 0.06488635888949304 2.5656896355371477
v 0.056550380778418834 0.21903763855826036 2.657271011343551
v 0.055336297027017714 0.016706669513881413 2.537523016852998
v 0.0579685621516539 0.15265934424593008 2.6168234821963177
v 0.0560478207391086 0.0001782802674678291 2.5272808937761635
v 0.05813361174875449 0.059119653307673506 2.5628079838827156
v 0.060003549479764405 0.146593592605591 2.6149166249837137
v 0.05844507664205531 0.029726557346791402 2.5451587947381284
v 0.06174061234150417 0.16932405194692882 2.630722386031544
v 0.06296143480861743 0.23468826492537703 2.666878162886097
v 0.06181677467418576 0.129082799000385 2.6067654807651217
v 0.06148484661786803 0.060122322653722686 2.565136997048443
v 0.06266204838352754 0.09755771603937032 2.5872454123714808
v 0.06666381848361758 0.25399244098882195 2.6798733801382335
v 0.06367139594841623 -0.00230955504763462 2.5275062801500376
v 0.06622321755865239 0.16556227097102236 2.6287925786851667
v 0.06479447906499755 0.06869294052813213 2.569260501661041
v 0.07119586892204036 0.47027827523743365 2.81154367918228
v 0.06740125440377674 0.22176182381310525 2.6613112486697617
v 0.06542892972413471 0.034132956171462864 2.550476069812417
v 0.06542892972413471 0.034132956171462864 2.550476069812417
v 0.0662225422855515 0.08209383594631074 2.5803002578683465
v 0.06527433905658132 -0.002199924223777142 2.528455907286675
v 0.06588595600038614 0.02636080281473567 2.545658991076988
v 0.06588595600038614 0.02636080281473567 2.545658991076988
v 0.06909236111066432 0.19785310669245637 2.6475981743211974
v 0.0696357957021493 0.1526231332349868 2.622417380466852
v 0.07634570939012429 0.17965797861480262 2.638853699576966
v 0.07455648931042237 0.01388228789505252 2.5400715094748523
v 0.07506075334919429 -0.003162451921793506 2.528866443403641
v 0.07818361346100167 0.16001443774053994 2.6279659779786413
v 0.07768693686306713 0.006796840052840937 2.5372787451594627
v 0.08122186917488498 0.08511003776754195 2.5841237702907076
v 0.08156110495278561 -0.0040045006189815486 2.5306398679116104
v 0.08368184499941057 0.10222336820079779 2.5942195328535833
v 0.08334972786777026 0.0164354295535847 2.5444158113794484
v 0.08547561005180473 0.003632289334500283 2.53768983649397
v 0.08807420792434172 0.07409647334640304 2.5794404161768445
v 0.09229350967394219 0.0762209136031459 2.5827580035844417
v 0.09362854998846293 0.052301688028330094 2.567922289267155
v 0.09353653482945357 0.01340097589431941 2.543683732710192
v 0.09629046120833258 0.003133981689434211 2.5403004710532926
v 0.09807443185979764 0.011185476783697143 2.5452148312417586
v 0.09877806118535142 -0.0044422992823277855 2.537525456452763
v -0.37154162980675715 -0.060272201252716436 2.051043071805453
v -0.3531761403815403 -0.04897663387111021 2.0550409563631877
v -0.36061283159640123 0.06632963265777694 2.114933546836824
v -0.30702152212068246 -0.18669972161520404 2.0291581849107163
v -0.29642797111980773 -0.189113035262729 2.0139540600115717
v -0.3223505260715619 -0.03900910463526368 2.1956234051745915
v -0.30057575841901735 -0.0379115549847354 2.0517050449653063
v -0.2965311592059774 0.09002966060239356 2.116569197562731
v -0.28900524491935864 0.006533416444601272 2.0717038346987695
v -0.2863512039147457 0.008653080066240012 2.071602632641809
v -0.2843645534384069 -0.008135465920067121 2.0622280024557242
v -0.3562121663572951 0.23823671261486654 2.606969000642811
v -0.28575068763666767 0.09281352939332398 2.115935516293191
v -0.2582204867394255 0.10060591913407868 2.116729892745054
v -0.26036053168263784 0.057372058260793196 2.404336876930557
v -0.22128271170705807 -0.024071900486179125 2.050315874635855
v -0.21699217679616484 -0.01864704577502189 2.0501769839688255
v -0.20072382484968582 0.048985491435748214 2.0775163044469744
v -0.20010657122715508 0.0678946725244294 2.0898741233541194
v -0.20621714526067444 0.18992128225695526 2.1561188298755116
v -0.20661584419378867 -0.13795860121706127 2.1807763495696517
v -0.18554084246970926 -0.0012678245677149476 2.0528094401399475
v -0.17591412326719477 -0.05969397626614477 2.252880608319838
v -0.17591412326719477 -0.05969397626614477 2.252880608319838
v -0.17591412326719477 -0.05969397626614477 2.252880608319838
v -0.15179958493719634 -0.003352449469535768 2.0499245855168358
v -0.15724318421469488 0.04107111374473173 2.1572516067404472
v -0.14733732872158428 0.05923538060789668 2.078844872104701
v -0.14318821448596752 0.06696660442553239 2.080808114528088
v -0.13916024127191148 -0.005269856433356007 2.0492645716246027
v -0.142625441075503 0.10924080901453215 2.105082119264866
v -0.13548032796182014 0.011772637340677428 2.05361190544807
v -0.13411072169132388 0.0018532932064201626 2.0521367115577
v -0.1378234571179213 0.14278991647416273 2.122872147223061
v -0.13778435723031485 0.1581517229515495 2.13087903930583
v -0.12483750349266744 0.004234975914411578 2.0505960281259865
v -0.12990867331626246 -0.16150387818526488 2.225675865309815
v -0.11629435818517972 0.0013270273084023429 2.0484145204211
v -0.11258433246951484 0.016924806678093113 2.05345622907188
v -0.10673746340788845 0.0024533988078393122 2.047649118048267
v -0.10766659185964399 0.1698599554998539 2.1344733520689942
v -0.10766659185964399 0.1698599554998539 2.1344733520689942
v -0.09534667195547879 0.013157172700638825 2.0501498573777432
v -0.09844892929940045 0.21388137021230283 2.1584340665846735
v -0.092023434486521 0.016501997959098683 2.0507571831128466
v -0.09434363242740217 0.16225620465987814 2.129046455523651
v -0.08734797042919865 0.006689693977804963 2.0453822134386495
v -0.08737330647077211 0.06509525874156134 2.0751970200226726
v -0.08572972487260044 0.004392888568754651 2.0467565239036785
v -0.08434062387376871 0.02771537968542815 2.0539670909173915
v -0.08622196073158198 0.15939613546858356 2.1267479791002164
v -0.08370017717359461 0.31327923327247786 2.237557990204164
v -0.07492502265951563 0.015490843989021447 2.0493336660012735
v -0.07106672952700935 0.01232239583449668 2.046941761326174
v -0.0662388981999528 0.13496237354404336 2.112598779939719
v -0.060326852121322015 0.019311837894468033 2.049034715143995
v -0.05555503868001425 0.16114604914866343 2.124885274835289
v -0.04195544070772253 0.0004449146743901612 2.0743310335774803
v -0.04085657414404976 0.08759629401956719 2.0957470935114246
v -0.040809693528883306 0.07332972116103156 2.076419389090393
v -0.04194455764294457 0.2167068675520065 2.1543705915477136
v -0.0387557203645241 0.10106923150978163 2.0921212099318307
v -0.03524225661152466 0.016633948621431808 2.0448352215623564
v -0.03472570590665361 0.10148942528783696 2.0912383182633736
v -0.03357153932074497 0.01729946002876794 2.0450825904575654
v -0.032684527182760596 0.08430644156457323 2.08165854285579
v -0.03213509976478297 0.0751194421636804 2.076953004238631
v -0.019162505617749855 0.050312786528338115 2.0627341453182306
v -0.014114081529396324 0.03821158825092459 2.0559183310054983
v -0.012626747493470291 0.02024208429795412 2.0471550602918613
v -0.005152672587183995 0.00827906042659708 2.0404902712931525
v 0.000624124678955971 0.002286757205024905 2.0417406994514757
v 0.030282023342279654 -0.04155372664841167 2.1027864531609084
v -0.7260550639355806 -0.11988145073237733 5.418797193047139
v -0.4343448893770409 0.04180996153615217 4.793471797932517
v -0.4044889688322259 0.10960470557594418 4.470450566216372
v -0.4866957456242477 -0.15107931254272722 6.043560638070409
v -0.4866957456242477 -0.15107931254272722 6.043560638070409
v -0.3717981839481439 0.06792428663725546 4.726185405163281
v -0.43409362475753444 1.028684720065931 5.663883539003815
v -0.38252019443477175 0.4146493298716031 5.0236013375143065
v -0.42848242483618243 1.0327776576785799 5.643240422688489
v -0.41752058297224753 -0.4299739854280425 5.8543641510709765
v -0.3804196432049864 1.1078698247478886 5.640168142118622
v -0.3790643528708472 1.1075286540163671 5.634841818077325
v -0.27979284699265883 0.05571938314181659 4.61133483845082
v -0.3324140753437109 -0.38058180189530116 5.720637716258672
v -0.3365345593642263 -0.0660394354573535 6.116647875127589
v -0.25233537740544404 0.04682716896898746 4.648697531286803
v -0.1302095501526279 0.10190480730739783 4.1082882911367955
v -0.012646405616648985 0.922142592729527 6.192269857688977
v 0.09031689380512622 -0.17233474707864135 5.190513382051187
v 0.09123480666002659 -0.1570028157900513 5.190262093931767
v 0.11988708104013505 -0.15402702136515778 5.2378706026271535
v 0.1859783381767443 0.8124734347031508 6.5817436350055045
v 0.22107974566562535 -0.17470895764956748 5.465293016853103
v 0.21909398923165282 -0.25047734644175085 5.415768689333388
v 0.239391122575147 -0.2655299029858114 5.449435782604405
v 0.26317293908326495 -0.27850672855471764 5.4916557576230165
v 0.2782255997142622 -0.27593415751002504 5.511005526067383
v 0.2974437925772119 -0.2862318852639287 5.557454117973212
v 0.3421063573886811 -0.311364683592785 5.623004899751705
v 0.4448076305810894 -0.3219517384391504 5.831420678602066
v 0.48528270276177893 -0.17876982770623343 5.455628786363905
v -0.49754150210028153 0.17711547318502704 2.6581122245788764
v -0.48528239659084793 0.16716611338704965 2.6345831801108894
v -0.4836371075650697 0.1655220982347581 2.631296497583733
v -0.4685517966756558 -0.20500519468013897 2.376037952866554
v -0.4685517966756558 -0.20500519468013897 2.376037952866554
v -0.46514575664669466 -0.20375193344563683 2.371126873364098
v -0.46514575664669466 -0.20375193344563683 2.371126873364098
v -0.41417751295652794 -0.18659379995035705 2.29738750900934
v -0.5037762236127046 0.690406417532662 4.262508364280037
v -0.22609391655275093 0.02498100131779922 2.1344710191024245
v -0.2441259349816274 0.415048850218719 2.3372294495579164
v -0.22117824751170154 0.017902467121977312 2.1401861623133374
v -0.23124681832649907 0.3225852482986407 2.295889981949793
v -0.2258645478705038 0.33476105157538794 2.302199564463399
v -0.22813708139881347 0.4088051168714535 2.3428233183983234
v -0.22270425225200327 0.3275790113119372 2.3023892921924562
v -0.2086174824650719 0.06495462459143908 2.1701434921779006
v -0.2086174824650719 0.06495462459143908 2.1701434921779006
v -0.20681795679361262 0.043950756665704624 2.1605200774852467
v -0.20700863110295614 0.055538919613478614 2.1662685586651778
v -0.21437375544180431 0.30488427811220065 2.2942347979273214
v -0.20008916543981642 0.058166341133538524 2.171652495871789
v -0.19887148524339804 0.05542032516442248 2.1708264229980894
v -0.21154264426603842 0.33294716352147624 2.3107825681656684
v -0.18736956854116904 0.07876445042432433 2.1913595377107606
v -0.18446997328938528 0.03714786724824941 2.1734498182331947
v -0.16287506940932908 0.06930329777905822 2.2023844836470245
v -0.16251230837011788 0.07371758365054949 2.204429969873555
v -0.17755317927721304 -0.07175114826214386 2.4327930514333502
v -0.1666182044150623 -0.11085307547797395 2.3341959578186873
v -0.16438774744189372 0.29350849483566677 2.3200405879525476
v -0.1490494906359267 0.06819400730324329 2.2096954064044074
v -0.1490494906359267 0.06819400730324329 2.2096954064044074
v -0.14801488097894694 0.04436266525465494 2.1990823006754394
v -0.14975532813047043 0.17710499150347006 2.2661569634690095
v -0.1341582157262716 0.06534671986165812 2.2074852717775473
v -0.13832930656900994 0.2927688202240317 2.3337649760031276
v -0.13858494089555304 0.3040591395023889 2.3415402421487985
v -0.13122652492817402 0.3107793296792759 2.3500947614170475
v -0.12280279551594715 0.06542574332177 2.2211945810029614
v -0.16879195792780358 0.15562736152272066 3.1586702436842833
v -0.12154478430327809 0.2478216406435919 2.3284658560917566
v -0.11790490017660987 0.23608770894420064 2.321610353101505
v -0.1119143630228957 0.2771796509675081 2.3459395558209986
v -0.10530318431932138 0.2809302030017523 2.3508051341244327
v -0.08529482837113299 0.11417403888725965 2.2731071883200533
v -0.08827207243057231 0.27991590836868224 2.3615945158057303
v -0.088021586927819 0.27576459994991004 2.3605425880789155
v -0.06833182309097166 0.14446566665477678 2.303446840907255
v -0.06833182309097166 0.14446566665477678 2.303446840907255
v -0.05776342204769731 0.014227351011323629 2.249899102352129
v -0.030627757950536637 0.1400603240503111 2.325286210928692
v -0.0025180612255455374 0.24360049104167625 2.4041850941981684
v 0.005250532268619619 -0.03280867763827841 2.2687312473509045
v 0.017665201006917455 0.16098823937609755 2.3688662512698393
v 0.05078272528242717 -0.053378947034286084 2.287656288078349
v 0.06437528144904198 -0.02306223537952539 2.3064384693474342
v 0.06608858863924535 0.04094840230128148 2.337458268828398
v 0.06563722678374197 -0.05656583835364091 2.2994613035417157
v 0.07365711023776049 0.29326970797257246 2.502961282470719
v 0.07365711023776049 0.29326970797257246 2.502961282470719
v 0.08619560754210333 0.00018841214898731093 2.3315581314544787
v 0.08726449547769279 -0.00013516742808447344 2.3290121404349744
v 0.09202102660308137 -0.06756655901373282 2.313419672146154
v 0.09694005847765802 -0.006216223619460957 2.333762054107916
v 0.10585110028643378 0.1513366001133241 2.46678104747553
v 0.11676808524533686 0.1952864558994626 2.3571260411250923
v 0.11846928813631484 -0.07453646915887452 2.3259406916086216
v 0.12981329476006018 0.21233647951415155 2.490425791205788
v 0.12323936381556068 -0.07489462630332824 2.3277124201018013
v 0.1319680015282841 0.03836657830603788 2.3855652001111562
v 0.13675998767789335 -0.07896321133070922 2.3316411932696415
v 0.14238829633725375 -0.07999537654259002 2.3380195963481545
v 0.1520791321314277 0.12370952908923197 2.4540001533830247
v -0.7511831589847638 -0.46907154206218554 4.5771506930904815
v -0.6821469270727382 0.7832828881425359 4.373274794684897
v -0.6036345686947024 0.7057275961740368 4.3307841382059
v -0.5819550737800717 0.5087334835828018 4.218361548782684
v -0.5819550737800717 0.5087334835828018 4.218361548782684
v -0.5851715335581618 0.5451918659684494 4.2463764192720745
v -0.6091102570730788 0.06488218730886078 4.435418907412781
v -0.5778596961500316 0.5501290745224736 4.2462690949007795
v -0.5778596961500316 0.5501290745224736 4.2462690949007795
v -0.6948881565978952 0.6503601249795844 5.170435422745735
v -0.5758859619834413 0.7022695199551557 4.332365468240042
v -0.5122342044884088 0.03874915410096663 3.958778423402941
v -0.4837217254673378 -0.029129978566032673 3.9415169597622666
v -0.5129800781304339 0.5188003652926065 4.236146146417958
v -0.5259779117213419 0.712878410168305 4.349340495979585
v -0.4977323552520339 0.5464562997258583 4.252185317839388
v -0.45412958225273514 0.033919089526608194 3.9628261719507756
v -0.45412958225273514 0.033919089526608194 3.9628261719507756
v -0.4730748137670939 0.5162700692091376 4.2385229791889305
v -0.4730748137670939 0.5162700692091376 4.2385229791889305
v -0.44195294638742916 0.1031978873275913 4.003300166869624
v -0.4295214592867556 0.0561086573703438 3.9803573125992315
v -0.4295214592867556 0.0561086573703438 3.9803573125992315
v -0.4438573777549528 0.3070369930380597 4.115465870173297
v -0.4438573777549528 0.3070369930380597 4.115465870173297
v -0.42319448269621324 0.04976354793442988 3.9793749518626758
v -0.46061783506716586 0.7174528409094683 4.362185590581795
v -0.4036460403926257 0.05079415214117717 3.9799830382935
v -0.4036460403926257 0.05079415214117717 3.9799830382935
v -0.4209507670930382 0.5142608238742935 4.241644695014202
v -0.3946723500827923 0.5493645141735731 4.270707905066836
v -0.3862831065047976 0.41700428791119476 4.1930081654138
v -0.38893061878636825 0.5270249245414949 4.2585468932185755
v -0.38671449921423795 0.5046627176044944 4.245534414102721
v -0.374695588796518 0.4293211820322591 4.202704602654157
v -0.35969425468812805 0.05425122547880753 4.051366103847986
v -0.34719472431773124 0.05247361808468959 3.9931569243776366
v -0.3400161943713456 0.27633917734869073 4.119628198128732
v -0.35073082973226666 0.5198004560731393 4.259647515849679
v -0.34219710940183884 0.5143456268886883 4.256630301539554
v -0.33437079505339923 0.5198449048531134 4.263468858169733
v -0.3329627727140491 -0.2243159054577992 4.284507899266489
v -0.3329627727140491 -0.2243159054577992 4.284507899266489
v -0.3361324605777702 -0.12522353379414816 4.369584720224103
v -0.3115415421287179 0.21488681199502963 4.086145432990855
v -0.32370949544034167 0.5052103468646988 4.260958113325219
v -0.3227439004746261 0.520872483773208 4.267728789534956
v -0.3317486352532098 0.7128725576801815 4.386788178268796
v -0.32204909903711165 0.5209540435863811 4.265512645159115
v -0.3272707680131761 -0.22209351659407325 4.373017276723288
v -0.3138631102867063 0.5180245472842951 4.269008613814151
v -0.3138631102867063 0.5180245472842951 4.269008613814151
v -0.28662268368612687 0.1982619578987568 4.08577060147028
v -0.2831001753139486 0.22743368156365565 4.096799238070991
v -0.29339256341536385 -0.21981766239349423 4.2897520206388915
v -0.3214903092268259 -0.1450117342751172 4.7413754658422445
v -0.27436324394430794 0.2838801605200538 4.136839390667636
v -0.27436324394430794 0.2838801605200538 4.136839390667636
v -0.27002216157532855 -0.12640016084752176 4.316247136251622
v -0.27002216157532855 -0.12640016084752176 4.316247136251622
v -0.24646805056920748 0.043108617312435475 4.0132700755632795
v -0.2469326459133966 0.3078023384258164 4.157051211637406
v -0.2469326459133966 0.3078023384258164 4.157051211637406
v -0.24331566806966123 0.3514067842016271 4.181111438409198
v -0.17974053019854105 -0.022522384858862193 3.1590500623818065
v -0.24258179546904346 -0.21972970253254295 4.2987497322412
v -0.24258179546904346 -0.21972970253254295 4.2987497322412
v -0.23460559494283145 -0.21334153330951408 4.289740757240103
v -0.231724875836185 -0.2194098305264167 4.299574814201302
v -0.20194940626186153 -0.03578781505184672 4.063569751907821
v -0.21916699019853148 0.7695944081889818 4.438905782487118
v -0.2170272606872537 0.6996559868989749 4.401314239057972
v -0.20403068413678246 -0.29031247359560924 4.406142246998735
v -0.18869638351848556 -0.2900881193286734 4.410850684578226
v -0.16865749070992223 -0.21790700050482265 4.308418445379529
v -0.1656898123455524 0.49745264165312464 4.286031820932269
v -0.1656898123455524 0.49745264165312464 4.286031820932269
v -0.14527875413606875 -0.024659175627713657 4.010682109060284
v -0.15303366726682652 0.4968558036330245 4.294717584063979
v -0.13930873959440654 -0.037842479943824774 4.013990346562172
v -0.1400092922703353 0.14380082701008726 4.0876665006524044
v -0.1400092922703353 0.14380082701008726 4.0876665006524044
v -0.13060798414870783 0.49884727437020504 4.295940897458568
v -0.13060798414870783 0.49884727437020504 4.295940897458568
v -0.12317722586722242 0.12554901606550836 4.081609288055812
v -0.11369519165242908 -0.0195381991129586 4.014813718944058
v -0.08860250627433988 -0.1267336003557622 4.171719035029305
v -0.06727243090943283 0.1226458329434115 4.096055416156362
v -0.04110101691264455 0.2004947418441484 4.142570546028499
v -0.01897765654403259 -0.0346835973285424 4.044761021446781
v -0.013926625296511702 0.47968839127298585 4.315485248252627
v 0.005590864454741776 0.029278296664774366 4.0665303738357785
v 0.008085546367444353 0.14650640206296822 4.123830463241284
v 0.015228909973217413 -0.034078619999750884 4.039974321299037
v 0.03451776486936452 0.3614886595860264 4.2457897831390365
v 0.051630938228927614 0.6113857404954859 4.485053223267816
v 0.05170756037285725 0.07917897939074169 4.09667593273732
v 0.0733325498870632 0.07075167863597488 4.087334038060611
v 0.08313333977317264 0.4677220860987561 4.347415954841528
v 0.10078473665790597 0.15181938914410492 4.148788187897702
v 0.10078473665790597 0.15181938914410492 4.148788187897702
v 0.11875856905170601 0.7139422143628698 4.502518479317066
v 0.11346347541049333 0.22624916574737397 4.196352102577153
v 0.12871407813148072 0.26512015675640593 4.2263047877004745
v 0.14551229085778028 0.5896587536958293 4.428070640071764
v 0.14400434564350723 0.11430603107785157 4.13468940607339
v 0.16447652955960357 0.5057575342678605 4.4036756958828995
v 0.16396597869942256 -0.04527428084980731 4.0609541847316475
v 0.17065542657372976 0.1530571742000111 4.167853082589563
v 0.18862147236834448 0.25802935324242 4.25463121176556
v 0.2009741219780346 0.1302454409883498 4.173393484734133
v 0.20305155035073283 0.15370040013679442 4.178371938301375
v 0.25238696340666744 -0.03390768707748457 4.083561298641326
v 0.2580961102267455 -0.055423278220335145 4.09344046437011
v -0.7364549712835443 0.4610721953244748 4.39581723465297
v -0.8763935520268905 0.6066626434623048 5.283653504584113
v -0.6732104705926243 -0.025778886231627947 4.060375754393953
v -0.6732104705926243 -0.025778886231627947 4.060375754393953
v -0.5917614890293265 -0.07936680152272024 4.034963490618074
v -0.6233188864922229 0.4715362650510648 4.376984407615488
v -0.5722144050266804 0.0014502900213561305 4.056619441787701
v -0.4891614902387453 0.07999427135261082 3.722369447226826
v -0.562049779430885 0.2711670258093812 4.228773402878761
v -0.562049779430885 0.2711670258093812 4.228773402878761
v -0.5826589045632644 0.6971869430077993 4.526417913911455
v -0.5653663136884778 0.5326809870385046 4.407882370508498
v -0.5653663136884778 0.5326809870385046 4.407882370508498
v -0.5469100975464035 0.49394593998614 4.375582523402745
v -0.5375847700617925 0.5387460928075586 4.408931085212429
v -0.4970662778438607 0.28339876215813814 4.2315086884095905
v -1.0318354709789812 0.5230771249075836 8.775600369766275
v -0.49451212702664554 -0.15982408017800276 4.216860893792362
v -0.4919408211078138 0.4051412337310851 4.31163809701617
v -0.5145200066942552 0.7111573058922613 4.5186332924425
v -0.45081652887024093 0.5038293921855255 4.367071667458793
v -0.5714945308659573 -0.17470300294393554 5.581099749132093
v -0.42581328781495864 0.19071742995704416 4.158846252572804
v -0.4296396993834704 -0.1518983554446793 4.219865148568415
v -0.41225746302910726 0.2015706881175301 4.165679547070364
v -0.429699261352997 0.5044181961297648 4.373517618744828
v -0.39851198218105227 0.2076213235777189 4.175508521669593
v -0.41597295250592864 0.519373606722329 4.377071938718082
v -0.38844619168539196 0.18532641101371183 4.148649852556606
v -0.38844619168539196 0.18532641101371183 4.148649852556606
v -0.3929454144492811 0.35843459874873884 4.265504438290586
v -0.38870057589947116 0.4132954358096941 4.301263289116489
v -0.38870057589947116 0.4132954358096941 4.301263289116489
v -0.35461344076917917 0.02399465833585309 4.050761896715866
v -0.3593180595869683 0.29621361465859064 4.218319341837012
v -0.3593180595869683 0.29621361465859064 4.218319341837012
v -0.35724329920881226 0.3419981930441542 4.255058873249212
v -0.3457273025007064 -0.24023211699013117 4.403822178132632
v -0.34845290935906925 0.7316321684813671 4.523596915591922
v -0.34409227958476235 0.7228229508261149 4.520430972577035
v -0.3002241342708339 0.3273053697281282 4.236572627047356
v -0.2785620120621934 -0.1358854347082998 4.1110453790790595
v -0.2537353937004234 0.12588942388249588 4.105104782794943
v -0.24980151518187216 0.11460657039603178 4.09129563915752
v -0.24860892326256742 0.1407149998713276 4.115369536191264
v -0.24860892326256742 0.1407149998713276 4.115369536191264
v -0.26265897391363063 0.5043924415432465 4.359954752181978
v -0.24066643027846718 0.5117865089425174 4.356456184137736
v -0.2027818299987011 0.1338794697275975 4.099452298181872
v -0.17315777293468246 0.12915484252461526 4.102674315914256
v -0.1730490049142572 -0.29123888523654307 4.515566400968637
v -0.14738970205203894 0.21171604613640324 4.1496966051554525
v -0.1484724846468703 0.3220977762851012 4.230594193766574
v -0.1395770871153313 0.584620723454696 4.399042281499156
v -0.1166884330281175 -0.0247645662005764 4.013090509363595
v -0.09651885013835934 0.04186379298495074 4.043233886690001
v -0.09652656518960576 0.16207526914186038 4.109987527982273
v -0.08501685636048772 -0.020437340279573137 4.013508988138428
v -0.07178996648915865 0.39057111550981766 4.271041529069473
v -0.062339321571027013 0.33793811441749205 4.2299726249664085
v -0.05132402608384978 0.09885216372789485 4.057991348844113
v -0.03399883120343619 0.34306271634017144 4.238511515982566
v -0.03148701822752148 0.09241713967137477 4.063902696483361
v -0.03010841806198375 0.6287681032407663 4.449649609210165
v -0.01478401024427313 0.5028680672415019 4.336490598705174
v -0.013445719548577177 0.29208953297861967 4.202085290340988
v -0.0017421427773066083 0.18221792816694588 4.119187139322667
v -0.0017421427773066083 0.18221792816694588 4.119187139322667
v 0.012039887727056678 0.25831251858461296 4.175854819102642
v 0.019215623958431422 0.4814074537503481 4.331001853744045
v 0.024151175068903213 0.7717150052764687 4.559889201879095
v 0.024151175068903213 0.7717150052764687 4.559889201879095
v 0.037756064829911326 0.3271495283556893 4.2221962199908
v 0.04222153459238778 0.14537642428707612 4.094339736556957
v 0.053011452787685306 0.20753726656818441 4.141562175724577
v 0.053011452787685306 0.20753726656818441 4.141562175724577
v 0.059019421493617906 0.8121861519338824 4.56020922160518
v 0.08151374749161983 0.8343419830256332 4.574215782346241
v 0.05233117686236628 0.1164174136779235 2.8540709346107036
v 0.05233117686236628 0.1164174136779235 2.8540709346107036
v 0.07642102871095444 -0.004017114287728073 4.010812653389077
v 0.10440395933850564 0.19753421762239112 4.13287377078472
v 0.10668981918983445 -0.007771644314105142 4.169577206830854
