# Created by Open3D 
# object name: reconstructed_mesh
# number of vertices: 3431
# number of triangles: 6739
v 26300.9 16210.2 -42083.8 0 0 0
vn 0 0 -1
v 26295.4 16249.2 -42092.7 0 0 0
vn 0 0 -1
v 26278.1 16312 -42098.2 0 0 0
vn 0 0 -1
v 26263.5 16344.4 -42098.3 0 0 0
vn 0 0 -1
v 26199.7 16454.3 -42097.1 0 0 0
vn 0 0 -1
v 26194.9 16466.6 -42097.7 0 0 0
vn 0 0 -1
v 26253 16374.4 -42098.5 0 0 0
vn 0 0 -1
v 26238 16413.5 -42100.5 0 0 0
vn 0 0 -1
v 26321.9 16234.1 -42097.1 0 0 0
vn 0 0 -1
v 26319 16283.2 -42104.6 0 0 0
vn 0 0 -1
v 26290.5 16343.1 -42106.2 0 0 0
vn 0 0 -1
v 26198.7 16464 -42099 0 0 0
vn 0 0 -1
v 26253 16409 -42104.5 0 0 0
vn 0 0 -1
v 26294.7 16409.6 -42112 0 0 0
vn 0 0 -1
v 26247.1 16449.5 -42106.2 0 0 0
vn 0 0 -1
v 26309.1 16464.2 -42114.7 0 0 0
vn 0 0 -1
v 26388.3 16167.1 -42084.5 0 0 0
vn 0 0 -1
v 26189 16555.7 -42094.3 0 0 0
vn 0 0 -1
v 26533.5 16189.2 -42086.9 0 0 0
vn 0 0 -1
v 26592.9 16233.2 -42083.8 0 0 0
vn 0 0 -1
v 26610.2 16344 -42086.3 0 0 0
vn 0 0 -1
v 26588.7 16466.6 -42079.9 0 0 0
vn 0 0 -1
v 26535.4 16538.1 -42087.3 0 0 0
vn 0 0 -1
v 26499.7 16576.6 -42089.4 0 0 0
vn 0 0 -1
v 26200.8 16613.3 -42093.6 0 0 0
vn 0 0 -1
v 26191.3 16737 -42088.2 0 0 0
vn 0 0 -1
v 26160.6 16774.5 -42072.1 0 0 0
vn 0 0 -1
v 26217.4 16702.9 -42095 0 0 0
vn 0 0 -1
v 26425.7 16648.4 -42089.8 0 0 0
vn 0 0 -1
v 26385.9 16686.1 -42087.7 0 0 0
vn 0 0 -1
v 26303.7 16748.9 -42085.7 0 0 0
vn 0 0 -1
v 26253.8 16773 -42082.2 0 0 0
vn 0 0 -1
v 26433.7 16253.4 -42104.8 0 0 0
vn 0 0 -1
v 26397.4 16356.9 -42113.6 0 0 0
vn 0 0 -1
v 26202.3 16552.3 -42098.3 0 0 0
vn 0 0 -1
v 26418.3 16496 -42110.1 0 0 0
vn 0 0 -1
v 26324.1 16576 -42105.3 0 0 0
vn 0 0 -1
v 26423.1 16575.4 -42103.7 0 0 0
vn 0 0 -1
v 26548.3 16255.7 -42098.8 0 0 0
vn 0 0 -1
v 26515.5 16325.4 -42107.1 0 0 0
vn 0 0 -1
v 26528.4 16431.3 -42101.7 0 0 0
vn 0 0 -1
v 26200.5 16783 -42076.3 0 0 0
vn 0 0 -1
v 26288.2 16673.4 -42097.4 0 0 0
vn 0 0 -1
v 26298.9 16037.3 -42026.1 0 0 0
vn 0 0 -1
v 26285.9 16083.9 -42038.4 0 0 0
vn 0 0 -1
v 26270.7 16118.8 -42041.7 0 0 0
vn 0 0 -1
v 26198.4 16261.6 -42045.8 0 0 0
vn 0 0 -1
v 26166.4 16295 -42039.9 0 0 0
vn 0 0 -1
v 26152.4 16337.9 -42043.3 0 0 0
vn 0 0 -1
v 26259.4 16156 -42047 0 0 0
vn 0 0 -1
v 26236.1 16194.6 -42046.1 0 0 0
vn 0 0 -1
v 26215.7 16230 -42045.3 0 0 0
vn 0 0 -1
v 26083 16429.1 -42037.9 0 0 0
vn 0 0 -1
v 26064.2 16452.8 -42033.2 0 0 0
vn 0 0 -1
v 26142.2 16352.6 -42043.1 0 0 0
vn 0 0 -1
v 26111.1 16396.9 -42042.1 0 0 0
vn 0 0 -1
v 26321.5 16066.8 -42045.6 0 0 0
vn 0 0 -1
v 26308.4 16119.3 -42057.4 0 0 0
vn 0 0 -1
v 26188.5 16300.5 -42050.2 0 0 0
vn 0 0 -1
v 26193.8 16351.1 -42066.1 0 0 0
vn 0 0 -1
v 26262.7 16185.4 -42057.4 0 0 0
vn 0 0 -1
v 26297.1 16169.7 -42069 0 0 0
vn 0 0 -1
v 26249.6 16225.9 -42062 0 0 0
vn 0 0 -1
v 26241.1 16291.1 -42074.8 0 0 0
vn 0 0 -1
v 26256.6 16341.9 -42094.6 0 0 0
vn 0 0 -1
v 26082.9 16456.9 -42043.8 0 0 0
vn 0 0 -1
v 26152.4 16392.7 -42058.3 0 0 0
vn 0 0 -1
v 26198.6 16406.7 -42082.9 0 0 0
vn 0 0 -1
v 26143.5 16446.8 -42067.5 0 0 0
vn 0 0 -1
v 26082.9 16200.1 -42004.7 0 0 0
vn 0 0 -1
v 26073.3 16211.5 -42007.3 0 0 0
vn 0 0 -1
v 26055.1 16233.3 -42013 0 0 0
vn 0 0 -1
v 26054.8 16234 -42013.4 0 0 0
vn 0 0 -1
v 26108.8 16203.2 -42011.8 0 0 0
vn 0 0 -1
v 26116.6 16203.8 -42012.3 0 0 0
vn 0 0 -1
v 26139.3 16212.1 -42016.6 0 0 0
vn 0 0 -1
v 26055 16234.6 -42013.2 0 0 0
vn 0 0 -1
v 26077.6 16263.2 -42013.3 0 0 0
vn 0 0 -1
v 26077.2 16285.7 -42011.6 0 0 0
vn 0 0 -1
v 26091.2 16210.2 -42012 0 0 0
vn 0 0 -1
v 26054.9 16234 -42013.5 0 0 0
vn 0 0 -1
v 26072 16233.8 -42014.1 0 0 0
vn 0 0 -1
v 26110.5 16205.8 -42013.1 0 0 0
vn 0 0 -1
v 26113.5 16228.1 -42017 0 0 0
vn 0 0 -1
v 26141.3 16231.6 -42021.5 0 0 0
vn 0 0 -1
v 26086.3 16260.9 -42015.4 0 0 0
vn 0 0 -1
v 26087.8 16283.4 -42015.5 0 0 0
vn 0 0 -1
v 26111.6 16272.3 -42020.8 0 0 0
vn 0 0 -1
v 26145.7 16258.6 -42027.5 0 0 0
vn 0 0 -1
v 26112.1 16295.2 -42023 0 0 0
vn 0 0 -1
v 26132.6 16286.8 -42027.7 0 0 0
vn 0 0 -1
v 26085.8 16147.6 -41980.7 0 0 0
vn 0 0 -1
v 26082.9 16151.5 -41982.1 0 0 0
vn 0 0 -1
v 26079.3 16174.7 -41987.1 0 0 0
vn 0 0 -1
v 26029.8 16206.4 -41985.6 0 0 0
vn 0 0 -1
v 26028.7 16207.8 -41985.4 0 0 0
vn 0 0 -1
v 26028.3 16220.8 -41981.5 0 0 0
vn 0 0 -1
v 26049.2 16199.7 -41983.8 0 0 0
vn 0 0 -1
v 26037.5 16235.3 -41991.6 0 0 0
vn 0 0 -1
v 26030.4 16270 -41985.2 0 0 0
vn 0 0 -1
v 26029.3 16288.9 -41986 0 0 0
vn 0 0 -1
v 26085.8 16153 -41984.6 0 0 0
vn 0 0 -1
v 26087.7 16178.3 -41992.9 0 0 0
vn 0 0 -1
v 26032.3 16209.9 -41987.2 0 0 0
vn 0 0 -1
v 26048.7 16213 -41993.8 0 0 0
vn 0 0 -1
v 26110.6 16179.3 -41999.9 0 0 0
vn 0 0 -1
v 26134.8 16176.9 -42003.5 0 0 0
vn 0 0 -1
v 26138.3 16200.2 -42012.8 0 0 0
vn 0 0 -1
v 26050.3 16268.2 -41999.2 0 0 0
vn 0 0 -1
v 26047.5 16296.7 -41996.9 0 0 0
vn 0 0 -1
v 26210.2 16091.1 -41994.2 0 0 0
vn 0 0 -1
v 26166.8 16119.1 -41985 0 0 0
vn 0 0 -1
v 26243.8 16012.2 -41982.6 0 0 0
vn 0 0 -1
v 26231.1 16050 -41990.1 0 0 0
vn 0 0 -1
v 26116.9 16148.5 -41986.3 0 0 0
vn 0 0 -1
v 26027.2 16296.8 -41985.2 0 0 0
vn 0 0 -1
v 26010.4 16351.7 -41982.3 0 0 0
vn 0 0 -1
v 25998.1 16427.6 -41987.4 0 0 0
vn 0 0 -1
v 25991.6 16456.3 -41988 0 0 0
vn 0 0 -1
v 26199.3 16119 -42000.2 0 0 0
vn 0 0 -1
v 26258.8 16026.9 -41999.2 0 0 0
vn 0 0 -1
v 26252.2 16063.5 -42009.8 0 0 0
vn 0 0 -1
v 26294.6 16011.6 -42011.4 0 0 0
vn 0 0 -1
v 26243.8 16114.6 -42024.5 0 0 0
vn 0 0 -1
v 26188.1 16170.8 -42017.7 0 0 0
vn 0 0 -1
v 26183.9 16227.7 -42032.5 0 0 0
vn 0 0 -1
v 26040.9 16343.8 -41998.6 0 0 0
vn 0 0 -1
v 26093.2 16328.9 -42021.1 0 0 0
vn 0 0 -1
v 26140 16332.9 -42037.7 0 0 0
vn 0 0 -1
v 26040.6 16410.3 -42010.7 0 0 0
vn 0 0 -1
v 26076.3 16393.4 -42025.9 0 0 0
vn 0 0 -1
v 26018.7 16456.7 -42005.4 0 0 0
vn 0 0 -1
v 26289.9 15959.5 -41975.1 0 0 0
vn 0 0 -1
v 26432.4 15915.6 -41974.7 0 0 0
vn 0 0 -1
v 26558.6 15943.9 -41973.7 0 0 0
vn 0 0 -1
v 26617.5 15995 -41971.5 0 0 0
vn 0 0 -1
v 25980.3 16501.2 -41988.7 0 0 0
vn 0 0 -1
v 25933.1 16572.6 -41972 0 0 0
vn 0 0 -1
v 25929.2 16692.2 -41986.6 0 0 0
vn 0 0 -1
v 25901.7 16779.2 -41973 0 0 0
vn 0 0 -1
v 26618.4 16647 -41984.8 0 0 0
vn 0 0 -1
v 26601.8 16697.7 -41965.7 0 0 0
vn 0 0 -1
v 26529.8 16785.5 -41978.2 0 0 0
vn 0 0 -1
v 26521.2 16796.7 -41978.3 0 0 0
vn 0 0 -1
v 26355.1 16016.5 -42026.6 0 0 0
vn 0 0 -1
v 26400.2 16090.7 -42061.7 0 0 0
vn 0 0 -1
v 26496.2 16012.6 -42024.4 0 0 0
vn 0 0 -1
v 26578.8 16021.1 -42012.7 0 0 0
vn 0 0 -1
v 26519 16108.1 -42062.6 0 0 0
vn 0 0 -1
v 26601.9 16137 -42046.6 0 0 0
vn 0 0 -1
v 25967.8 16590.9 -41996.1 0 0 0
vn 0 0 -1
v 25991.2 16670.7 -42016.5 0 0 0
vn 0 0 -1
v 25982.7 16750.4 -42009.2 0 0 0
vn 0 0 -1
v 26071.5 16532.2 -42041.5 0 0 0
vn 0 0 -1
v 26636.7 16259.4 -42059.2 0 0 0
vn 0 0 -1
v 26639.8 16346.8 -42069.9 0 0 0
vn 0 0 -1
v 26632.3 16439.3 -42055.2 0 0 0
vn 0 0 -1
v 26535.4 16573 -42079.7 0 0 0
vn 0 0 -1
v 26592.5 16561 -42047.2 0 0 0
vn 0 0 -1
v 26118.9 16714.1 -42067.6 0 0 0
vn 0 0 -1
v 26195.4 16697.5 -42093.7 0 0 0
vn 0 0 -1
v 26097.9 16779.4 -42047.2 0 0 0
vn 0 0 -1
v 26422.3 16684.6 -42081.2 0 0 0
vn 0 0 -1
v 26292.3 16778.2 -42077.9 0 0 0
vn 0 0 -1
v 26411.7 16755.5 -42043.7 0 0 0
vn 0 0 -1
v 26523.5 16656.8 -42044.6 0 0 0
vn 0 0 -1
v 26670.4 16138.7 -41968 0 0 0
vn 0 0 -1
v 25947.3 16825.3 -41939.9 0 0 0
vn 0 0 -1
v 26690.2 16353.9 -41968 0 0 0
vn 0 0 -1
v 26647.4 16572.7 -41981.1 0 0 0
vn 0 0 -1
v 26218.4 16806.9 -42046.6 0 0 0
vn 0 0 -1
v 26455.3 16820.1 -41951.8 0 0 0
vn 0 0 -1
v 25998.3 16179.6 -41956 0 0 0
vn 0 0 -1
v 25997.5 16183.4 -41955 0 0 0
vn 0 0 -1
v 25998.5 16179.8 -41956 0 0 0
vn 0 0 -1
v 26085.6 16130.2 -41957.6 0 0 0
vn 0 0 -1
v 26070.2 16144.3 -41952.8 0 0 0
vn 0 0 -1
v 26056.6 16176.1 -41959.5 0 0 0
vn 0 0 -1
v 25996.7 16198.5 -41949.9 0 0 0
vn 0 0 -1
v 26004.3 16200.3 -41955.2 0 0 0
vn 0 0 -1
v 25999.2 16208.8 -41951 0 0 0
vn 0 0 -1
v 26023.2 16214.1 -41966.7 0 0 0
vn 0 0 -1
v 26007.5 16228.3 -41956.5 0 0 0
vn 0 0 -1
v 26053.8 16178.8 -41958.2 0 0 0
vn 0 0 -1
v 26038.4 16196.5 -41964.6 0 0 0
vn 0 0 -1
v 26006.3 16254.4 -41960.3 0 0 0
vn 0 0 -1
v 25997.1 16268.4 -41956.3 0 0 0
vn 0 0 -1
v 25979.2 16287.9 -41950.4 0 0 0
vn 0 0 -1
v 25998.2 16180.5 -41956.2 0 0 0
vn 0 0 -1
v 25998.5 16198.7 -41954.2 0 0 0
vn 0 0 -1
v 26029.9 16207.5 -41981.5 0 0 0
vn 0 0 -1
v 26023.1 16234.5 -41974.7 0 0 0
vn 0 0 -1
v 26020 16264.1 -41975.9 0 0 0
vn 0 0 -1
v 26006.7 16292.3 -41970.6 0 0 0
vn 0 0 -1
v 26026.4 16288.3 -41984 0 0 0
vn 0 0 -1
v 25967.9 16175.2 -41927.9 0 0 0
vn 0 0 -1
v 25967.8 16175.3 -41927.9 0 0 0
vn 0 0 -1
v 25968.7 16175.8 -41928 0 0 0
vn 0 0 -1
v 25970.8 16258.5 -41930.2 0 0 0
vn 0 0 -1
v 25963.7 16265.5 -41928.7 0 0 0
vn 0 0 -1
v 25942.2 16291 -41928 0 0 0
vn 0 0 -1
v 25968.8 16175.7 -41928.1 0 0 0
vn 0 0 -1
v 26026.1 16169.2 -41930.1 0 0 0
vn 0 0 -1
v 26007.9 16173.1 -41920.9 0 0 0
vn 0 0 -1
v 26055 16142.7 -41930.6 0 0 0
vn 0 0 -1
v 26046.5 16148 -41927.2 0 0 0
vn 0 0 -1
v 26072.4 16115.7 -41927.4 0 0 0
vn 0 0 -1
v 25995.7 16190.7 -41924.4 0 0 0
vn 0 0 -1
v 25992.5 16210.3 -41935.5 0 0 0
vn 0 0 -1
v 25980.2 16231.3 -41925.9 0 0 0
vn 0 0 -1
v 26088.7 16102.1 -41931.9 0 0 0
vn 0 0 -1
v 25968.3 16175.5 -41928.5 0 0 0
vn 0 0 -1
v 25972.6 16265.9 -41935.3 0 0 0
vn 0 0 -1
v 25964.4 16290.3 -41940.7 0 0 0
vn 0 0 -1
v 26001.1 16184.4 -41950.3 0 0 0
vn 0 0 -1
v 26022.1 16177.1 -41936.3 0 0 0
vn 0 0 -1
v 26053.9 16147.5 -41933.6 0 0 0
vn 0 0 -1
v 26084.5 16124 -41949.7 0 0 0
vn 0 0 -1
v 26050.2 16175.2 -41952.6 0 0 0
vn 0 0 -1
v 26023.6 16194.3 -41953.5 0 0 0
vn 0 0 -1
v 25996 16226.7 -41943.4 0 0 0
vn 0 0 -1
v 25992.5 16251.8 -41946 0 0 0
vn 0 0 -1
v 26209 15924.5 -41918 0 0 0
vn 0 0 -1
v 26172.7 15961 -41911.3 0 0 0
vn 0 0 -1
v 26169.8 16012.4 -41931.9 0 0 0
vn 0 0 -1
v 26138.7 16056.2 -41928.8 0 0 0
vn 0 0 -1
v 26117.7 16074.9 -41927.1 0 0 0
vn 0 0 -1
v 25939.1 16319.7 -41931 0 0 0
vn 0 0 -1
v 25917.4 16387.2 -41929.1 0 0 0
vn 0 0 -1
v 25905.4 16415.3 -41926.4 0 0 0
vn 0 0 -1
v 25892 16461.2 -41924.6 0 0 0
vn 0 0 -1
v 26210.7 15965.8 -41942.4 0 0 0
vn 0 0 -1
v 26193.6 15997.5 -41944.3 0 0 0
vn 0 0 -1
v 26140.1 16070.5 -41938.9 0 0 0
vn 0 0 -1
v 26188.3 16052.3 -41962.5 0 0 0
vn 0 0 -1
v 26110.8 16116.7 -41959.4 0 0 0
vn 0 0 -1
v 25968.3 16328.5 -41952.1 0 0 0
vn 0 0 -1
v 25915.7 16408.6 -41932.6 0 0 0
vn 0 0 -1
v 25957.8 16405.6 -41958.6 0 0 0
vn 0 0 -1
v 25924.6 16457 -41946.4 0 0 0
vn 0 0 -1
v 25976.6 16450.3 -41977.5 0 0 0
vn 0 0 -1
v 26086.5 16080.3 -41906.3 0 0 0
vn 0 0 -1
v 26067.3 16092.3 -41896 0 0 0
vn 0 0 -1
v 26050.8 16114.1 -41895.7 0 0 0
vn 0 0 -1
v 26047.9 16118.6 -41897.5 0 0 0
vn 0 0 -1
v 25975.2 16147.1 -41893.5 0 0 0
vn 0 0 -1
v 25970.3 16149.4 -41897.3 0 0 0
vn 0 0 -1
v 25940.2 16176.7 -41896.3 0 0 0
vn 0 0 -1
v 25939.8 16176.9 -41897.8 0 0 0
vn 0 0 -1
v 25970.4 16149.9 -41898.3 0 0 0
vn 0 0 -1
v 25942.7 16179 -41894.8 0 0 0
vn 0 0 -1
v 25940.3 16178.1 -41897.3 0 0 0
vn 0 0 -1
v 25963 16217.8 -41903.2 0 0 0
vn 0 0 -1
v 25944.3 16232.3 -41898.7 0 0 0
vn 0 0 -1
v 25940.4 16239.5 -41899.2 0 0 0
vn 0 0 -1
v 25924.1 16266.6 -41899.3 0 0 0
vn 0 0 -1
v 25914.1 16290.4 -41900.7 0 0 0
vn 0 0 -1
v 25997.9 16142.7 -41894.5 0 0 0
vn 0 0 -1
v 26026.4 16132.9 -41896.1 0 0 0
vn 0 0 -1
v 25992 16170.6 -41898.7 0 0 0
vn 0 0 -1
v 25996.8 16177.2 -41900.2 0 0 0
vn 0 0 -1
v 25995.8 16178.1 -41899.4 0 0 0
vn 0 0 -1
v 25978.9 16202.4 -41906.5 0 0 0
vn 0 0 -1
v 26084.7 16093.9 -41919.8 0 0 0
vn 0 0 -1
v 26051.6 16121 -41905.4 0 0 0
vn 0 0 -1
v 25971.1 16149.5 -41898.5 0 0 0
vn 0 0 -1
v 25940.2 16177 -41898.1 0 0 0
vn 0 0 -1
v 25968.2 16175.4 -41927.1 0 0 0
vn 0 0 -1
v 25959.5 16243.7 -41914.5 0 0 0
vn 0 0 -1
v 25946.8 16258.2 -41912.9 0 0 0
vn 0 0 -1
v 25940.1 16290.3 -41925.7 0 0 0
vn 0 0 -1
v 25997.3 16151.6 -41902.5 0 0 0
vn 0 0 -1
v 26021.4 16156.8 -41917.7 0 0 0
vn 0 0 -1
v 26052.3 16087.8 -41872.7 0 0 0
vn 0 0 -1
v 26046.8 16095.7 -41872 0 0 0
vn 0 0 -1
v 26068 16069.3 -41877.2 0 0 0
vn 0 0 -1
v 26039.5 16114.4 -41881.9 0 0 0
vn 0 0 -1
v 25973.4 16145.9 -41874 0 0 0
vn 0 0 -1
v 25971 16149 -41876.5 0 0 0
vn 0 0 -1
v 25942.7 16177 -41879.2 0 0 0
vn 0 0 -1
v 25934.1 16183 -41878.3 0 0 0
vn 0 0 -1
v 25971.1 16161.9 -41874.4 0 0 0
vn 0 0 -1
v 25960.2 16177.8 -41873.8 0 0 0
vn 0 0 -1
v 25919.3 16222.7 -41876.5 0 0 0
vn 0 0 -1
v 25908.2 16235.4 -41873.3 0 0 0
vn 0 0 -1
v 25922.8 16205.7 -41873.1 0 0 0
vn 0 0 -1
v 25970.2 16179.1 -41876.5 0 0 0
vn 0 0 -1
v 25999.4 16132.2 -41870.6 0 0 0
vn 0 0 -1
v 26024.3 16122.9 -41875.4 0 0 0
vn 0 0 -1
v 25974.1 16175.1 -41877 0 0 0
vn 0 0 -1
v 26051.4 16095.7 -41877.3 0 0 0
vn 0 0 -1
v 26090.8 16064.6 -41896 0 0 0
vn 0 0 -1
v 25919.7 16239.3 -41883.8 0 0 0
vn 0 0 -1
v 25940.9 16205 -41888.8 0 0 0
vn 0 0 -1
v 25961.2 16195.7 -41890.6 0 0 0
vn 0 0 -1
v 25937.9 16232.4 -41894.4 0 0 0
vn 0 0 -1
v 25911.1 16259.8 -41886.1 0 0 0
vn 0 0 -1
v 25910.6 16289.2 -41897.3 0 0 0
vn 0 0 -1
v 25996.4 16177.1 -41899.3 0 0 0
vn 0 0 -1
v 26136 15943.4 -41869.3 0 0 0
vn 0 0 -1
v 26131.4 15954.3 -41870 0 0 0
vn 0 0 -1
v 26179.1 15906.1 -41886.1 0 0 0
vn 0 0 -1
v 26114 15994.1 -41874.4 0 0 0
vn 0 0 -1
v 26083.8 16041.3 -41874.2 0 0 0
vn 0 0 -1
v 25857.1 16329.7 -41868.2 0 0 0
vn 0 0 -1
v 25846.2 16360.7 -41868.6 0 0 0
vn 0 0 -1
v 25887.9 16270.1 -41871.9 0 0 0
vn 0 0 -1
v 25829.2 16415.8 -41866.5 0 0 0
vn 0 0 -1
v 25833.5 16448.5 -41876.2 0 0 0
vn 0 0 -1
v 26135.7 15955 -41874.2 0 0 0
vn 0 0 -1
v 26201.4 15893 -41893.4 0 0 0
vn 0 0 -1
v 26129.2 16009.9 -41896.5 0 0 0
vn 0 0 -1
v 25857.5 16351.2 -41875.6 0 0 0
vn 0 0 -1
v 25904.2 16329.8 -41905.6 0 0 0
vn 0 0 -1
v 25865 16396 -41890.8 0 0 0
vn 0 0 -1
v 25862.8 16460.4 -41901.8 0 0 0
vn 0 0 -1
v 26200.8 15875 -41878.6 0 0 0
vn 0 0 -1
v 26311.2 15778.1 -41871.1 0 0 0
vn 0 0 -1
v 26310.5 15778.5 -41871 0 0 0
vn 0 0 -1
v 26412.4 15754.5 -41849.8 0 0 0
vn 0 0 -1
v 26531.4 15771.5 -41861.8 0 0 0
vn 0 0 -1
v 26545.3 15782.4 -41865.2 0 0 0
vn 0 0 -1
v 26606.2 15844.4 -41867.2 0 0 0
vn 0 0 -1
v 25809.9 16552 -41876.8 0 0 0
vn 0 0 -1
v 25784.5 16712.9 -41876.9 0 0 0
vn 0 0 -1
v 25785 16783.4 -41863.6 0 0 0
vn 0 0 -1
v 26644.4 16751.8 -41827.5 0 0 0
vn 0 0 -1
v 26583.5 16775.9 -41890.3 0 0 0
vn 0 0 -1
v 26311.4 15778.3 -41871.3 0 0 0
vn 0 0 -1
v 26402.9 15800 -41890.1 0 0 0
vn 0 0 -1
v 26306.2 15866.8 -41919 0 0 0
vn 0 0 -1
v 26436.9 15873.3 -41948.9 0 0 0
vn 0 0 -1
v 26523.4 15785 -41875.3 0 0 0
vn 0 0 -1
v 26538.7 15869.8 -41928.5 0 0 0
vn 0 0 -1
v 26603.5 15901.2 -41916.6 0 0 0
vn 0 0 -1
v 25877.9 16523.6 -41925 0 0 0
vn 0 0 -1
v 25866.8 16647.4 -41937.6 0 0 0
vn 0 0 -1
v 25874.2 16768.3 -41954.2 0 0 0
vn 0 0 -1
v 26633.3 16679.1 -41934.9 0 0 0
vn 0 0 -1
v 26525.9 16796.6 -41974.4 0 0 0
vn 0 0 -1
v 26024.5 16071.2 -41841.8 0 0 0
vn 0 0 -1
v 26008.6 16092.7 -41840.2 0 0 0
vn 0 0 -1
v 26006.2 16113.2 -41849 0 0 0
vn 0 0 -1
v 26027.5 16063.5 -41840.4 0 0 0
vn 0 0 -1
v 25912.9 16152.9 -41840.5 0 0 0
vn 0 0 -1
v 25912.1 16155.1 -41839.4 0 0 0
vn 0 0 -1
v 25900.3 16180.2 -41834.6 0 0 0
vn 0 0 -1
v 25916.1 16156.3 -41838.2 0 0 0
vn 0 0 -1
v 25941.6 16167.8 -41846.7 0 0 0
vn 0 0 -1
v 25964.7 16152.1 -41846.9 0 0 0
vn 0 0 -1
v 25888.7 16209.8 -41843.9 0 0 0
vn 0 0 -1
v 25879.5 16218.9 -41841.5 0 0 0
vn 0 0 -1
v 25871.5 16232.8 -41842.7 0 0 0
vn 0 0 -1
v 25988.7 16126.8 -41845.4 0 0 0
vn 0 0 -1
v 25970.5 16143 -41842.6 0 0 0
vn 0 0 -1
v 26030.2 16091.3 -41855.2 0 0 0
vn 0 0 -1
v 26024.6 16114.6 -41866.2 0 0 0
vn 0 0 -1
v 26047.9 16062.9 -41855.6 0 0 0
vn 0 0 -1
v 25913.1 16153.7 -41841.5 0 0 0
vn 0 0 -1
v 25916.1 16167.1 -41845.4 0 0 0
vn 0 0 -1
v 25973.7 16146.6 -41857.2 0 0 0
vn 0 0 -1
v 25966.6 16173.1 -41869.5 0 0 0
vn 0 0 -1
v 25910.4 16206.2 -41861.6 0 0 0
vn 0 0 -1
v 25885.4 16230.2 -41852.6 0 0 0
vn 0 0 -1
v 25921.5 16110.2 -41810.3 0 0 0
vn 0 0 -1
v 25913.9 16116 -41803.7 0 0 0
vn 0 0 -1
v 25940.7 16090.5 -41813.5 0 0 0
vn 0 0 -1
v 25939.9 16091.9 -41813.7 0 0 0
vn 0 0 -1
v 25964.6 16070.1 -41812.4 0 0 0
vn 0 0 -1
v 25978.5 16064.2 -41815.6 0 0 0
vn 0 0 -1
v 25884 16149.3 -41811.8 0 0 0
vn 0 0 -1
v 25883.5 16149.7 -41812.6 0 0 0
vn 0 0 -1
v 25920.2 16129.4 -41809.1 0 0 0
vn 0 0 -1
v 25885.2 16150.2 -41812.4 0 0 0
vn 0 0 -1
v 25883.9 16162.3 -41810.3 0 0 0
vn 0 0 -1
v 25912.4 16160.6 -41817 0 0 0
vn 0 0 -1
v 25884.6 16176.3 -41814.4 0 0 0
vn 0 0 -1
v 25925.2 16147.8 -41810.4 0 0 0
vn 0 0 -1
v 25939.2 16174.5 -41816.5 0 0 0
vn 0 0 -1
v 25939.7 16176.1 -41815.3 0 0 0
vn 0 0 -1
v 25940.6 16176.9 -41814.7 0 0 0
vn 0 0 -1
v 25881.4 16180.5 -41814.8 0 0 0
vn 0 0 -1
v 25857.4 16205.3 -41814.4 0 0 0
vn 0 0 -1
v 25856.6 16206.8 -41814.8 0 0 0
vn 0 0 -1
v 25940.5 16176.9 -41814.7 0 0 0
vn 0 0 -1
v 25919.1 16118.8 -41811.3 0 0 0
vn 0 0 -1
v 25941.3 16091.3 -41814.1 0 0 0
vn 0 0 -1
v 25975.6 16091.3 -41824.4 0 0 0
vn 0 0 -1
v 25938.5 16120.1 -41818.4 0 0 0
vn 0 0 -1
v 25973.7 16126 -41834.4 0 0 0
vn 0 0 -1
v 26002.4 16080.7 -41833 0 0 0
vn 0 0 -1
v 25998.4 16091.9 -41834.2 0 0 0
vn 0 0 -1
v 26021.4 16064.8 -41837.3 0 0 0
vn 0 0 -1
v 25994.9 16110 -41838.7 0 0 0
vn 0 0 -1
v 25883.9 16149.7 -41812.9 0 0 0
vn 0 0 -1
v 25913.3 16154.3 -41836.6 0 0 0
vn 0 0 -1
v 25947 16151.8 -41829.5 0 0 0
vn 0 0 -1
v 25962.6 16142.1 -41835.7 0 0 0
vn 0 0 -1
v 25938.2 16174.4 -41818 0 0 0
vn 0 0 -1
v 25877.6 16206.5 -41831.8 0 0 0
vn 0 0 -1
v 25861.5 16229.7 -41831.6 0 0 0
vn 0 0 -1
v 26079.7 15918.5 -41813.8 0 0 0
vn 0 0 -1
v 26055 15962.6 -41813.7 0 0 0
vn 0 0 -1
v 26039 15999.5 -41817.9 0 0 0
vn 0 0 -1
v 26096.9 15879.4 -41808.2 0 0 0
vn 0 0 -1
v 26027.5 16025.1 -41822.8 0 0 0
vn 0 0 -1
v 25838.3 16226.2 -41807.9 0 0 0
vn 0 0 -1
v 25818.6 16278.4 -41816.4 0 0 0
vn 0 0 -1
v 25804.8 16310.8 -41816.3 0 0 0
vn 0 0 -1
v 25771.7 16355.2 -41800 0 0 0
vn 0 0 -1
v 25770.9 16402.4 -41813.6 0 0 0
vn 0 0 -1
v 25765.1 16451.3 -41821.6 0 0 0
vn 0 0 -1
v 26082.7 15959.8 -41833.7 0 0 0
vn 0 0 -1
v 26075.3 16007.1 -41849.5 0 0 0
vn 0 0 -1
v 26147.5 15894.1 -41852.5 0 0 0
vn 0 0 -1
v 25857.2 16269.2 -41846.3 0 0 0
vn 0 0 -1
v 25803.7 16358.3 -41830.5 0 0 0
vn 0 0 -1
v 25800 16407.7 -41840.6 0 0 0
vn 0 0 -1
v 25800.5 16457.5 -41851.8 0 0 0
vn 0 0 -1
v 25856 16119.7 -41785.4 0 0 0
vn 0 0 -1
v 25855.6 16119.9 -41785.4 0 0 0
vn 0 0 -1
v 25908.3 16075.8 -41778.6 0 0 0
vn 0 0 -1
v 25906.1 16095 -41785.8 0 0 0
vn 0 0 -1
v 25856.7 16119.9 -41785.3 0 0 0
vn 0 0 -1
v 25898.4 16118.2 -41777.4 0 0 0
vn 0 0 -1
v 25917.5 16064.5 -41778.6 0 0 0
vn 0 0 -1
v 25855.9 16120.1 -41785.4 0 0 0
vn 0 0 -1
v 25855.5 16176 -41786 0 0 0
vn 0 0 -1
v 25855.1 16176.5 -41786.1 0 0 0
vn 0 0 -1
v 25885.8 16148.8 -41788.4 0 0 0
vn 0 0 -1
v 25875.9 16154.9 -41788.1 0 0 0
vn 0 0 -1
v 25911.7 16142.5 -41790.4 0 0 0
vn 0 0 -1
v 25896 16148.6 -41791.6 0 0 0
vn 0 0 -1
v 25910.2 16148.8 -41787.7 0 0 0
vn 0 0 -1
v 25911.5 16148.2 -41788.4 0 0 0
vn 0 0 -1
v 25855.9 16119.9 -41785.6 0 0 0
vn 0 0 -1
v 25921.2 16089.1 -41797.7 0 0 0
vn 0 0 -1
v 25947.2 16064.1 -41798.5 0 0 0
vn 0 0 -1
v 25968.2 16063.2 -41810.5 0 0 0
vn 0 0 -1
v 25857.6 16176.3 -41788.4 0 0 0
vn 0 0 -1
v 25883.3 16176.6 -41813.5 0 0 0
vn 0 0 -1
v 25940.5 16176.9 -41814.7 0 0 0
vn 0 0 -1
v 25856 16203.8 -41811.6 0 0 0
vn 0 0 -1
v 25887.3 16072 -41756.3 0 0 0
vn 0 0 -1
v 25882.5 16083.8 -41754.2 0 0 0
vn 0 0 -1
v 25894.4 16068.5 -41761.2 0 0 0
vn 0 0 -1
v 25883.2 16106.4 -41757.4 0 0 0
vn 0 0 -1
v 25888.8 16131.3 -41762.3 0 0 0
vn 0 0 -1
v 25853.3 16141.4 -41752.8 0 0 0
vn 0 0 -1
v 25838.9 16152.3 -41755.6 0 0 0
vn 0 0 -1
v 25832 16161.1 -41757.6 0 0 0
vn 0 0 -1
v 25814.4 16170.2 -41749.4 0 0 0
vn 0 0 -1
v 25879.5 16146 -41761.5 0 0 0
vn 0 0 -1
v 25888.4 16144.9 -41762.6 0 0 0
vn 0 0 -1
v 25885.1 16146.4 -41760.5 0 0 0
vn 0 0 -1
v 25856 16119.9 -41785.1 0 0 0
vn 0 0 -1
v 25891.1 16087.2 -41765.6 0 0 0
vn 0 0 -1
v 25910.6 16064.9 -41773.7 0 0 0
vn 0 0 -1
v 25851.8 16160.4 -41769.8 0 0 0
vn 0 0 -1
v 25831.4 16183.8 -41772.9 0 0 0
vn 0 0 -1
v 25887.2 16147.4 -41771 0 0 0
vn 0 0 -1
v 25904.7 16144.9 -41782.6 0 0 0
vn 0 0 -1
v 25971.9 15967.8 -41754.7 0 0 0
vn 0 0 -1
v 25935.1 16024 -41760.5 0 0 0
vn 0 0 -1
v 25907.5 16054.2 -41761.9 0 0 0
vn 0 0 -1
v 26019 15909.2 -41764.7 0 0 0
vn 0 0 -1
v 25989.3 15945 -41756.9 0 0 0
vn 0 0 -1
v 25746 16319.2 -41763.7 0 0 0
vn 0 0 -1
v 25733.3 16356.6 -41764 0 0 0
vn 0 0 -1
v 25796.4 16190.8 -41746.9 0 0 0
vn 0 0 -1
v 25768.9 16233.3 -41746.3 0 0 0
vn 0 0 -1
v 25760.4 16276.8 -41760.1 0 0 0
vn 0 0 -1
v 25981.8 16020.6 -41792.6 0 0 0
vn 0 0 -1
v 26038 15910.9 -41779.9 0 0 0
vn 0 0 -1
v 26019.5 15947.8 -41781.8 0 0 0
vn 0 0 -1
v 26071.5 15882.7 -41792.7 0 0 0
vn 0 0 -1
v 26030.1 15999.7 -41811.8 0 0 0
vn 0 0 -1
v 25742.4 16352.1 -41770.9 0 0 0
vn 0 0 -1
v 25796.6 16232.6 -41771.6 0 0 0
vn 0 0 -1
v 25798 16282.2 -41798.7 0 0 0
vn 0 0 -1
v 25746.7 16388.2 -41786.6 0 0 0
vn 0 0 -1
v 25744.2 16455 -41803.7 0 0 0
vn 0 0 -1
v 26081.8 15776.2 -41753.8 0 0 0
vn 0 0 -1
v 26075.6 15788.5 -41756.3 0 0 0
vn 0 0 -1
v 26164.7 15711.2 -41744.8 0 0 0
vn 0 0 -1
v 26265.1 15681.5 -41741.2 0 0 0
vn 0 0 -1
v 26494 15692.8 -41775.5 0 0 0
vn 0 0 -1
v 26546.5 15714.6 -41779.7 0 0 0
vn 0 0 -1
v 26603.4 15726.7 -41731.6 0 0 0
vn 0 0 -1
v 25698.1 16433.2 -41755.8 0 0 0
vn 0 0 -1
v 25683.3 16578.2 -41771.6 0 0 0
vn 0 0 -1
v 25666.1 16719.9 -41767.5 0 0 0
vn 0 0 -1
v 25662.8 16782.9 -41756.7 0 0 0
vn 0 0 -1
v 26086.4 15783.6 -41760.4 0 0 0
vn 0 0 -1
v 26197.1 15788.1 -41810.9 0 0 0
vn 0 0 -1
v 26318.1 15740.3 -41825.4 0 0 0
vn 0 0 -1
v 26410.7 15686.7 -41778.4 0 0 0
vn 0 0 -1
v 26605 15787.2 -41811.3 0 0 0
vn 0 0 -1
v 25756.8 16524.3 -41828.6 0 0 0
vn 0 0 -1
v 25738.3 16658.7 -41832 0 0 0
vn 0 0 -1
v 25737.7 16763.5 -41826.9 0 0 0
vn 0 0 -1
v 26648.6 16796.7 -41770.5 0 0 0
vn 0 0 -1
v 26438.5 15668.1 -41750 0 0 0
vn 0 0 -1
v 26666.3 15892.9 -41797 0 0 0
vn 0 0 -1
v 26769.9 16219.1 -41758.6 0 0 0
vn 0 0 -1
v 25757.8 16850.9 -41744.4 0 0 0
vn 0 0 -1
v 25980.1 16960.3 -41754.4 0 0 0
vn 0 0 -1
v 26777.4 16345.2 -41755.7 0 0 0
vn 0 0 -1
v 26709.4 16588.6 -41779.2 0 0 0
vn 0 0 -1
v 26154.6 16955 -41782.1 0 0 0
vn 0 0 -1
v 26398.2 16921 -41717.4 0 0 0
vn 0 0 -1
v 26651.8 16793.7 -41763.2 0 0 0
vn 0 0 -1
v 26638.5 16806.1 -41748.3 0 0 0
vn 0 0 -1
v 25850.2 16108 -41728.8 0 0 0
vn 0 0 -1
v 25832.4 16120 -41726.5 0 0 0
vn 0 0 -1
v 25870.6 16052.6 -41719.9 0 0 0
vn 0 0 -1
v 25868.3 16087.5 -41735.9 0 0 0
vn 0 0 -1
v 25799.3 16159 -41730.8 0 0 0
vn 0 0 -1
v 25789.9 16172.7 -41731.1 0 0 0
vn 0 0 -1
v 25821.1 16126.3 -41724.9 0 0 0
vn 0 0 -1
v 25804.7 16143.7 -41726 0 0 0
vn 0 0 -1
v 25849.5 16125.3 -41738.9 0 0 0
vn 0 0 -1
v 25886.8 16067.1 -41751.2 0 0 0
vn 0 0 -1
v 25872.3 16124.6 -41749.9 0 0 0
vn 0 0 -1
v 25797.5 16173.9 -41737.4 0 0 0
vn 0 0 -1
v 25828.4 16145.7 -41742.6 0 0 0
vn 0 0 -1
v 25884.8 16144.1 -41759 0 0 0
vn 0 0 -1
v 25773.1 16113.4 -41693 0 0 0
vn 0 0 -1
v 25760.8 16125.6 -41689.8 0 0 0
vn 0 0 -1
v 25793.7 16107.8 -41699.5 0 0 0
vn 0 0 -1
v 25827.3 16081.1 -41696.2 0 0 0
vn 0 0 -1
v 25811.3 16095.2 -41697.8 0 0 0
vn 0 0 -1
v 25840.8 16063.3 -41695.7 0 0 0
vn 0 0 -1
v 25756.9 16157.9 -41699.1 0 0 0
vn 0 0 -1
v 25749.2 16178.6 -41700.7 0 0 0
vn 0 0 -1
v 25854.9 16036.9 -41694.6 0 0 0
vn 0 0 -1
v 25852.3 16041.1 -41696 0 0 0
vn 0 0 -1
v 25779.3 16123.7 -41702.6 0 0 0
vn 0 0 -1
v 25803.2 16126.9 -41716 0 0 0
vn 0 0 -1
v 25830.7 16098.3 -41711 0 0 0
vn 0 0 -1
v 25855.1 16060.3 -41709.4 0 0 0
vn 0 0 -1
v 25843.8 16083.3 -41710.8 0 0 0
vn 0 0 -1
v 25819.5 16115.5 -41716.9 0 0 0
vn 0 0 -1
v 25777 16151 -41712.4 0 0 0
vn 0 0 -1
v 25796 16144.1 -41721.3 0 0 0
vn 0 0 -1
v 25765.7 16183.7 -41717.8 0 0 0
vn 0 0 -1
v 25941.1 15909 -41702.5 0 0 0
vn 0 0 -1
v 25926.5 15941.6 -41701.6 0 0 0
vn 0 0 -1
v 25914.3 15970.6 -41705.1 0 0 0
vn 0 0 -1
v 25875.9 16015.1 -41695.6 0 0 0
vn 0 0 -1
v 25739 16200.6 -41702.2 0 0 0
vn 0 0 -1
v 25714.5 16251.5 -41706.1 0 0 0
vn 0 0 -1
v 25688.6 16289.6 -41701.2 0 0 0
vn 0 0 -1
v 25687.1 16296.1 -41702.8 0 0 0
vn 0 0 -1
v 25657.7 16337.4 -41694.4 0 0 0
vn 0 0 -1
v 25984.7 15886.6 -41729 0 0 0
vn 0 0 -1
v 25965.5 15936.8 -41733.6 0 0 0
vn 0 0 -1
v 25899.9 16028 -41731.1 0 0 0
vn 0 0 -1
v 25745.1 16227.3 -41721.3 0 0 0
vn 0 0 -1
v 25735.1 16274.3 -41735.6 0 0 0
vn 0 0 -1
v 25691 16352.3 -41726.4 0 0 0
vn 0 0 -1
v 25848.3 16021.9 -41667.4 0 0 0
vn 0 0 -1
v 25838.8 16043.9 -41674.3 0 0 0
vn 0 0 -1
v 25826 16061.3 -41671.9 0 0 0
vn 0 0 -1
v 25824.9 16062.4 -41671.8 0 0 0
vn 0 0 -1
v 25769.3 16090.5 -41666 0 0 0
vn 0 0 -1
v 25757.2 16104.6 -41671.5 0 0 0
vn 0 0 -1
v 25805.9 16077.5 -41671.8 0 0 0
vn 0 0 -1
v 25743.3 16119.8 -41671.4 0 0 0
vn 0 0 -1
v 25742.6 16120.9 -41671.2 0 0 0
vn 0 0 -1
v 25826.5 16063.2 -41676.6 0 0 0
vn 0 0 -1
v 25780.1 16097.3 -41682.7 0 0 0
vn 0 0 -1
v 25797.9 16095.2 -41690.8 0 0 0
vn 0 0 -1
v 25741.6 16141.7 -41678.5 0 0 0
vn 0 0 -1
v 25733.1 16177.3 -41686 0 0 0
vn 0 0 -1
v 25842 16017 -41654.5 0 0 0
vn 0 0 -1
v 25827.8 16038.2 -41646.6 0 0 0
vn 0 0 -1
v 25824.6 16060 -41644.9 0 0 0
vn 0 0 -1
v 25770.5 16075.7 -41644.9 0 0 0
vn 0 0 -1
v 25745.3 16092.7 -41646.5 0 0 0
vn 0 0 -1
v 25800.7 16069.8 -41648.4 0 0 0
vn 0 0 -1
v 25742.9 16095.3 -41646.9 0 0 0
vn 0 0 -1
v 25818.9 16064.2 -41647.6 0 0 0
vn 0 0 -1
v 25852.8 16013.2 -41665.5 0 0 0
vn 0 0 -1
v 25824.4 16059.9 -41659.8 0 0 0
vn 0 0 -1
v 25742.5 16118.9 -41669.7 0 0 0
vn 0 0 -1
v 25729.9 16122 -41656.4 0 0 0
vn 0 0 -1
v 25856.5 15991.2 -41657.7 0 0 0
vn 0 0 -1
v 25877.6 15906.9 -41653.1 0 0 0
vn 0 0 -1
v 25874.1 15948.6 -41658.8 0 0 0
vn 0 0 -1
v 25696.6 16169.4 -41650.2 0 0 0
vn 0 0 -1
v 25682.7 16183.4 -41647.3 0 0 0
vn 0 0 -1
v 25639.3 16226.9 -41641.8 0 0 0
vn 0 0 -1
v 25631.1 16244.1 -41643.7 0 0 0
vn 0 0 -1
v 25915.5 15886.9 -41676.5 0 0 0
vn 0 0 -1
v 25912.7 15933.2 -41687 0 0 0
vn 0 0 -1
v 25683.6 16234.6 -41674.1 0 0 0
vn 0 0 -1
v 25654.9 16302.1 -41680.1 0 0 0
vn 0 0 -1
v 25686.6 16288.9 -41699.3 0 0 0
vn 0 0 -1
v 25635.4 16344.6 -41680 0 0 0
vn 0 0 -1
v 25969 15665 -41643.2 0 0 0
vn 0 0 -1
v 25887.6 15810.5 -41642.4 0 0 0
vn 0 0 -1
v 25969.3 15664.7 -41643.1 0 0 0
vn 0 0 -1
v 26621.5 15678.3 -41622.1 0 0 0
vn 0 0 -1
v 26648 15704.2 -41618.6 0 0 0
vn 0 0 -1
v 25591.3 16346.1 -41648.3 0 0 0
vn 0 0 -1
v 25561.8 16493.1 -41652.2 0 0 0
vn 0 0 -1
v 25556.2 16586.7 -41655.4 0 0 0
vn 0 0 -1
v 25550.5 16665.1 -41638.5 0 0 0
vn 0 0 -1
v 25580.7 16764.6 -41626.1 0 0 0
vn 0 0 -1
v 25987.4 15786.2 -41693.3 0 0 0
vn 0 0 -1
v 26081 15687.1 -41685.5 0 0 0
vn 0 0 -1
v 26181.9 15676 -41721.4 0 0 0
vn 0 0 -1
v 26527 15682.9 -41740.4 0 0 0
vn 0 0 -1
v 25638.5 16398.5 -41696.9 0 0 0
vn 0 0 -1
v 25622.7 16539.7 -41711.8 0 0 0
vn 0 0 -1
v 25616.1 16672.6 -41711.8 0 0 0
vn 0 0 -1
v 25650.9 16776.3 -41743.5 0 0 0
vn 0 0 -1
v 25767.7 16027.8 -41615.5 0 0 0
vn 0 0 -1
v 25764.5 16036.5 -41616.7 0 0 0
vn 0 0 -1
v 25784 16010.9 -41618 0 0 0
vn 0 0 -1
v 25748.2 16049.9 -41618 0 0 0
vn 0 0 -1
v 25768.9 16035.1 -41617.6 0 0 0
vn 0 0 -1
v 25800.5 16011.1 -41625.4 0 0 0
vn 0 0 -1
v 25785.1 16031.6 -41623.7 0 0 0
vn 0 0 -1
v 25748.4 16062.2 -41625.3 0 0 0
vn 0 0 -1
v 25767.3 16049.8 -41624.4 0 0 0
vn 0 0 -1
v 25802.1 16060.6 -41640.7 0 0 0
vn 0 0 -1
v 25829.8 16000.7 -41639.5 0 0 0
vn 0 0 -1
v 25824.1 16036.4 -41642.5 0 0 0
vn 0 0 -1
v 25823.7 16060.8 -41644.1 0 0 0
vn 0 0 -1
v 25741.2 16091.6 -41642.7 0 0 0
vn 0 0 -1
v 25743.8 16005.1 -41606.1 0 0 0
vn 0 0 -1
v 25770.9 16001.6 -41612.3 0 0 0
vn 0 0 -1
v 25744 16032.7 -41611 0 0 0
vn 0 0 -1
v 25666.4 15893.2 -41579.8 0 0 0
vn 0 0 -1
v 25659.3 15947.2 -41585.2 0 0 0
vn 0 0 -1
v 25636.2 16006.2 -41587.5 0 0 0
vn 0 0 -1
v 25628.3 16007 -41585.9 0 0 0
vn 0 0 -1
v 25686.5 15903.8 -41586.3 0 0 0
vn 0 0 -1
v 25696.6 15957.5 -41593 0 0 0
vn 0 0 -1
v 25728.1 15911.3 -41595.3 0 0 0
vn 0 0 -1
v 25754.7 15960.7 -41605.2 0 0 0
vn 0 0 -1
v 25707 16013.3 -41600.8 0 0 0
vn 0 0 -1
v 25632.2 16051.6 -41593.3 0 0 0
vn 0 0 -1
v 25710.7 16053 -41611.9 0 0 0
vn 0 0 -1
v 25644.2 16128.3 -41613.9 0 0 0
vn 0 0 -1
v 25689.6 16106.3 -41625.2 0 0 0
vn 0 0 -1
v 25796.2 15906.3 -41614.7 0 0 0
vn 0 0 -1
v 25794.9 15982.4 -41619.5 0 0 0
vn 0 0 -1
v 25854 15884.2 -41636.1 0 0 0
vn 0 0 -1
v 25847.5 15946.3 -41640.5 0 0 0
vn 0 0 -1
v 25636.5 16190.3 -41628.1 0 0 0
vn 0 0 -1
v 25683.3 16166.4 -41640.7 0 0 0
vn 0 0 -1
v 25629.2 16230.5 -41637.8 0 0 0
vn 0 0 -1
v 25598.3 15869.9 -41553.6 0 0 0
vn 0 0 -1
v 25622.9 15938.7 -41574.5 0 0 0
vn 0 0 -1
v 25628.7 16003.3 -41585.5 0 0 0
vn 0 0 -1
v 25520.6 15869.6 -41520.6 0 0 0
vn 0 0 -1
v 25496.3 15926.6 -41522.5 0 0 0
vn 0 0 -1
v 25467.7 16039.6 -41525.1 0 0 0
vn 0 0 -1
v 25451.9 16150.9 -41530.6 0 0 0
vn 0 0 -1
v 25636.2 15732.7 -41520 0 0 0
vn 0 0 -1
v 25574.8 15791.6 -41517.5 0 0 0
vn 0 0 -1
v 25702.3 15683.2 -41527.3 0 0 0
vn 0 0 -1
v 25440 16272.8 -41536.2 0 0 0
vn 0 0 -1
v 25435.2 16363.4 -41539.3 0 0 0
vn 0 0 -1
v 25426.8 16444.3 -41529.6 0 0 0
vn 0 0 -1
v 25452.1 16552.7 -41542 0 0 0
vn 0 0 -1
v 25541 15906.4 -41541.4 0 0 0
vn 0 0 -1
v 25573.6 15995.4 -41566.2 0 0 0
vn 0 0 -1
v 25560.3 16108.6 -41578.6 0 0 0
vn 0 0 -1
v 25635.2 15809.3 -41550.1 0 0 0
vn 0 0 -1
v 25738.6 15679.3 -41540.8 0 0 0
vn 0 0 -1
v 25723.2 15801.7 -41574.8 0 0 0
vn 0 0 -1
v 25861.1 15704.8 -41598.7 0 0 0
vn 0 0 -1
v 25843.1 15813.1 -41622.1 0 0 0
vn 0 0 -1
v 25969.1 15664.6 -41643 0 0 0
vn 0 0 -1
v 26643 15676.8 -41584.4 0 0 0
vn 0 0 -1
v 25558.8 16234.3 -41602.8 0 0 0
vn 0 0 -1
v 25498 16331.1 -41583.2 0 0 0
vn 0 0 -1
v 25497 16447.1 -41592 0 0 0
vn 0 0 -1
v 25527.7 16578.6 -41624.9 0 0 0
vn 0 0 -1
v 25527 16698.9 -41595.6 0 0 0
vn 0 0 -1
v 25522.5 16787.5 -41545.6 0 0 0
vn 0 0 -1
v 25743 15642.5 -41513.3 0 0 0
vn 0 0 -1
v 25955.6 15617.9 -41574.7 0 0 0
vn 0 0 -1
v 26160.4 15580.6 -41578.9 0 0 0
vn 0 0 -1
v 26406.8 15588.5 -41556.8 0 0 0
vn 0 0 -1
v 26620.9 15655.7 -41530.7 0 0 0
vn 0 0 -1
v 26659.4 15695.3 -41509.8 0 0 0
vn 0 0 -1
v 26741.9 15896.4 -41507.9 0 0 0
vn 0 0 -1
v 26795.2 16131.6 -41538.3 0 0 0
vn 0 0 -1
v 25503 16756.8 -41517.2 0 0 0
vn 0 0 -1
v 25530.5 16800.9 -41536.2 0 0 0
vn 0 0 -1
v 25684.6 16911.4 -41509.9 0 0 0
vn 0 0 -1
v 25853.3 16992.1 -41519.9 0 0 0
vn 0 0 -1
v 26016.8 17024.6 -41554.2 0 0 0
vn 0 0 -1
v 26798.5 16346 -41613.1 0 0 0
vn 0 0 -1
v 26764.8 16536.4 -41498.3 0 0 0
vn 0 0 -1
v 26490.7 16916.9 -41517.9 0 0 0
vn 0 0 -1
v 26320.9 16996.7 -41474.1 0 0 0
vn 0 0 -1
v 26676.6 16758.3 -41526 0 0 0
vn 0 0 -1
v 26631.1 16822.4 -41526.8 0 0 0
vn 0 0 -1
v 26152 17031.9 -41487.4 0 0 0
vn 0 0 -1
v 25994.6 16991.5 -41682.8 0 0 0
vn 0 0 -1
v 26169.5 17004.4 -41650 0 0 0
vn 0 0 -1
v 25462.4 15721.6 -41401.4 0 0 0
vn 0 0 -1
v 25416.1 15776.1 -41410.5 0 0 0
vn 0 0 -1
v 25408.6 15789.8 -41408.3 0 0 0
vn 0 0 -1
v 25338 15890.4 -41366.6 0 0 0
vn 0 0 -1
v 25351.6 16019.8 -41423.6 0 0 0
vn 0 0 -1
v 25328.9 16151.2 -41424.4 0 0 0
vn 0 0 -1
v 25314.6 16232.9 -41415.3 0 0 0
vn 0 0 -1
v 25328.9 16312.5 -41425.9 0 0 0
vn 0 0 -1
v 25338.2 16432 -41419.6 0 0 0
vn 0 0 -1
v 25353.5 16542.9 -41394.9 0 0 0
vn 0 0 -1
v 25541.2 15714.3 -41451.5 0 0 0
vn 0 0 -1
v 25478.3 15782.9 -41454.9 0 0 0
vn 0 0 -1
v 25431.7 15892.4 -41462.7 0 0 0
vn 0 0 -1
v 25425.8 15998.2 -41489.9 0 0 0
vn 0 0 -1
v 25403.6 16093.6 -41488.7 0 0 0
vn 0 0 -1
v 25649.9 15664.4 -41480.7 0 0 0
vn 0 0 -1
v 25383.3 16223.4 -41484.1 0 0 0
vn 0 0 -1
v 25399.9 16360.9 -41504.4 0 0 0
vn 0 0 -1
v 25401.9 16484.1 -41495.1 0 0 0
vn 0 0 -1
v 25420.8 16559.8 -41501.4 0 0 0
vn 0 0 -1
v 25403.4 15676.7 -41303.2 0 0 0
vn 0 0 -1
v 25363.4 15767.8 -41319 0 0 0
vn 0 0 -1
v 25298.2 15875 -41310.2 0 0 0
vn 0 0 -1
v 25302.6 16531.2 -41317.6 0 0 0
vn 0 0 -1
v 25307.8 16563.6 -41302.3 0 0 0
vn 0 0 -1
v 25407.9 15680.1 -41314.5 0 0 0
vn 0 0 -1
v 25410.2 15771.4 -41400.4 0 0 0
vn 0 0 -1
v 25293.9 15892.3 -41315.7 0 0 0
vn 0 0 -1
v 25307.1 15980.5 -41356.4 0 0 0
vn 0 0 -1
v 25306.8 16106.8 -41384.8 0 0 0
vn 0 0 -1
v 25303.4 16234.8 -41395 0 0 0
vn 0 0 -1
v 25305.6 16387.7 -41377.2 0 0 0
vn 0 0 -1
v 25320.7 16472.7 -41382.3 0 0 0
vn 0 0 -1
v 25488.8 15640.1 -41308 0 0 0
vn 0 0 -1
v 25748.9 15440.9 -41292.2 0 0 0
vn 0 0 -1
v 25738.6 15448.3 -41303.6 0 0 0
vn 0 0 -1
v 25930.1 15437.3 -41282.1 0 0 0
vn 0 0 -1
v 25290.3 15892.8 -41302.7 0 0 0
vn 0 0 -1
v 25281.4 16111.6 -41290.9 0 0 0
vn 0 0 -1
v 26158.5 15445.6 -41251.3 0 0 0
vn 0 0 -1
v 26320 15481.2 -41316 0 0 0
vn 0 0 -1
v 26435.9 15531 -41300.1 0 0 0
vn 0 0 -1
v 26611.8 15644.9 -41298.6 0 0 0
vn 0 0 -1
v 26667 15718.1 -41265.5 0 0 0
vn 0 0 -1
v 26742.5 15898.7 -41311.2 0 0 0
vn 0 0 -1
v 26791.9 16071.4 -41357.4 0 0 0
vn 0 0 -1
v 25286.7 16373.8 -41315.7 0 0 0
vn 0 0 -1
v 25406.9 16690.9 -41256 0 0 0
vn 0 0 -1
v 25626.1 16909.5 -41344.7 0 0 0
vn 0 0 -1
v 25741 17029.4 -41301.9 0 0 0
vn 0 0 -1
v 25742.2 17029.9 -41301.8 0 0 0
vn 0 0 -1
v 25931.7 17030.5 -41324.9 0 0 0
vn 0 0 -1
v 26783.6 16338 -41323 0 0 0
vn 0 0 -1
v 26715.8 16646.5 -41323.2 0 0 0
vn 0 0 -1
v 26445.6 16935.2 -41321.2 0 0 0
vn 0 0 -1
v 26308.4 16997.4 -41244.5 0 0 0
vn 0 0 -1
v 26660 16778.8 -41331.9 0 0 0
vn 0 0 -1
v 26619.8 16826.3 -41371.9 0 0 0
vn 0 0 -1
v 26214 17028.5 -41337.6 0 0 0
vn 0 0 -1
v 25752.6 15444.4 -41307.7 0 0 0
vn 0 0 -1
v 26037.3 15475.9 -41392 0 0 0
vn 0 0 -1
v 26212.1 15484.9 -41406.5 0 0 0
vn 0 0 -1
v 25744.3 17023.5 -41316.7 0 0 0
vn 0 0 -1
v 25368.3 15707.7 -41214.1 0 0 0
vn 0 0 -1
v 25314.1 15756.3 -41139.8 0 0 0
vn 0 0 -1
v 25311.4 15801.2 -41235.4 0 0 0
vn 0 0 -1
v 25301.1 16554.1 -41259 0 0 0
vn 0 0 -1
v 25360.9 15714 -41061 0 0 0
vn 0 0 -1
v 25310.8 15763.7 -41079.3 0 0 0
vn 0 0 -1
v 25487.5 15606 -41113.7 0 0 0
vn 0 0 -1
v 25780.9 15453.8 -41027.7 0 0 0
vn 0 0 -1
v 25660.3 15495.6 -41108.2 0 0 0
vn 0 0 -1
v 25989.3 15438.6 -41026.2 0 0 0
vn 0 0 -1
v 25286.6 15860.9 -41109.1 0 0 0
vn 0 0 -1
v 25265 16120 -40990.2 0 0 0
vn 0 0 -1
v 26182.1 15444.4 -41080.8 0 0 0
vn 0 0 -1
v 26302.8 15480.8 -41122.9 0 0 0
vn 0 0 -1
v 26502.9 15597.8 -41090.9 0 0 0
vn 0 0 -1
v 26628.1 15675.2 -41070.8 0 0 0
vn 0 0 -1
v 26635.2 15690.9 -41063 0 0 0
vn 0 0 -1
v 26681.3 15860 -41052.8 0 0 0
vn 0 0 -1
v 26755.6 16107.8 -41154.7 0 0 0
vn 0 0 -1
v 25282.2 16403.2 -41071.4 0 0 0
vn 0 0 -1
v 25302 16570.8 -41087.3 0 0 0
vn 0 0 -1
v 25322.7 16609.3 -41100.2 0 0 0
vn 0 0 -1
v 25428.2 16718 -41069.5 0 0 0
vn 0 0 -1
v 25592.7 16862.4 -41102.4 0 0 0
vn 0 0 -1
v 25747.3 16973.5 -41080 0 0 0
vn 0 0 -1
v 25802.1 16989.7 -41071.5 0 0 0
vn 0 0 -1
v 25958.9 17014.9 -41098.9 0 0 0
vn 0 0 -1
v 26707.7 16322 -41003.6 0 0 0
vn 0 0 -1
v 26677.5 16578.9 -41089.4 0 0 0
vn 0 0 -1
v 26400 16884.4 -41068.4 0 0 0
vn 0 0 -1
v 26228.6 16994.9 -41079.1 0 0 0
vn 0 0 -1
v 26621.6 16711.6 -41072.5 0 0 0
vn 0 0 -1
v 26577 16751.3 -41054 0 0 0
vn 0 0 -1
v 26178.4 17018.8 -41122.1 0 0 0
vn 0 0 -1
v 26634.1 15679.2 -41094.9 0 0 0
vn 0 0 -1
v 25758.9 17000.9 -41207.3 0 0 0
vn 0 0 -1
v 26618.6 16768.9 -41199 0 0 0
vn 0 0 -1
v 25595.8 15590.3 -40899 0 0 0
vn 0 0 -1
v 25462.7 15739.9 -40831.6 0 0 0
vn 0 0 -1
v 25969.2 15439.5 -40847 0 0 0
vn 0 0 -1
v 25878.9 15472.3 -40866.2 0 0 0
vn 0 0 -1
v 25742.2 15501.4 -40867.4 0 0 0
vn 0 0 -1
v 25328.5 15849.9 -40897.9 0 0 0
vn 0 0 -1
v 25293.8 15936.6 -40884.7 0 0 0
vn 0 0 -1
v 25293.4 16111.4 -40844.8 0 0 0
vn 0 0 -1
v 26007.7 15464 -40848.2 0 0 0
vn 0 0 -1
v 26212.7 15550 -40841.7 0 0 0
vn 0 0 -1
v 26344.1 15573.8 -40921.1 0 0 0
vn 0 0 -1
v 26529.4 15728.4 -40911.1 0 0 0
vn 0 0 -1
v 26632.4 15890.2 -40854.3 0 0 0
vn 0 0 -1
v 26636.6 15911.4 -40857.8 0 0 0
vn 0 0 -1
v 26676.3 16129.8 -40920.5 0 0 0
vn 0 0 -1
v 25289.9 16288.4 -40881.1 0 0 0
vn 0 0 -1
v 25343.6 16422.6 -40851.4 0 0 0
vn 0 0 -1
v 25426 16612.6 -40855.2 0 0 0
vn 0 0 -1
v 25517.9 16699.5 -40814.5 0 0 0
vn 0 0 -1
v 25580.5 16752.7 -40833.4 0 0 0
vn 0 0 -1
v 25732.8 16885.5 -40950 0 0 0
vn 0 0 -1
v 25985.9 16874.9 -40873.1 0 0 0
vn 0 0 -1
v 26651.1 16315 -40851.7 0 0 0
vn 0 0 -1
v 26612.5 16443.9 -40861.5 0 0 0
vn 0 0 -1
v 26549.8 16581.7 -40852.1 0 0 0
vn 0 0 -1
v 26444.9 16704.2 -40843.3 0 0 0
vn 0 0 -1
v 26375.4 16775.8 -40865.2 0 0 0
vn 0 0 -1
v 26222.8 16902.6 -40947.4 0 0 0
vn 0 0 -1
v 25738.1 15481.4 -40918.8 0 0 0
vn 0 0 -1
v 26185.2 15476.3 -40961.7 0 0 0
vn 0 0 -1
v 26638 15883.5 -40868 0 0 0
vn 0 0 -1
v 25340.7 16586.5 -41007.4 0 0 0
vn 0 0 -1
v 25515 16745.2 -40914.8 0 0 0
vn 0 0 -1
v 25933.5 16981.1 -41015.2 0 0 0
vn 0 0 -1
v 26579.3 16645 -40944.2 0 0 0
vn 0 0 -1
v 26448.2 16763.6 -40904.2 0 0 0
vn 0 0 -1
v 26147.6 16997.3 -41046.7 0 0 0
vn 0 0 -1
v 25500.9 15976.1 -40665.8 0 0 0
vn 0 0 -1
v 25457.5 16168.1 -40676.1 0 0 0
vn 0 0 -1
v 25778.3 15716 -40666.1 0 0 0
vn 0 0 -1
v 25552.8 15875.2 -40653.6 0 0 0
vn 0 0 -1
v 25997.2 15697.6 -40656.7 0 0 0
vn 0 0 -1
v 26170 15738.1 -40668.7 0 0 0
vn 0 0 -1
v 26354.6 15928.4 -40665 0 0 0
vn 0 0 -1
v 26417.3 16122.8 -40624.6 0 0 0
vn 0 0 -1
v 25431.5 16298.8 -40706.5 0 0 0
vn 0 0 -1
v 25507.2 16557.7 -40670.5 0 0 0
vn 0 0 -1
v 25546.5 16604 -40663.1 0 0 0
vn 0 0 -1
v 25801.3 16668.2 -40679.6 0 0 0
vn 0 0 -1
v 26000.5 16669.2 -40674.7 0 0 0
vn 0 0 -1
v 26375.2 16363.1 -40654.6 0 0 0
vn 0 0 -1
v 26309.5 16617.4 -40718.7 0 0 0
vn 0 0 -1
v 26103.7 16654.3 -40676.6 0 0 0
vn 0 0 -1
v 25586.7 15742.2 -40715.6 0 0 0
vn 0 0 -1
v 25969.1 15440.3 -40845.4 0 0 0
vn 0 0 -1
v 25748.7 15631 -40731.3 0 0 0
vn 0 0 -1
v 25942.5 15614.8 -40707.6 0 0 0
vn 0 0 -1
v 25330.9 15947.5 -40815.8 0 0 0
vn 0 0 -1
v 25495.9 15873.9 -40686 0 0 0
vn 0 0 -1
v 25351.6 16097.3 -40767.1 0 0 0
vn 0 0 -1
v 26128.7 15650.4 -40704.4 0 0 0
vn 0 0 -1
v 26322.5 15710 -40756.2 0 0 0
vn 0 0 -1
v 26489.2 15910.3 -40751 0 0 0
vn 0 0 -1
v 26425.3 16117.2 -40628.7 0 0 0
vn 0 0 -1
v 26592.1 16161.8 -40793.7 0 0 0
vn 0 0 -1
v 25334.6 16260.4 -40795 0 0 0
vn 0 0 -1
v 25761.3 16766.3 -40775.7 0 0 0
vn 0 0 -1
v 25937.7 16748.7 -40732.2 0 0 0
vn 0 0 -1
v 26466.8 16312.1 -40685.5 0 0 0
vn 0 0 -1
v 26450.3 16515.8 -40734.4 0 0 0
vn 0 0 -1
v 26631.7 16328.3 -40825.4 0 0 0
vn 0 0 -1
v 26134.7 16748.6 -40756.6 0 0 0
vn 0 0 -1
v 25532.5 16224 -40646.9 0 0 0
vn 0 0 -1
v 25965.4 15968.8 -40629.3 0 0 0
vn 0 0 -1
v 25546.9 16572.4 -40643.2 0 0 0
vn 0 0 -1
v 25985.4 16558 -40646.4 0 0 0
vn 0 0 -1
v 37088.9 29975.5 -18741.9 0 0 0
vn 0 0 -1
v 37323.5 30011.2 -18740.1 0 0 0
vn 0 0 -1
v 21461.6 39658.9 -18741.3 0 0 0
vn 0 0 -1
v 21311.9 39548.8 -18718.9 0 0 0
vn 0 0 -1
v 22343.3 39478.5 -18730.8 0 0 0
vn 0 0 -1
v 23196.6 39677.6 -18741.9 0 0 0
vn 0 0 -1
v 23422.2 39500.9 -18705 0 0 0
vn 0 0 -1
v 31455 38518 -18712.2 0 0 0
vn 0 0 -1
v 34237.1 29557.1 -18711 0 0 0
vn 0 0 -1
v 31091.2 38955.5 -18729 0 0 0
vn 0 0 -1
v 33916.2 29958.7 -18720.1 0 0 0
vn 0 0 -1
v 35169.2 29462.8 -18701.4 0 0 0
vn 0 0 -1
v 33923.9 30850.3 -18750.3 0 0 0
vn 0 0 -1
v 30561.1 39590.5 -18747.3 0 0 0
vn 0 0 -1
v 33808.7 31613.2 -18735.7 0 0 0
vn 0 0 -1
v 33685.1 32633.6 -18700.8 0 0 0
vn 0 0 -1
v 30382.4 39523.5 -18713.4 0 0 0
vn 0 0 -1
v 35945.3 29649.5 -18729 0 0 0
vn 0 0 -1
v 36491.5 29777.6 -18720.7 0 0 0
vn 0 0 -1
v 33757.5 33702.6 -18727.9 0 0 0
vn 0 0 -1
v 33719.1 34595.6 -18752.7 0 0 0
vn 0 0 -1
v 33204.7 36010.6 -18721.9 0 0 0
vn 0 0 -1
v 33134.3 36245.4 -18733.1 0 0 0
vn 0 0 -1
v 33618 35293 -18772.1 0 0 0
vn 0 0 -1
v 32896.7 36972.9 -18773.9 0 0 0
vn 0 0 -1
v 32382.3 37578 -18736.3 0 0 0
vn 0 0 -1
v 31970.7 38005.3 -18717.7 0 0 0
vn 0 0 -1
v 21473.8 39669.4 -18742.7 0 0 0
vn 0 0 -1
v 36120.3 36456.6 -19339.8 0 0 0
vn 0 0 -1
v 22333.2 39540.5 -18740.4 0 0 0
vn 0 0 -1
v 36148.5 37357.3 -19396.9 0 0 0
vn 0 0 -1
v 23185 39686.2 -18743.4 0 0 0
vn 0 0 -1
v 34440.7 29915.8 -18753.6 0 0 0
vn 0 0 -1
v 35271.3 29955.2 -18777.6 0 0 0
vn 0 0 -1
v 36168 38267.5 -19441.5 0 0 0
vn 0 0 -1
v 34305.4 30708.7 -18789.8 0 0 0
vn 0 0 -1
v 35123.2 30658.7 -18842.4 0 0 0
vn 0 0 -1
v 34268.6 31575.6 -18810.7 0 0 0
vn 0 0 -1
v 35096.6 31595.8 -18906.8 0 0 0
vn 0 0 -1
v 34266.6 32517.5 -18824.8 0 0 0
vn 0 0 -1
v 35088.2 37992.4 -19310 0 0 0
vn 0 0 -1
v 35927.3 38045.4 -19409.1 0 0 0
vn 0 0 -1
v 35090.9 32514 -18952.8 0 0 0
vn 0 0 -1
v 35137.7 38835.7 -19363.7 0 0 0
vn 0 0 -1
v 35975.5 38883.9 -19447.1 0 0 0
vn 0 0 -1
v 35896.9 29763.3 -18751.4 0 0 0
vn 0 0 -1
v 36280.3 39100.7 -19479.1 0 0 0
vn 0 0 -1
v 36083.4 30463.8 -18840.6 0 0 0
vn 0 0 -1
v 35358.6 39076.5 -19396.5 0 0 0
vn 0 0 -1
v 36845.1 30457.8 -18833.8 0 0 0
vn 0 0 -1
v 36191.7 39188.9 -19474.5 0 0 0
vn 0 0 -1
v 36311.4 39220.1 -19484.9 0 0 0
vn 0 0 -1
v 37145.4 30634 -18855.2 0 0 0
vn 0 0 -1
v 36011.1 31582.6 -18966.1 0 0 0
vn 0 0 -1
v 36952.6 31455.2 -18978.2 0 0 0
vn 0 0 -1
v 35998.1 32518.1 -19046.8 0 0 0
vn 0 0 -1
v 36851.8 32471.7 -19094.7 0 0 0
vn 0 0 -1
v 37166.1 31536.8 -18992.8 0 0 0
vn 0 0 -1
v 37118.2 32236 -19078.7 0 0 0
vn 0 0 -1
v 31400.6 38880.6 -18777.3 0 0 0
vn 0 0 -1
v 30551.8 39622.1 -18751 0 0 0
vn 0 0 -1
v 31286.1 39151.1 -18801.3 0 0 0
vn 0 0 -1
v 34224.3 33491.6 -18836.8 0 0 0
vn 0 0 -1
v 35056.7 33434.2 -18988.5 0 0 0
vn 0 0 -1
v 34105.9 34241.7 -18837.1 0 0 0
vn 0 0 -1
v 34862.4 34472.6 -19006.7 0 0 0
vn 0 0 -1
v 33222.4 36240.6 -18758.2 0 0 0
vn 0 0 -1
v 34158.1 34969.5 -18888 0 0 0
vn 0 0 -1
v 34826.3 35367.7 -19059.2 0 0 0
vn 0 0 -1
v 33878.4 36009.5 -18903.5 0 0 0
vn 0 0 -1
v 35013.7 36129.6 -19152.8 0 0 0
vn 0 0 -1
v 35985.8 33425.8 -19110 0 0 0
vn 0 0 -1
v 36834.1 33365.9 -19178.5 0 0 0
vn 0 0 -1
v 35851.8 34343.2 -19155.4 0 0 0
vn 0 0 -1
v 36548.5 33958.7 -19202.3 0 0 0
vn 0 0 -1
v 37068.7 33168.4 -19174.9 0 0 0
vn 0 0 -1
v 36982.6 33569.9 -19206.4 0 0 0
vn 0 0 -1
v 35607.8 35301.5 -19188.6 0 0 0
vn 0 0 -1
v 36072.6 35281.5 -19252 0 0 0
vn 0 0 -1
v 35849.4 36217.8 -19289 0 0 0
vn 0 0 -1
v 33369.9 36852.8 -18880 0 0 0
vn 0 0 -1
v 32317 37957.5 -18793.9 0 0 0
vn 0 0 -1
v 33007.3 37730.4 -18912.9 0 0 0
vn 0 0 -1
v 34103.2 37011.1 -19061.3 0 0 0
vn 0 0 -1
v 35074.5 37074.6 -19241.1 0 0 0
vn 0 0 -1
v 34174.5 37952.9 -19169 0 0 0
vn 0 0 -1
v 32127.4 38592.2 -18861.4 0 0 0
vn 0 0 -1
v 33285.7 38795.2 -19098 0 0 0
vn 0 0 -1
v 32613.3 39012.7 -19007.2 0 0 0
vn 0 0 -1
v 33536.6 39049 -19163.1 0 0 0
vn 0 0 -1
v 34228.3 38828.4 -19249.8 0 0 0
vn 0 0 -1
v 34448.6 39059.3 -19293.2 0 0 0
vn 0 0 -1
v 35915.7 37134.2 -19358.3 0 0 0
vn 0 0 -1
v 24058.5 36182.3 -17837.8 0 0 0
vn 0 0 -1
v 25937.3 24893.6 -17715.9 0 0 0
vn 0 0 -1
v 25333.5 25330.3 -17795.6 0 0 0
vn 0 0 -1
v 24253.6 36304.3 -17840.7 0 0 0
vn 0 0 -1
v 26643.3 24774.6 -17736.5 0 0 0
vn 0 0 -1
v 25014.5 25418.3 -17785.4 0 0 0
vn 0 0 -1
v 27545.7 24723.8 -17765.9 0 0 0
vn 0 0 -1
v 24543.4 26276.3 -17785.6 0 0 0
vn 0 0 -1
v 28772 24701.6 -17774.6 0 0 0
vn 0 0 -1
v 24575.8 27203.4 -17806 0 0 0
vn 0 0 -1
v 30988.3 32413.7 -17892.1 0 0 0
vn 0 0 -1
v 29838 24732.4 -17764.6 0 0 0
vn 0 0 -1
v 24660.6 27983.4 -17730.1 0 0 0
vn 0 0 -1
v 25212.7 28354.6 -17771.7 0 0 0
vn 0 0 -1
v 25889.4 28737.4 -17816 0 0 0
vn 0 0 -1
v 26113.4 28810.2 -17826.6 0 0 0
vn 0 0 -1
v 26940.2 29334 -17816.1 0 0 0
vn 0 0 -1
v 27781.8 29785.6 -17834.7 0 0 0
vn 0 0 -1
v 27797.2 29800.5 -17833 0 0 0
vn 0 0 -1
v 31114.6 33242 -17859.8 0 0 0
vn 0 0 -1
v 28742.6 30215.6 -17859 0 0 0
vn 0 0 -1
v 29373.8 30742.1 -17826.8 0 0 0
vn 0 0 -1
v 31078.3 34387.2 -17822.7 0 0 0
vn 0 0 -1
v 29691.6 30871.8 -17852 0 0 0
vn 0 0 -1
v 30962.7 35341.8 -17838.7 0 0 0
vn 0 0 -1
v 30489.9 31615.2 -17841.1 0 0 0
vn 0 0 -1
v 30952.3 36019.6 -17936.4 0 0 0
vn 0 0 -1
v 30546 31661.9 -17846.2 0 0 0
vn 0 0 -1
v 24927.4 36744.1 -17861.8 0 0 0
vn 0 0 -1
v 19622 34237.4 -17790.8 0 0 0
vn 0 0 -1
v 25549.9 37065.4 -17872.8 0 0 0
vn 0 0 -1
v 26158.6 37264.7 -17865.2 0 0 0
vn 0 0 -1
v 32292.5 25212.4 -17806.5 0 0 0
vn 0 0 -1
v 27119.7 37443.9 -17875.8 0 0 0
vn 0 0 -1
v 27759.9 37476.3 -17872.2 0 0 0
vn 0 0 -1
v 28537.2 37516.3 -17913.1 0 0 0
vn 0 0 -1
v 29440.9 37175.3 -17846.6 0 0 0
vn 0 0 -1
v 32360.5 25269 -17822.8 0 0 0
vn 0 0 -1
v 33488.8 25682.4 -17760.2 0 0 0
vn 0 0 -1
v 30475.1 36556.9 -17906.6 0 0 0
vn 0 0 -1
v 29828.9 37093.6 -17896.8 0 0 0
vn 0 0 -1
v 34052.9 25949.6 -17791.6 0 0 0
vn 0 0 -1
v 30742.3 24804.3 -17723.1 0 0 0
vn 0 0 -1
v 34531.9 26155.8 -17763.7 0 0 0
vn 0 0 -1
v 35348.4 26490.2 -17765.8 0 0 0
vn 0 0 -1
v 31547.2 24910.8 -17687 0 0 0
vn 0 0 -1
v 35878.4 26765.3 -17800.8 0 0 0
vn 0 0 -1
v 36500.9 27047.5 -17806.4 0 0 0
vn 0 0 -1
v 37067.3 27246.3 -17824.8 0 0 0
vn 0 0 -1
v 37268.1 27308.3 -17826.3 0 0 0
vn 0 0 -1
v 19322.2 34270.6 -17768.5 0 0 0
vn 0 0 -1
v 20112.4 34399.2 -17819.2 0 0 0
vn 0 0 -1
v 18725.1 34735.2 -17788.3 0 0 0
vn 0 0 -1
v 18213.3 35437.4 -17785.2 0 0 0
vn 0 0 -1
v 18050.8 36432.8 -17854.4 0 0 0
vn 0 0 -1
v 20668.9 34489.5 -17815 0 0 0
vn 0 0 -1
v 21682.7 34768.8 -17784.4 0 0 0
vn 0 0 -1
v 22274.2 35058 -17804.8 0 0 0
vn 0 0 -1
v 22616.7 35134.2 -17771.4 0 0 0
vn 0 0 -1
v 23270.7 35643.8 -17814.5 0 0 0
vn 0 0 -1
v 17786.3 37067.8 -17829 0 0 0
vn 0 0 -1
v 17776.4 37266.9 -17808.5 0 0 0
vn 0 0 -1
v 17649.8 38238.1 -17755.6 0 0 0
vn 0 0 -1
v 17598.8 39094.8 -17739.2 0 0 0
vn 0 0 -1
v 17685.7 39529.5 -17807.9 0 0 0
vn 0 0 -1
v 22391 36045 -18054.3 0 0 0
vn 0 0 -1
v 19607.4 34344.6 -17822.7 0 0 0
vn 0 0 -1
v 23207.1 36478.6 -18062.4 0 0 0
vn 0 0 -1
v 22334 37077.6 -18316.6 0 0 0
vn 0 0 -1
v 23008.3 37257 -18291.8 0 0 0
vn 0 0 -1
v 23855 36919.9 -18085.1 0 0 0
vn 0 0 -1
v 22372.5 37936.1 -18490.5 0 0 0
vn 0 0 -1
v 23161.1 37977.7 -18437 0 0 0
vn 0 0 -1
v 26244 25311.1 -17878.9 0 0 0
vn 0 0 -1
v 24093.2 37996.1 -18339.2 0 0 0
vn 0 0 -1
v 27158.8 25313.2 -17948.4 0 0 0
vn 0 0 -1
v 20523.3 37926.1 -18474.7 0 0 0
vn 0 0 -1
v 21492.7 37604.1 -18463 0 0 0
vn 0 0 -1
v 28112.1 25348.2 -18006.4 0 0 0
vn 0 0 -1
v 20427.7 38880.1 -18566.3 0 0 0
vn 0 0 -1
v 21544.4 38902.1 -18646.8 0 0 0
vn 0 0 -1
v 28921.2 25404.5 -18049.7 0 0 0
vn 0 0 -1
v 22512 38728.9 -18621.2 0 0 0
vn 0 0 -1
v 29504.2 25178.2 -17976.2 0 0 0
vn 0 0 -1
v 20218.4 39125.8 -18555.3 0 0 0
vn 0 0 -1
v 30294.4 25292.1 -17980.3 0 0 0
vn 0 0 -1
v 31458.6 25408.6 -17941.1 0 0 0
vn 0 0 -1
v 23253.6 39044 -18635.5 0 0 0
vn 0 0 -1
v 24214.2 38911.2 -18549 0 0 0
vn 0 0 -1
v 24424.4 39140.1 -18588.4 0 0 0
vn 0 0 -1
v 25256.7 26119.8 -17893 0 0 0
vn 0 0 -1
v 26035.4 26132.3 -17987.7 0 0 0
vn 0 0 -1
v 25081.6 27087.1 -17889.9 0 0 0
vn 0 0 -1
v 25927.1 27053.9 -17999.9 0 0 0
vn 0 0 -1
v 26949.1 26144.3 -18080.7 0 0 0
vn 0 0 -1
v 27870.4 26144.7 -18153.2 0 0 0
vn 0 0 -1
v 26868.1 27051 -18112.3 0 0 0
vn 0 0 -1
v 27801.9 27054.4 -18209.2 0 0 0
vn 0 0 -1
v 25008.4 27857.3 -17825.1 0 0 0
vn 0 0 -1
v 25684.4 28072.9 -17889.7 0 0 0
vn 0 0 -1
v 26714.6 28173.8 -18002.7 0 0 0
vn 0 0 -1
v 27764.9 27997.6 -18149.5 0 0 0
vn 0 0 -1
v 26862 28915.6 -17904.2 0 0 0
vn 0 0 -1
v 27626 29157.6 -17948.8 0 0 0
vn 0 0 -1
v 28762.4 26112.5 -18196.5 0 0 0
vn 0 0 -1
v 29748 25946.7 -18180.1 0 0 0
vn 0 0 -1
v 28713.4 27052.8 -18283.7 0 0 0
vn 0 0 -1
v 29640.3 27029.8 -18332.5 0 0 0
vn 0 0 -1
v 30709.3 25997.6 -18180.7 0 0 0
vn 0 0 -1
v 31312.1 26299.7 -18234.6 0 0 0
vn 0 0 -1
v 30737.1 26871.7 -18344.8 0 0 0
vn 0 0 -1
v 31750.5 26971.7 -18359.4 0 0 0
vn 0 0 -1
v 28693.9 27967.3 -18255.9 0 0 0
vn 0 0 -1
v 29614.6 27965 -18344.4 0 0 0
vn 0 0 -1
v 28606.1 28931.9 -18115.2 0 0 0
vn 0 0 -1
v 29580.6 28877.9 -18249.4 0 0 0
vn 0 0 -1
v 30558.9 27964.5 -18417.1 0 0 0
vn 0 0 -1
v 31516.7 27924.3 -18466.8 0 0 0
vn 0 0 -1
v 30526.6 28875.3 -18371.5 0 0 0
vn 0 0 -1
v 31449.3 28874.5 -18476.2 0 0 0
vn 0 0 -1
v 27792.8 29787.1 -17836 0 0 0
vn 0 0 -1
v 28313.5 29681.2 -17928.9 0 0 0
vn 0 0 -1
v 29400.1 30069.3 -17995.1 0 0 0
vn 0 0 -1
v 29631.5 30735.2 -17871.9 0 0 0
vn 0 0 -1
v 30497.8 29828.7 -18235.8 0 0 0
vn 0 0 -1
v 31434.7 29786.2 -18405.6 0 0 0
vn 0 0 -1
v 30319.8 30931.5 -17975.5 0 0 0
vn 0 0 -1
v 31395.5 30728.7 -18272 0 0 0
vn 0 0 -1
v 36888.3 29000.4 -18488.2 0 0 0
vn 0 0 -1
v 18866.5 35423.9 -17933.4 0 0 0
vn 0 0 -1
v 30529.4 31617.5 -17848.7 0 0 0
vn 0 0 -1
v 37129.1 29168 -18523.1 0 0 0
vn 0 0 -1
v 31158 31785.9 -18033.2 0 0 0
vn 0 0 -1
v 18735.7 36177.7 -18006.8 0 0 0
vn 0 0 -1
v 37030.3 29675 -18674.2 0 0 0
vn 0 0 -1
v 31514.1 32844.8 -18020.5 0 0 0
vn 0 0 -1
v 37277.8 29820.4 -18699.6 0 0 0
vn 0 0 -1
v 32065.2 26207.2 -18160.4 0 0 0
vn 0 0 -1
v 19618.7 34939.5 -17928.8 0 0 0
vn 0 0 -1
v 32988.1 26203.1 -18059.1 0 0 0
vn 0 0 -1
v 32498.7 26855.8 -18302.3 0 0 0
vn 0 0 -1
v 33240.8 27015.9 -18276 0 0 0
vn 0 0 -1
v 20429.1 34961.6 -17950.9 0 0 0
vn 0 0 -1
v 33922.5 26186.9 -17919.8 0 0 0
vn 0 0 -1
v 34067 27030.5 -18184.8 0 0 0
vn 0 0 -1
v 31585.1 33696.3 -17997 0 0 0
vn 0 0 -1
v 19608.3 36081.3 -18130 0 0 0
vn 0 0 -1
v 34869 27055.6 -18083.1 0 0 0
vn 0 0 -1
v 31589.8 34445.4 -18000.8 0 0 0
vn 0 0 -1
v 20513.9 35756.9 -18117.5 0 0 0
vn 0 0 -1
v 32568.2 27736.7 -18458.4 0 0 0
vn 0 0 -1
v 31335.8 35263.1 -17964 0 0 0
vn 0 0 -1
v 33500.4 27719.1 -18423.8 0 0 0
vn 0 0 -1
v 32386.4 28878.3 -18554.5 0 0 0
vn 0 0 -1
v 31621.1 35969.6 -18172.8 0 0 0
vn 0 0 -1
v 33544.6 28875 -18601.7 0 0 0
vn 0 0 -1
v 21138.1 35225 -17971.8 0 0 0
vn 0 0 -1
v 24786.4 37061.8 -17982.6 0 0 0
vn 0 0 -1
v 34218.1 27927.4 -18415.2 0 0 0
vn 0 0 -1
v 24973.5 37972.5 -18233.5 0 0 0
vn 0 0 -1
v 35078.2 27978.9 -18353.4 0 0 0
vn 0 0 -1
v 22129.5 35261.6 -17884.2 0 0 0
vn 0 0 -1
v 25765.9 37963.1 -18149.6 0 0 0
vn 0 0 -1
v 34536.9 28809 -18591.4 0 0 0
vn 0 0 -1
v 26609.3 38012.3 -18106.4 0 0 0
vn 0 0 -1
v 35265.6 28701 -18533.8 0 0 0
vn 0 0 -1
v 21398.2 36077.6 -18156 0 0 0
vn 0 0 -1
v 27666.6 37948.3 -18052.5 0 0 0
vn 0 0 -1
v 25086.8 38848.3 -18472.3 0 0 0
vn 0 0 -1
v 25971.6 38836.2 -18411.5 0 0 0
vn 0 0 -1
v 25325.2 39077.4 -18519.4 0 0 0
vn 0 0 -1
v 26233 39069.2 -18469.1 0 0 0
vn 0 0 -1
v 26878.6 38841.8 -18375.1 0 0 0
vn 0 0 -1
v 27821.9 38848 -18371.7 0 0 0
vn 0 0 -1
v 27146 39071.8 -18444 0 0 0
vn 0 0 -1
v 28062.7 39079.8 -18452.5 0 0 0
vn 0 0 -1
v 28473.6 38166.3 -18155.2 0 0 0
vn 0 0 -1
v 29320.3 37897.7 -18123.2 0 0 0
vn 0 0 -1
v 30530.8 37085.2 -18069.3 0 0 0
vn 0 0 -1
v 35723 27078.2 -17966.2 0 0 0
vn 0 0 -1
v 31485.6 37083.2 -18364.7 0 0 0
vn 0 0 -1
v 30677.6 38122.2 -18434.5 0 0 0
vn 0 0 -1
v 35913.5 27954.7 -18249.2 0 0 0
vn 0 0 -1
v 31446.7 38022.2 -18594.4 0 0 0
vn 0 0 -1
v 36725.1 27950.8 -18151.3 0 0 0
vn 0 0 -1
v 28687 38858.1 -18405.7 0 0 0
vn 0 0 -1
v 36036.3 29006.9 -18554 0 0 0
vn 0 0 -1
v 29706.1 39060.9 -18544.1 0 0 0
vn 0 0 -1
v 28989.5 39156.2 -18515.6 0 0 0
vn 0 0 -1
v 37089.4 27976 -18118 0 0 0
vn 0 0 -1
v 29659.7 39280.9 -18594.3 0 0 0
vn 0 0 -1
v 30488.7 39175.8 -18664.7 0 0 0
vn 0 0 -1
v 32357.8 29744.1 -18546.8 0 0 0
vn 0 0 -1
v 32344.2 32554.9 -18321.2 0 0 0
vn 0 0 -1
v 18483.6 37082.7 -18026.2 0 0 0
vn 0 0 -1
v 32292.3 33440.6 -18259.3 0 0 0
vn 0 0 -1
v 33036.8 32369.7 -18537.4 0 0 0
vn 0 0 -1
v 33136.2 33136.9 -18543.1 0 0 0
vn 0 0 -1
v 32135 34154.3 -18198.9 0 0 0
vn 0 0 -1
v 33080.3 34216.4 -18536.4 0 0 0
vn 0 0 -1
v 32328.1 35212.2 -18336.1 0 0 0
vn 0 0 -1
v 33335.5 35119.4 -18673 0 0 0
vn 0 0 -1
v 32447.5 36262.6 -18514.8 0 0 0
vn 0 0 -1
v 17912.7 38166 -17886.5 0 0 0
vn 0 0 -1
v 18646 38031.9 -18130 0 0 0
vn 0 0 -1
v 19603.6 37045.8 -18260.8 0 0 0
vn 0 0 -1
v 32525.3 36899.9 -18651.9 0 0 0
vn 0 0 -1
v 20690.9 36858.3 -18325.7 0 0 0
vn 0 0 -1
v 19583.8 38007.6 -18356.8 0 0 0
vn 0 0 -1
v 17907 38898.8 -17896.2 0 0 0
vn 0 0 -1
v 18642.1 38845.8 -18164.3 0 0 0
vn 0 0 -1
v 17761.5 39494.1 -17847.6 0 0 0
vn 0 0 -1
v 18444.2 39139.4 -18104.3 0 0 0
vn 0 0 -1
v 19540.3 38849.1 -18410.7 0 0 0
vn 0 0 -1
v 19332.2 39077.4 -18370.7 0 0 0
vn 0 0 -1
v 21613.2 36841.2 -18317.3 0 0 0
vn 0 0 -1
v 33110.5 29627.9 -18632.8 0 0 0
vn 0 0 -1
v 32343.7 30691 -18483.8 0 0 0
vn 0 0 -1
v 33310.9 30608.7 -18657.5 0 0 0
vn 0 0 -1
v 32349.2 31649.2 -18399.7 0 0 0
vn 0 0 -1
v 33179.3 31651.1 -18604.2 0 0 0
vn 0 0 -1
v 21398.8 33409.6 -17367.2 0 0 0
vn 0 0 -1
v 23234.1 27971.1 -17377.7 0 0 0
vn 0 0 -1
v 21424.3 33419.3 -17363.7 0 0 0
vn 0 0 -1
v 23240.6 27976.5 -17378.7 0 0 0
vn 0 0 -1
v 23293.1 34211.5 -17339.2 0 0 0
vn 0 0 -1
v 23618.4 28373.4 -17385.2 0 0 0
vn 0 0 -1
v 23691.8 28480.3 -17375.1 0 0 0
vn 0 0 -1
v 23450.1 34350.3 -17371.4 0 0 0
vn 0 0 -1
v 24082.2 28891.3 -17364 0 0 0
vn 0 0 -1
v 24192.1 28981.9 -17370.2 0 0 0
vn 0 0 -1
v 24585.2 29288.3 -17381.9 0 0 0
vn 0 0 -1
v 24623.3 29317.6 -17383.5 0 0 0
vn 0 0 -1
v 19712.1 33080.8 -17331 0 0 0
vn 0 0 -1
v 24983.7 29752 -17362.6 0 0 0
vn 0 0 -1
v 20207.7 33148.3 -17333.5 0 0 0
vn 0 0 -1
v 25061 29803 -17375.2 0 0 0
vn 0 0 -1
v 20589.4 33168.4 -17308 0 0 0
vn 0 0 -1
v 21038.8 33317 -17342.4 0 0 0
vn 0 0 -1
v 26598.5 30709.4 -17387.1 0 0 0
vn 0 0 -1
v 26828.9 30883.7 -17381.1 0 0 0
vn 0 0 -1
v 23237.2 27969.8 -17379.4 0 0 0
vn 0 0 -1
v 21378.3 33431.4 -17380.7 0 0 0
vn 0 0 -1
v 23623.6 28072.5 -17455.1 0 0 0
vn 0 0 -1
v 23689.4 28407.1 -17400.2 0 0 0
vn 0 0 -1
v 23196.6 34446.8 -17448.6 0 0 0
vn 0 0 -1
v 24110.9 27992 -17599.4 0 0 0
vn 0 0 -1
v 24023.9 28476.7 -17468.7 0 0 0
vn 0 0 -1
v 24190.1 28918.7 -17391.2 0 0 0
vn 0 0 -1
v 24676.7 28924.6 -17510 0 0 0
vn 0 0 -1
v 25089.6 28886.5 -17619.1 0 0 0
vn 0 0 -1
v 25048.3 29377.9 -17477 0 0 0
vn 0 0 -1
v 19560 33642.8 -17570.7 0 0 0
vn 0 0 -1
v 25062 29783.1 -17382.7 0 0 0
vn 0 0 -1
v 20009.6 33612.5 -17550.8 0 0 0
vn 0 0 -1
v 20551.6 33386.9 -17426.7 0 0 0
vn 0 0 -1
v 26885.3 30714.5 -17437.5 0 0 0
vn 0 0 -1
v 20992.5 33527.2 -17448 0 0 0
vn 0 0 -1
v 25606.7 31667.4 -16899.2 0 0 0
vn 0 0 -1
v 25709.4 31788.2 -16907.2 0 0 0
vn 0 0 -1
v 25799.5 31836 -16922.6 0 0 0
vn 0 0 -1
v 25946.1 32026.5 -16915.9 0 0 0
vn 0 0 -1
v 25721.6 31648.3 -16942.6 0 0 0
vn 0 0 -1
v 25961.6 31636.9 -17010.3 0 0 0
vn 0 0 -1
v 26018.8 31904.6 -16961.9 0 0 0
vn 0 0 -1
v 21416.7 32784.5 -16910.7 0 0 0
vn 0 0 -1
v 21835.7 32898 -16912.4 0 0 0
vn 0 0 -1
v 22066.9 32993.6 -16926.2 0 0 0
vn 0 0 -1
v 22208.1 27931.4 -16924.5 0 0 0
vn 0 0 -1
v 22411.3 33036.3 -16883 0 0 0
vn 0 0 -1
v 22318.7 28063.2 -16921.4 0 0 0
vn 0 0 -1
v 22630.9 28362.2 -16947.6 0 0 0
vn 0 0 -1
v 22714.7 28596.8 -16887.2 0 0 0
vn 0 0 -1
v 22789.7 33199.7 -16908.8 0 0 0
vn 0 0 -1
v 23010.5 28905.2 -16907.4 0 0 0
vn 0 0 -1
v 18672.6 32058.3 -16920.5 0 0 0
vn 0 0 -1
v 23178.3 33381.9 -16941.8 0 0 0
vn 0 0 -1
v 18710.2 32066.1 -16917.1 0 0 0
vn 0 0 -1
v 19152 32206.8 -16903.4 0 0 0
vn 0 0 -1
v 19660 32398.9 -16931.7 0 0 0
vn 0 0 -1
v 23469.4 33436.1 -16928.2 0 0 0
vn 0 0 -1
v 19996.9 32471.7 -16919.4 0 0 0
vn 0 0 -1
v 20221 32517.3 -16908.8 0 0 0
vn 0 0 -1
v 23745.6 33470.6 -16912.7 0 0 0
vn 0 0 -1
v 23285.1 29194.1 -16922.2 0 0 0
vn 0 0 -1
v 23383.6 29403.6 -16881.2 0 0 0
vn 0 0 -1
v 24192.5 33592.4 -16931.3 0 0 0
vn 0 0 -1
v 23635 29596.6 -16904.1 0 0 0
vn 0 0 -1
v 23888.8 29812.4 -16912 0 0 0
vn 0 0 -1
v 24128.3 30014.8 -16915.3 0 0 0
vn 0 0 -1
v 20577.1 32564.7 -16885 0 0 0
vn 0 0 -1
v 24398.7 30246.5 -16916.7 0 0 0
vn 0 0 -1
v 20950.6 32690.5 -16918.8 0 0 0
vn 0 0 -1
v 24600.8 30423.7 -16919.4 0 0 0
vn 0 0 -1
v 24867.5 30692.8 -16915.5 0 0 0
vn 0 0 -1
v 25064.3 30895.1 -16916.3 0 0 0
vn 0 0 -1
v 25346.4 31211 -16921.5 0 0 0
vn 0 0 -1
v 25541.3 31487.3 -16918.2 0 0 0
vn 0 0 -1
v 26017.1 32090.6 -16919.1 0 0 0
vn 0 0 -1
v 26365.8 32530.3 -16913.7 0 0 0
vn 0 0 -1
v 24600.2 33635.9 -16915.9 0 0 0
vn 0 0 -1
v 25059.3 33670 -16898.3 0 0 0
vn 0 0 -1
v 25590.9 33684 -16888.7 0 0 0
vn 0 0 -1
v 25985.5 33733.4 -16912.1 0 0 0
vn 0 0 -1
v 26428 32546.8 -16924.3 0 0 0
vn 0 0 -1
v 26692.7 32987.5 -16944.4 0 0 0
vn 0 0 -1
v 26592.1 33376 -16930.2 0 0 0
vn 0 0 -1
v 26346.2 33610.8 -16920.7 0 0 0
vn 0 0 -1
v 22309.5 27958.2 -16961 0 0 0
vn 0 0 -1
v 22702.9 28082.7 -17083.4 0 0 0
vn 0 0 -1
v 22752.3 28395.3 -16994.3 0 0 0
vn 0 0 -1
v 23200.2 28452.4 -17176.5 0 0 0
vn 0 0 -1
v 21486 33142 -17149.6 0 0 0
vn 0 0 -1
v 23249.2 28894.3 -17029.3 0 0 0
vn 0 0 -1
v 21854.4 33007.9 -16981.1 0 0 0
vn 0 0 -1
v 23584.8 28944 -17151.1 0 0 0
vn 0 0 -1
v 18669.2 32074.5 -16928.3 0 0 0
vn 0 0 -1
v 21817.4 33321 -17174.6 0 0 0
vn 0 0 -1
v 18804 32335.1 -17023.2 0 0 0
vn 0 0 -1
v 19395.7 32616.6 -17107.8 0 0 0
vn 0 0 -1
v 19637.6 32560 -17045.3 0 0 0
vn 0 0 -1
v 22402.1 33285 -17030 0 0 0
vn 0 0 -1
v 19943.2 32551.5 -16985.8 0 0 0
vn 0 0 -1
v 23564.7 29316.9 -16994.5 0 0 0
vn 0 0 -1
v 22951.9 33466.5 -17025.6 0 0 0
vn 0 0 -1
v 24020.9 29382.1 -17143 0 0 0
vn 0 0 -1
v 24124.1 29816.9 -17001 0 0 0
vn 0 0 -1
v 23207.7 33444.7 -16970.7 0 0 0
vn 0 0 -1
v 19712.5 32795.1 -17182.5 0 0 0
vn 0 0 -1
v 20010.6 32882 -17194.9 0 0 0
vn 0 0 -1
v 20481.9 32889.7 -17135.3 0 0 0
vn 0 0 -1
v 23231.4 33731.6 -17114.6 0 0 0
vn 0 0 -1
v 20970.2 32995.5 -17136.3 0 0 0
vn 0 0 -1
v 23695.6 33949.1 -17151.1 0 0 0
vn 0 0 -1
v 24312 33929.5 -17061.8 0 0 0
vn 0 0 -1
v 23679.6 34418 -17351.2 0 0 0
vn 0 0 -1
v 24055.7 34270.6 -17229.2 0 0 0
vn 0 0 -1
v 24590.4 29329.1 -17369.2 0 0 0
vn 0 0 -1
v 24470.1 29919.2 -17086 0 0 0
vn 0 0 -1
v 24583.4 30247.5 -16986.2 0 0 0
vn 0 0 -1
v 24921.8 30266.9 -17105.5 0 0 0
vn 0 0 -1
v 25043.9 30723.1 -16969 0 0 0
vn 0 0 -1
v 25409.4 30866.7 -17045.2 0 0 0
vn 0 0 -1
v 25505.6 31188.8 -16983.9 0 0 0
vn 0 0 -1
v 26052.1 30827.4 -17235.6 0 0 0
vn 0 0 -1
v 25773.5 31258.5 -17048.2 0 0 0
vn 0 0 -1
v 26345.9 30742 -17328.3 0 0 0
vn 0 0 -1
v 26436.3 31106.3 -17246.5 0 0 0
vn 0 0 -1
v 26916.9 31161.2 -17322 0 0 0
vn 0 0 -1
v 26312 31691.6 -17076.2 0 0 0
vn 0 0 -1
v 26724.8 31634.1 -17169.7 0 0 0
vn 0 0 -1
v 26432 32040.7 -17021.7 0 0 0
vn 0 0 -1
v 26914.1 32084 -17105.8 0 0 0
vn 0 0 -1
v 26417.8 32514.1 -16926.4 0 0 0
vn 0 0 -1
v 26691.1 32542.8 -16983.3 0 0 0
vn 0 0 -1
v 24764.5 33945.1 -17018.4 0 0 0
vn 0 0 -1
v 25115.4 33991.7 -17003 0 0 0
vn 0 0 -1
v 24555.9 34301.3 -17166.1 0 0 0
vn 0 0 -1
v 24985.3 34225 -17089.9 0 0 0
vn 0 0 -1
v 25515.2 33921.7 -16959.5 0 0 0
vn 0 0 -1
v 25908 33879.4 -16944.7 0 0 0
vn 0 0 -1
v 25419.7 34284.6 -17072.1 0 0 0
vn 0 0 -1
v 25957.7 34145.7 -17016 0 0 0
vn 0 0 -1
v 26926.8 32970.2 -16989.3 0 0 0
vn 0 0 -1
v 26831.2 33293.4 -16967.5 0 0 0
vn 0 0 -1
v 26234.4 33911.2 -16969.2 0 0 0
vn 0 0 -1
v 26740.3 33799.3 -17001.7 0 0 0
vn 0 0 -1
v 26507.6 34299.4 -17064 0 0 0
vn 0 0 -1
v 26882.7 34320.3 -17087.7 0 0 0
vn 0 0 -1
v 21440.8 25077.5 -16874 0 0 0
vn 0 0 -1
v 34859.6 24884.2 -16687.5 0 0 0
vn 0 0 -1
v 21249.4 25203 -16842 0 0 0
vn 0 0 -1
v 21989.2 24718.7 -16809.3 0 0 0
vn 0 0 -1
v 35494 25292.1 -16817.9 0 0 0
vn 0 0 -1
v 23318.1 24139 -16862.8 0 0 0
vn 0 0 -1
v 22865.6 24323.8 -16800.7 0 0 0
vn 0 0 -1
v 16762.4 32184.8 -16757.2 0 0 0
vn 0 0 -1
v 23828.7 23935 -16810.8 0 0 0
vn 0 0 -1
v 27054.7 23306.1 -16769.6 0 0 0
vn 0 0 -1
v 16635.3 32794.1 -16815.8 0 0 0
vn 0 0 -1
v 20495 25916.3 -16828.4 0 0 0
vn 0 0 -1
v 20494.4 26145.5 -16917.7 0 0 0
vn 0 0 -1
v 26272.2 23462.6 -16852.6 0 0 0
vn 0 0 -1
v 20498.6 26238.9 -16894 0 0 0
vn 0 0 -1
v 16511.7 33762.3 -16850.2 0 0 0
vn 0 0 -1
v 21131.2 27082.1 -16824.4 0 0 0
vn 0 0 -1
v 16469.1 34698.5 -16889 0 0 0
vn 0 0 -1
v 27794.9 23378.6 -16915.1 0 0 0
vn 0 0 -1
v 21526.9 27626.8 -16750.4 0 0 0
vn 0 0 -1
v 16478.6 35476.1 -16932.3 0 0 0
vn 0 0 -1
v 16342.7 36069.1 -16821.1 0 0 0
vn 0 0 -1
v 17885 31942.7 -16872.8 0 0 0
vn 0 0 -1
v 24753.4 23758.3 -16856.2 0 0 0
vn 0 0 -1
v 16409.8 36827.7 -16856.2 0 0 0
vn 0 0 -1
v 16456.9 37733.3 -16872.4 0 0 0
vn 0 0 -1
v 16459.7 38626.6 -16858 0 0 0
vn 0 0 -1
v 16464 39101.8 -16843.8 0 0 0
vn 0 0 -1
v 36241.6 25572.9 -16827.3 0 0 0
vn 0 0 -1
v 36724.3 25738.6 -16793.8 0 0 0
vn 0 0 -1
v 25828.5 23539.5 -16906.9 0 0 0
vn 0 0 -1
v 28528.9 23306.1 -16768.6 0 0 0
vn 0 0 -1
v 29364.1 23462.2 -16878 0 0 0
vn 0 0 -1
v 29700.8 23500.9 -16922.6 0 0 0
vn 0 0 -1
v 30706.2 23729.8 -16896.3 0 0 0
vn 0 0 -1
v 31640.3 23869.8 -16790.3 0 0 0
vn 0 0 -1
v 32491.7 23907.6 -16565.3 0 0 0
vn 0 0 -1
v 33181.6 24350.3 -16889.8 0 0 0
vn 0 0 -1
v 33342.7 24426.9 -16915.2 0 0 0
vn 0 0 -1
v 34299.2 24874.4 -16927.1 0 0 0
vn 0 0 -1
v 27177.2 23523.7 -17007 0 0 0
vn 0 0 -1
v 27801.8 23451 -16992.3 0 0 0
vn 0 0 -1
v 17140.3 32638.6 -16970.4 0 0 0
vn 0 0 -1
v 17022.6 33468.7 -17085.3 0 0 0
vn 0 0 -1
v 24123.8 24404 -17152.1 0 0 0
vn 0 0 -1
v 25223.9 24666.4 -17486.7 0 0 0
vn 0 0 -1
v 16964.2 34414.6 -17171.3 0 0 0
vn 0 0 -1
v 21488.1 25168.5 -16916.9 0 0 0
vn 0 0 -1
v 34827.5 25318.6 -17108.6 0 0 0
vn 0 0 -1
v 22374.9 25341.7 -17103.1 0 0 0
vn 0 0 -1
v 16928.2 35256.8 -17218.5 0 0 0
vn 0 0 -1
v 16837.7 36237.6 -17192.3 0 0 0
vn 0 0 -1
v 26168.1 24307.4 -17440.6 0 0 0
vn 0 0 -1
v 24550.3 25327.8 -17630.1 0 0 0
vn 0 0 -1
v 25047.4 25277.3 -17757.1 0 0 0
vn 0 0 -1
v 26919.8 24238.6 -17475.1 0 0 0
vn 0 0 -1
v 16979.1 37210.8 -17296.8 0 0 0
vn 0 0 -1
v 27911.7 24092.4 -17429 0 0 0
vn 0 0 -1
v 16962 37990.1 -17283.8 0 0 0
vn 0 0 -1
v 16967.8 38851 -17289.8 0 0 0
vn 0 0 -1
v 28433.9 23528.4 -17018.2 0 0 0
vn 0 0 -1
v 17128.7 39194.9 -17411.1 0 0 0
vn 0 0 -1
v 28805.4 24117.1 -17439.3 0 0 0
vn 0 0 -1
v 27299.7 32515.2 -17112.9 0 0 0
vn 0 0 -1
v 18179.8 32530.8 -17087.3 0 0 0
vn 0 0 -1
v 17880.9 33411.5 -17308.9 0 0 0
vn 0 0 -1
v 23387.4 24263.8 -16957.3 0 0 0
vn 0 0 -1
v 18939.9 33263.1 -17387.6 0 0 0
vn 0 0 -1
v 17905.2 34450.1 -17537 0 0 0
vn 0 0 -1
v 23469.5 25087.5 -17283.5 0 0 0
vn 0 0 -1
v 18578.7 34190.9 -17642.8 0 0 0
vn 0 0 -1
v 27436 33261.4 -17090.6 0 0 0
vn 0 0 -1
v 29461 24196.3 -17460 0 0 0
vn 0 0 -1
v 27581.3 34248.4 -17162.2 0 0 0
vn 0 0 -1
v 30283.8 24280.9 -17438.5 0 0 0
vn 0 0 -1
v 24076.9 35250.4 -17550.7 0 0 0
vn 0 0 -1
v 31180.8 24372.9 -17361.8 0 0 0
vn 0 0 -1
v 25121.5 34973.3 -17307.1 0 0 0
vn 0 0 -1
v 26099.8 34944.2 -17219.6 0 0 0
vn 0 0 -1
v 32224.5 24631.5 -17348 0 0 0
vn 0 0 -1
v 24182.3 36170.3 -17812.4 0 0 0
vn 0 0 -1
v 24815.4 36225.7 -17723.9 0 0 0
vn 0 0 -1
v 32349.4 25221.5 -17804.2 0 0 0
vn 0 0 -1
v 25932.1 36372.9 -17617.9 0 0 0
vn 0 0 -1
v 32966 25003.1 -17463 0 0 0
vn 0 0 -1
v 27077.1 34952.4 -17217.9 0 0 0
vn 0 0 -1
v 33981.6 25367.8 -17423.7 0 0 0
vn 0 0 -1
v 27965.4 35011 -17281.1 0 0 0
vn 0 0 -1
v 20500.5 26145.2 -16919.2 0 0 0
vn 0 0 -1
v 26880.5 36094.8 -17481.1 0 0 0
vn 0 0 -1
v 27856.8 35776.5 -17410.9 0 0 0
vn 0 0 -1
v 21247 26148.2 -16975.3 0 0 0
vn 0 0 -1
v 28462.6 32403.2 -17351.3 0 0 0
vn 0 0 -1
v 22491.4 26410.2 -17265.6 0 0 0
vn 0 0 -1
v 28649.9 33404.6 -17300.5 0 0 0
vn 0 0 -1
v 21414.9 27086.8 -16916.5 0 0 0
vn 0 0 -1
v 29372.6 32715.6 -17476.6 0 0 0
vn 0 0 -1
v 22141.1 27391.7 -17055.4 0 0 0
vn 0 0 -1
v 29568 33488.6 -17461 0 0 0
vn 0 0 -1
v 23260.2 26194.1 -17458.4 0 0 0
vn 0 0 -1
v 28693 34354.3 -17315.4 0 0 0
vn 0 0 -1
v 24054.7 26050.9 -17658.3 0 0 0
vn 0 0 -1
v 29802.1 34498 -17503.1 0 0 0
vn 0 0 -1
v 23143.4 27509.7 -17383.3 0 0 0
vn 0 0 -1
v 20548.1 34092.9 -17697.6 0 0 0
vn 0 0 -1
v 24100.2 27137.9 -17687.2 0 0 0
vn 0 0 -1
v 30376 32478.6 -17723.3 0 0 0
vn 0 0 -1
v 30469.5 33786.1 -17649.6 0 0 0
vn 0 0 -1
v 30502.7 34385.4 -17644 0 0 0
vn 0 0 -1
v 28724 35253.3 -17393.9 0 0 0
vn 0 0 -1
v 17606.1 35129.1 -17538.8 0 0 0
vn 0 0 -1
v 29696.3 35566.2 -17570.5 0 0 0
vn 0 0 -1
v 28917.8 36325.7 -17596.4 0 0 0
vn 0 0 -1
v 29833.9 36447 -17734.1 0 0 0
vn 0 0 -1
v 30486.3 34997.4 -17675.4 0 0 0
vn 0 0 -1
v 30479.1 35933.4 -17779.1 0 0 0
vn 0 0 -1
v 17673.6 35958.7 -17651.6 0 0 0
vn 0 0 -1
v 26040.9 37040.2 -17797 0 0 0
vn 0 0 -1
v 21315.7 33873.5 -17528 0 0 0
vn 0 0 -1
v 26569.6 36947.6 -17732.1 0 0 0
vn 0 0 -1
v 22531.4 34179.7 -17427.2 0 0 0
vn 0 0 -1
v 27805.3 36985.6 -17718.9 0 0 0
vn 0 0 -1
v 28919.1 37054.6 -17767.8 0 0 0
vn 0 0 -1
v 23372.3 34862.7 -17558.1 0 0 0
vn 0 0 -1
v 29500.8 36997.7 -17797.7 0 0 0
vn 0 0 -1
v 17753.9 37048.3 -17811.3 0 0 0
vn 0 0 -1
v 25800.2 28859.3 -17769.1 0 0 0
vn 0 0 -1
v 25808.1 29956.7 -17445.1 0 0 0
vn 0 0 -1
v 27093.6 30128.8 -17629.8 0 0 0
vn 0 0 -1
v 27404.2 30785 -17503.4 0 0 0
vn 0 0 -1
v 27436.6 31702.9 -17284.9 0 0 0
vn 0 0 -1
v 28562.7 30554.5 -17744.4 0 0 0
vn 0 0 -1
v 28599.8 31289.7 -17575.8 0 0 0
vn 0 0 -1
v 29540.4 31653.2 -17669.9 0 0 0
vn 0 0 -1
v 35196.5 26010.7 -17508.3 0 0 0
vn 0 0 -1
v 35866.2 26237.8 -17470.2 0 0 0
vn 0 0 -1
v 36706.6 26306.3 -17293.3 0 0 0
vn 0 0 -1
v 36982.2 26967.8 -17686.6 0 0 0
vn 0 0 -1
v 36969.9 26471.5 -17352 0 0 0
vn 0 0 -1
v 37205.8 27103.2 -17729.9 0 0 0
vn 0 0 -1
v 25441 32317 -16691.1 0 0 0
vn 0 0 -1
v 25494.1 32375.1 -16697.6 0 0 0
vn 0 0 -1
v 25501.8 32924 -16696 0 0 0
vn 0 0 -1
v 25454.1 32974.6 -16695.5 0 0 0
vn 0 0 -1
v 25487.2 32284.6 -16711.4 0 0 0
vn 0 0 -1
v 25505.8 32974.1 -16704.6 0 0 0
vn 0 0 -1
v 25127.3 31634 -16713.4 0 0 0
vn 0 0 -1
v 25177.7 31795.1 -16696.8 0 0 0
vn 0 0 -1
v 25311.3 31998.8 -16708.6 0 0 0
vn 0 0 -1
v 25356.3 32169 -16692.5 0 0 0
vn 0 0 -1
v 25563.7 32527.7 -16701.8 0 0 0
vn 0 0 -1
v 24634.3 33088.8 -16680.3 0 0 0
vn 0 0 -1
v 24850.7 33106.5 -16690.7 0 0 0
vn 0 0 -1
v 25111.5 33093.9 -16693.7 0 0 0
vn 0 0 -1
v 25545.9 32764.2 -16692.1 0 0 0
vn 0 0 -1
v 25310.2 33032.3 -16690.2 0 0 0
vn 0 0 -1
v 25288.8 31600.6 -16789.9 0 0 0
vn 0 0 -1
v 25335.4 31785.7 -16763.3 0 0 0
vn 0 0 -1
v 25486.2 31662.4 -16853.9 0 0 0
vn 0 0 -1
v 25545.5 31810.2 -16841.2 0 0 0
vn 0 0 -1
v 25536.2 32071.7 -16775.6 0 0 0
vn 0 0 -1
v 25718.3 31857.5 -16892.8 0 0 0
vn 0 0 -1
v 25829.2 32045.5 -16878.7 0 0 0
vn 0 0 -1
v 25954.6 32072.6 -16907.4 0 0 0
vn 0 0 -1
v 25671.5 32341.4 -16765.1 0 0 0
vn 0 0 -1
v 25932 32202.2 -16872.6 0 0 0
vn 0 0 -1
v 25727.9 32527 -16755.5 0 0 0
vn 0 0 -1
v 25850.5 32526.9 -16793 0 0 0
vn 0 0 -1
v 24645 33212 -16734.4 0 0 0
vn 0 0 -1
v 24866.1 33253.9 -16747.6 0 0 0
vn 0 0 -1
v 25055.1 33223.8 -16736.4 0 0 0
vn 0 0 -1
v 24527.9 33448.5 -16842.9 0 0 0
vn 0 0 -1
v 24785.7 33409.9 -16812.8 0 0 0
vn 0 0 -1
v 25000.9 33367 -16789.5 0 0 0
vn 0 0 -1
v 25729.3 32668.2 -16746.8 0 0 0
vn 0 0 -1
v 25934.4 32787.6 -16796.1 0 0 0
vn 0 0 -1
v 25656.2 32940.9 -16735.8 0 0 0
vn 0 0 -1
v 25908.3 33036.8 -16792.8 0 0 0
vn 0 0 -1
v 25235.6 33173.3 -16726.2 0 0 0
vn 0 0 -1
v 25468.9 33120.8 -16734.3 0 0 0
vn 0 0 -1
v 25266.3 33357.1 -16787.6 0 0 0
vn 0 0 -1
v 25578.7 33362.3 -16800.8 0 0 0
vn 0 0 -1
v 25740.1 33204.2 -16783.9 0 0 0
vn 0 0 -1
v 25977.6 33259.3 -16822.9 0 0 0
vn 0 0 -1
v 25805.1 33427 -16831 0 0 0
vn 0 0 -1
v 26058.4 33468 -16860.9 0 0 0
vn 0 0 -1
v 25025.3 32261.3 -16570.2 0 0 0
vn 0 0 -1
v 25149.4 32283.9 -16615.8 0 0 0
vn 0 0 -1
v 25056.2 32379.9 -16578.9 0 0 0
vn 0 0 -1
v 25170.2 32404.5 -16615.9 0 0 0
vn 0 0 -1
v 25270 32293.5 -16651.3 0 0 0
vn 0 0 -1
v 25289 32409.5 -16644.9 0 0 0
vn 0 0 -1
v 25088.6 32490.4 -16591.8 0 0 0
vn 0 0 -1
v 25188.3 32533.3 -16617.9 0 0 0
vn 0 0 -1
v 25314 32503.3 -16643.8 0 0 0
vn 0 0 -1
v 25365.9 32323.1 -16671.3 0 0 0
vn 0 0 -1
v 25411.2 32404.9 -16672 0 0 0
vn 0 0 -1
v 25483.2 32465.4 -16681.6 0 0 0
vn 0 0 -1
v 25419.4 32542.8 -16661.8 0 0 0
vn 0 0 -1
v 25497.4 32529.6 -16679.4 0 0 0
vn 0 0 -1
v 25072.2 32612.6 -16594.2 0 0 0
vn 0 0 -1
v 25150.5 32660.3 -16613.3 0 0 0
vn 0 0 -1
v 25293 32641.4 -16637.7 0 0 0
vn 0 0 -1
v 25092.4 32718.9 -16608 0 0 0
vn 0 0 -1
v 25173.5 32754.3 -16624.1 0 0 0
vn 0 0 -1
v 25278.6 32797.4 -16643.3 0 0 0
vn 0 0 -1
v 25408.5 32638.7 -16656.6 0 0 0
vn 0 0 -1
v 25475.9 32639.6 -16671.4 0 0 0
vn 0 0 -1
v 25418.2 32735.9 -16661.7 0 0 0
vn 0 0 -1
v 25497.5 32753.4 -16677.2 0 0 0
vn 0 0 -1
v 25083.3 32855.6 -16628.1 0 0 0
vn 0 0 -1
v 25200.2 32849.3 -16638.2 0 0 0
vn 0 0 -1
v 25267.2 32886.4 -16652 0 0 0
vn 0 0 -1
v 25033.5 32990.7 -16657.8 0 0 0
vn 0 0 -1
v 25189.9 32947 -16656.7 0 0 0
vn 0 0 -1
v 25311.2 32952.5 -16669.4 0 0 0
vn 0 0 -1
v 25392.3 32894.7 -16672.4 0 0 0
vn 0 0 -1
v 25484.3 32811.6 -16679.2 0 0 0
vn 0 0 -1
v 25369.3 32964.3 -16679.8 0 0 0
vn 0 0 -1
v 22618.9 29346.4 -16490.2 0 0 0
vn 0 0 -1
v 22743.4 29551.3 -16464.1 0 0 0
vn 0 0 -1
v 22766.8 29596.5 -16459.1 0 0 0
vn 0 0 -1
v 22880 29819.3 -16438.1 0 0 0
vn 0 0 -1
v 23006.7 29961.8 -16447.4 0 0 0
vn 0 0 -1
v 23067.1 30042.2 -16444.2 0 0 0
vn 0 0 -1
v 23216.9 30198 -16448.3 0 0 0
vn 0 0 -1
v 23288.5 30292.7 -16441 0 0 0
vn 0 0 -1
v 22349.7 32354.3 -16454.5 0 0 0
vn 0 0 -1
v 23420 30422.1 -16442.9 0 0 0
vn 0 0 -1
v 23510 30489 -16451.6 0 0 0
vn 0 0 -1
v 23644.3 30633.1 -16445.5 0 0 0
vn 0 0 -1
v 22577.8 32438.7 -16470.7 0 0 0
vn 0 0 -1
v 20481.8 32013.7 -16459.2 0 0 0
vn 0 0 -1
v 20683.1 32048.5 -16451.2 0 0 0
vn 0 0 -1
v 22762.1 32487.8 -16469.2 0 0 0
vn 0 0 -1
v 21819.5 32229.6 -16447.1 0 0 0
vn 0 0 -1
v 22010.8 32296 -16468.5 0 0 0
vn 0 0 -1
v 22930.7 32495.3 -16457.8 0 0 0
vn 0 0 -1
v 22146.1 32328.5 -16469.6 0 0 0
vn 0 0 -1
v 24446.8 31663.7 -16475.3 0 0 0
vn 0 0 -1
v 24469.7 31837.9 -16460.4 0 0 0
vn 0 0 -1
v 24566.9 31952.1 -16467.4 0 0 0
vn 0 0 -1
v 24708.8 32033 -16489.1 0 0 0
vn 0 0 -1
v 24782.5 32303.2 -16482.1 0 0 0
vn 0 0 -1
v 24748.6 32526.9 -16497.6 0 0 0
vn 0 0 -1
v 24185.8 32612.8 -16477.1 0 0 0
vn 0 0 -1
v 24389.3 32653.3 -16486.2 0 0 0
vn 0 0 -1
v 24563.4 32645.6 -16496.8 0 0 0
vn 0 0 -1
v 22904 29317.9 -16667.3 0 0 0
vn 0 0 -1
v 22767.3 29558.2 -16474.8 0 0 0
vn 0 0 -1
v 22970.2 29715.9 -16528.3 0 0 0
vn 0 0 -1
v 23338.8 29662 -16743.3 0 0 0
vn 0 0 -1
v 23182.6 29994.2 -16519.5 0 0 0
vn 0 0 -1
v 22349.2 32479.9 -16535.4 0 0 0
vn 0 0 -1
v 23437.7 30281.6 -16510.3 0 0 0
vn 0 0 -1
v 23806.9 30124.6 -16738.1 0 0 0
vn 0 0 -1
v 22555.7 32564.1 -16552.6 0 0 0
vn 0 0 -1
v 23706.1 30489.1 -16532.2 0 0 0
vn 0 0 -1
v 20437.2 32089.4 -16528.4 0 0 0
vn 0 0 -1
v 22746.4 32514.4 -16487.5 0 0 0
vn 0 0 -1
v 21809.4 32306.5 -16503.6 0 0 0
vn 0 0 -1
v 21826.6 32516.9 -16651.8 0 0 0
vn 0 0 -1
v 22080 32566.4 -16641.1 0 0 0
vn 0 0 -1
v 24545.1 31576.1 -16523.4 0 0 0
vn 0 0 -1
v 24606.9 31816.2 -16496.8 0 0 0
vn 0 0 -1
v 24795.6 31620 -16600.4 0 0 0
vn 0 0 -1
v 24883.8 31882.5 -16571.2 0 0 0
vn 0 0 -1
v 25053.6 31684.4 -16673 0 0 0
vn 0 0 -1
v 25065.2 31838.1 -16643.5 0 0 0
vn 0 0 -1
v 24874.1 32149.8 -16521.8 0 0 0
vn 0 0 -1
v 25103.3 32041.5 -16624.8 0 0 0
vn 0 0 -1
v 24869.7 32303.4 -16503.7 0 0 0
vn 0 0 -1
v 24905.9 32479.7 -16532.7 0 0 0
vn 0 0 -1
v 25266.9 32127.1 -16670.8 0 0 0
vn 0 0 -1
v 24153.3 32827.7 -16568.5 0 0 0
vn 0 0 -1
v 24415.9 32742.7 -16521.7 0 0 0
vn 0 0 -1
v 24594.9 32745.8 -16532.2 0 0 0
vn 0 0 -1
v 24145.4 33008.2 -16655.7 0 0 0
vn 0 0 -1
v 24408 33001.2 -16643.4 0 0 0
vn 0 0 -1
v 24651.1 32932.1 -16615.4 0 0 0
vn 0 0 -1
v 24840 32722.3 -16565.6 0 0 0
vn 0 0 -1
v 24894.1 32946.5 -16636.4 0 0 0
vn 0 0 -1
v 23291.8 32553.9 -16464.4 0 0 0
vn 0 0 -1
v 21397.2 28011.4 -16501.7 0 0 0
vn 0 0 -1
v 21474.4 28072.2 -16501.3 0 0 0
vn 0 0 -1
v 23694 32640 -16498.8 0 0 0
vn 0 0 -1
v 21832.5 28399.9 -16485.8 0 0 0
vn 0 0 -1
v 21862.6 28448.9 -16476.4 0 0 0
vn 0 0 -1
v 24069 31093.8 -16459.2 0 0 0
vn 0 0 -1
v 22197.4 28943.7 -16432.4 0 0 0
vn 0 0 -1
v 24239 31329.7 -16468.4 0 0 0
vn 0 0 -1
v 18797.6 31329.6 -16480.1 0 0 0
vn 0 0 -1
v 19121.7 31539 -16480.3 0 0 0
vn 0 0 -1
v 19261.9 31625.5 -16494 0 0 0
vn 0 0 -1
v 19762.6 31771.9 -16454.1 0 0 0
vn 0 0 -1
v 20194.8 31857.5 -16407.6 0 0 0
vn 0 0 -1
v 22413.1 29149.8 -16461.1 0 0 0
vn 0 0 -1
v 23727.1 30702.8 -16452.9 0 0 0
vn 0 0 -1
v 20979.9 32092.5 -16443 0 0 0
vn 0 0 -1
v 21426.5 32165.9 -16447.2 0 0 0
vn 0 0 -1
v 21443.7 27999.8 -16526.5 0 0 0
vn 0 0 -1
v 21410 32500.6 -16704.5 0 0 0
vn 0 0 -1
v 21864.1 28144.8 -16649.6 0 0 0
vn 0 0 -1
v 21866.2 28416.1 -16493.8 0 0 0
vn 0 0 -1
v 22352.1 32812.1 -16751.6 0 0 0
vn 0 0 -1
v 22234.2 28473 -16680.2 0 0 0
vn 0 0 -1
v 22409.3 28870.2 -16590.2 0 0 0
vn 0 0 -1
v 22680.8 32817.3 -16693.9 0 0 0
vn 0 0 -1
v 23217.6 32966.5 -16707 0 0 0
vn 0 0 -1
v 22668.6 29004.4 -16677.8 0 0 0
vn 0 0 -1
v 23817 33083.9 -16714.4 0 0 0
vn 0 0 -1
v 18677.1 31813 -16765 0 0 0
vn 0 0 -1
v 23727.3 33421 -16889.7 0 0 0
vn 0 0 -1
v 19092.8 31594.8 -16522.3 0 0 0
vn 0 0 -1
v 24134.8 33300.1 -16799.5 0 0 0
vn 0 0 -1
v 19078.1 31914 -16732.9 0 0 0
vn 0 0 -1
v 19466 32015.8 -16705 0 0 0
vn 0 0 -1
v 24070.8 30272 -16778.1 0 0 0
vn 0 0 -1
v 19966.7 32149.9 -16682.7 0 0 0
vn 0 0 -1
v 24235.9 30606.9 -16703.3 0 0 0
vn 0 0 -1
v 20544.8 32434.5 -16787.9 0 0 0
vn 0 0 -1
v 24604.1 30682.7 -16818.7 0 0 0
vn 0 0 -1
v 23224.4 29418.9 -16797.2 0 0 0
vn 0 0 -1
v 24608.8 31092.1 -16680.6 0 0 0
vn 0 0 -1
v 25069.7 31413.8 -16756.5 0 0 0
vn 0 0 -1
v 23591.3 29878.6 -16759.5 0 0 0
vn 0 0 -1
v 20899.3 32412.4 -16712.5 0 0 0
vn 0 0 -1
v 26298.3 32985.3 -16872.7 0 0 0
vn 0 0 -1
v 26297.8 33388.4 -16883.2 0 0 0
vn 0 0 -1
v 20037.7 31581.4 -16241.9 0 0 0
vn 0 0 -1
v 20144.2 31594.1 -16225 0 0 0
vn 0 0 -1
v 22244.5 29341.9 -16274.3 0 0 0
vn 0 0 -1
v 22333.2 29529.5 -16245.3 0 0 0
vn 0 0 -1
v 20935.3 31822.3 -16250 0 0 0
vn 0 0 -1
v 21155.4 31833.5 -16236.7 0 0 0
vn 0 0 -1
v 22378.7 29600.7 -16243.2 0 0 0
vn 0 0 -1
v 21189.4 31842.3 -16238.9 0 0 0
vn 0 0 -1
v 21428.9 31905 -16263.8 0 0 0
vn 0 0 -1
v 21706.3 31905.1 -16240.7 0 0 0
vn 0 0 -1
v 22456 29755 -16231.4 0 0 0
vn 0 0 -1
v 21916.2 31904.5 -16221.6 0 0 0
vn 0 0 -1
v 22116.6 31955.2 -16235.9 0 0 0
vn 0 0 -1
v 22334 31978 -16231.1 0 0 0
vn 0 0 -1
v 22512.5 29874.8 -16221.4 0 0 0
vn 0 0 -1
v 23157.6 30690.7 -16229.7 0 0 0
vn 0 0 -1
v 22645.6 30026.2 -16237.4 0 0 0
vn 0 0 -1
v 23195.8 30792.4 -16212 0 0 0
vn 0 0 -1
v 22794.3 30211.4 -16242.1 0 0 0
vn 0 0 -1
v 23347.2 30887.7 -16242.2 0 0 0
vn 0 0 -1
v 23455.1 31013 -16249.3 0 0 0
vn 0 0 -1
v 23576.7 31168.7 -16264.5 0 0 0
vn 0 0 -1
v 22857 30293.6 -16240.4 0 0 0
vn 0 0 -1
v 23567.8 31383.1 -16239.3 0 0 0
vn 0 0 -1
v 23552 31638.2 -16232.7 0 0 0
vn 0 0 -1
v 22971.6 30471.6 -16226.7 0 0 0
vn 0 0 -1
v 22533 31967.8 -16211.6 0 0 0
vn 0 0 -1
v 22749.5 32008.4 -16221.7 0 0 0
vn 0 0 -1
v 23012.2 30496.6 -16235.8 0 0 0
vn 0 0 -1
v 22914.2 32057.6 -16241 0 0 0
vn 0 0 -1
v 23241.9 32040.3 -16239.4 0 0 0
vn 0 0 -1
v 23123.9 32080.5 -16249.6 0 0 0
vn 0 0 -1
v 23009.2 32070.5 -16240.9 0 0 0
vn 0 0 -1
v 20566.5 31676.3 -16195.2 0 0 0
vn 0 0 -1
v 23550.1 31840 -16249.4 0 0 0
vn 0 0 -1
v 20737.7 31757.5 -16229.2 0 0 0
vn 0 0 -1
v 23430.4 31943.1 -16243 0 0 0
vn 0 0 -1
v 20967.2 31874.1 -16282.1 0 0 0
vn 0 0 -1
v 20880.2 32002.1 -16385.2 0 0 0
vn 0 0 -1
v 21177.9 31960.8 -16323.2 0 0 0
vn 0 0 -1
v 20025.8 31616.3 -16270.2 0 0 0
vn 0 0 -1
v 21423.7 32040.5 -16355.6 0 0 0
vn 0 0 -1
v 21595.9 32044.9 -16342.7 0 0 0
vn 0 0 -1
v 21902.9 32058.4 -16321.9 0 0 0
vn 0 0 -1
v 22385.3 29387 -16335.7 0 0 0
vn 0 0 -1
v 22156.7 32130.2 -16340.9 0 0 0
vn 0 0 -1
v 22388.8 32100.3 -16296.6 0 0 0
vn 0 0 -1
v 22120.9 32290.6 -16448.6 0 0 0
vn 0 0 -1
v 22262.7 32265.2 -16411.6 0 0 0
vn 0 0 -1
v 22555.3 29371.5 -16442.1 0 0 0
vn 0 0 -1
v 23270 30698.1 -16274 0 0 0
vn 0 0 -1
v 22543.8 29568.2 -16350 0 0 0
vn 0 0 -1
v 23500 30681.6 -16371.8 0 0 0
vn 0 0 -1
v 23498.2 30892 -16297.8 0 0 0
vn 0 0 -1
v 22513.1 29752.2 -16263.8 0 0 0
vn 0 0 -1
v 23637.1 30728.4 -16406.6 0 0 0
vn 0 0 -1
v 23632.8 30963.7 -16330.3 0 0 0
vn 0 0 -1
v 22685.7 29808 -16337.5 0 0 0
vn 0 0 -1
v 23754.3 31157.4 -16328.4 0 0 0
vn 0 0 -1
v 23713.8 31336.1 -16291.1 0 0 0
vn 0 0 -1
v 22872.2 29999.5 -16363.1 0 0 0
vn 0 0 -1
v 23673.1 31557.7 -16266.8 0 0 0
vn 0 0 -1
v 22612.3 32096.5 -16274 0 0 0
vn 0 0 -1
v 23006.7 30024.2 -16422.2 0 0 0
vn 0 0 -1
v 22767 32071.1 -16250.4 0 0 0
vn 0 0 -1
v 23238.8 32072.7 -16248.6 0 0 0
vn 0 0 -1
v 22999.8 30168.1 -16358.8 0 0 0
vn 0 0 -1
v 22477 32268.3 -16384.7 0 0 0
vn 0 0 -1
v 22755.6 32280.8 -16361.2 0 0 0
vn 0 0 -1
v 23205.8 30277.7 -16410.4 0 0 0
vn 0 0 -1
v 23025.9 32266.5 -16334.2 0 0 0
vn 0 0 -1
v 23239.5 32192.8 -16299.5 0 0 0
vn 0 0 -1
v 23024 32436.3 -16414.9 0 0 0
vn 0 0 -1
v 23009.2 30456 -16249.5 0 0 0
vn 0 0 -1
v 23199.7 32424.5 -16402.5 0 0 0
vn 0 0 -1
v 23235.9 30468.8 -16346.3 0 0 0
vn 0 0 -1
v 23697.4 31749.5 -16280 0 0 0
vn 0 0 -1
v 23364.6 32087.5 -16270.4 0 0 0
vn 0 0 -1
v 23624.4 32009.2 -16298.3 0 0 0
vn 0 0 -1
v 23445.3 32264.6 -16342.2 0 0 0
vn 0 0 -1
v 23717.5 32304.3 -16381.8 0 0 0
vn 0 0 -1
v 23514 32457.1 -16417.6 0 0 0
vn 0 0 -1
v 23820.9 32487.9 -16437.9 0 0 0
vn 0 0 -1
v 24010.3 31535 -16372.1 0 0 0
vn 0 0 -1
v 24334.1 31692.8 -16443.8 0 0 0
vn 0 0 -1
v 24109.6 31824 -16387.2 0 0 0
vn 0 0 -1
v 24326.4 31876.7 -16430.9 0 0 0
vn 0 0 -1
v 24136.9 32038.5 -16400.4 0 0 0
vn 0 0 -1
v 24408.1 32037.8 -16438.7 0 0 0
vn 0 0 -1
v 24582 32129.2 -16455.4 0 0 0
vn 0 0 -1
v 24182.4 32320.3 -16426.6 0 0 0
vn 0 0 -1
v 24435.1 32264.2 -16437.5 0 0 0
vn 0 0 -1
v 24559.3 32331.6 -16448.3 0 0 0
vn 0 0 -1
v 24166.7 32512.9 -16451.1 0 0 0
vn 0 0 -1
v 24379 32497 -16454.9 0 0 0
vn 0 0 -1
v 24622.4 32476.2 -16467 0 0 0
vn 0 0 -1
v 23430.6 30504.8 -16413.3 0 0 0
vn 0 0 -1
v 20517.6 31809.8 -16301.8 0 0 0
vn 0 0 -1
v 20785.6 31901.4 -16324.2 0 0 0
vn 0 0 -1
v 20756.9 32004.7 -16403.3 0 0 0
vn 0 0 -1
v 22916.3 30676.5 -16131.8 0 0 0
vn 0 0 -1
v 22763.9 30473.6 -16132.8 0 0 0
vn 0 0 -1
v 23022.6 30796.6 -16138.8 0 0 0
vn 0 0 -1
v 22769.7 30513 -16121.5 0 0 0
vn 0 0 -1
v 23058.8 30934.5 -16116.9 0 0 0
vn 0 0 -1
v 23131.4 31010.5 -16127.9 0 0 0
vn 0 0 -1
v 23147.2 31050.4 -16125.5 0 0 0
vn 0 0 -1
v 23197.6 31144.1 -16128.3 0 0 0
vn 0 0 -1
v 23232.2 31269.2 -16124.9 0 0 0
vn 0 0 -1
v 23232.6 31274.5 -16124.6 0 0 0
vn 0 0 -1
v 23223.6 31483.8 -16121.7 0 0 0
vn 0 0 -1
v 23220 31509 -16123.2 0 0 0
vn 0 0 -1
v 23196.8 31601.4 -16129.8 0 0 0
vn 0 0 -1
v 22343.2 31775.8 -16112.7 0 0 0
vn 0 0 -1
v 22440.1 31798 -16122.8 0 0 0
vn 0 0 -1
v 22551.3 31819.7 -16133.2 0 0 0
vn 0 0 -1
v 22660.5 31799 -16122.3 0 0 0
vn 0 0 -1
v 22774.7 31789.8 -16121.9 0 0 0
vn 0 0 -1
v 22896.4 31766.3 -16122.5 0 0 0
vn 0 0 -1
v 23002.6 31730.3 -16124.2 0 0 0
vn 0 0 -1
v 23124.8 31658.8 -16124.6 0 0 0
vn 0 0 -1
v 23012.1 31727.2 -16124.6 0 0 0
vn 0 0 -1
v 23011.2 30691.6 -16167.4 0 0 0
vn 0 0 -1
v 22776.8 30472.8 -16139 0 0 0
vn 0 0 -1
v 23097.3 30904.9 -16139.7 0 0 0
vn 0 0 -1
v 23196.7 30943.1 -16169.3 0 0 0
vn 0 0 -1
v 23234.5 31055.3 -16158 0 0 0
vn 0 0 -1
v 23236.1 31154.9 -16140.7 0 0 0
vn 0 0 -1
v 23235.2 31269.1 -16126.1 0 0 0
vn 0 0 -1
v 23234.5 31510.8 -16128.3 0 0 0
vn 0 0 -1
v 23232.1 31608.3 -16139.8 0 0 0
vn 0 0 -1
v 22334.3 31839.1 -16150.9 0 0 0
vn 0 0 -1
v 22463.3 31851.9 -16152.7 0 0 0
vn 0 0 -1
v 22549.6 31845.3 -16147 0 0 0
vn 0 0 -1
v 22632.7 31851.6 -16149.2 0 0 0
vn 0 0 -1
v 22748.6 31835.1 -16142.7 0 0 0
vn 0 0 -1
v 22848.2 31848.2 -16153.6 0 0 0
vn 0 0 -1
v 22995.5 31816.4 -16154 0 0 0
vn 0 0 -1
v 23117.1 31759 -16151.2 0 0 0
vn 0 0 -1
v 23222.2 31680.9 -16151.2 0 0 0
vn 0 0 -1
v 23124.8 31908.6 -16195.1 0 0 0
vn 0 0 -1
v 23239.4 31843.2 -16190.5 0 0 0
vn 0 0 -1
v 21669.3 31528.2 -16011.6 0 0 0
vn 0 0 -1
v 21786.3 31541.7 -16007.1 0 0 0
vn 0 0 -1
v 21889 31545.1 -16000.1 0 0 0
vn 0 0 -1
v 22001 31569.1 -16008 0 0 0
vn 0 0 -1
v 22321.8 30242.3 -16012.6 0 0 0
vn 0 0 -1
v 22112.6 31565.1 -15999.5 0 0 0
vn 0 0 -1
v 22324.9 30249.6 -16011.8 0 0 0
vn 0 0 -1
v 22207.9 31580.8 -16003.8 0 0 0
vn 0 0 -1
v 22468.5 30466.5 -16004.7 0 0 0
vn 0 0 -1
v 22568.2 30553.5 -16017.2 0 0 0
vn 0 0 -1
v 22326.7 31596.8 -16008 0 0 0
vn 0 0 -1
v 22589.4 30594.9 -16012.4 0 0 0
vn 0 0 -1
v 22663.5 30700.4 -16011.6 0 0 0
vn 0 0 -1
v 22666.5 30703 -16012 0 0 0
vn 0 0 -1
v 22725.7 30803.6 -16015.2 0 0 0
vn 0 0 -1
v 22794.8 30905.3 -16019.1 0 0 0
vn 0 0 -1
v 22813.5 30954.2 -16014.4 0 0 0
vn 0 0 -1
v 22833.3 31037.4 -16004.9 0 0 0
vn 0 0 -1
v 22872.8 31099.6 -16007.1 0 0 0
vn 0 0 -1
v 22923.9 31170.3 -16012.3 0 0 0
vn 0 0 -1
v 22435.5 31609.4 -16011.5 0 0 0
vn 0 0 -1
v 22532.8 31593.6 -16006.7 0 0 0
vn 0 0 -1
v 22658.7 31569 -15999.4 0 0 0
vn 0 0 -1
v 22768.4 31559.3 -16002.3 0 0 0
vn 0 0 -1
v 22957.2 31259 -16010.5 0 0 0
vn 0 0 -1
v 23006.6 31324.2 -16021.7 0 0 0
vn 0 0 -1
v 23011.6 31384.8 -16018.9 0 0 0
vn 0 0 -1
v 23006.2 31454.6 -16023.6 0 0 0
vn 0 0 -1
v 22967.7 31500.1 -16018.9 0 0 0
vn 0 0 -1
v 22874.3 31555.9 -16017.2 0 0 0
vn 0 0 -1
v 21605.3 31599.2 -16062.1 0 0 0
vn 0 0 -1
v 22326.7 30242.7 -16014.8 0 0 0
vn 0 0 -1
v 21732.9 31609 -16055.1 0 0 0
vn 0 0 -1
v 22558.2 30472 -16040.1 0 0 0
vn 0 0 -1
v 21875.2 31593.5 -16032 0 0 0
vn 0 0 -1
v 22671.2 30478.2 -16088.7 0 0 0
vn 0 0 -1
v 21990.1 31629.3 -16045.7 0 0 0
vn 0 0 -1
v 22660.6 30600.1 -16042.5 0 0 0
vn 0 0 -1
v 22106.7 31605 -16023.2 0 0 0
vn 0 0 -1
v 22767.8 30657.6 -16071.8 0 0 0
vn 0 0 -1
v 22666.7 30701.1 -16012.7 0 0 0
vn 0 0 -1
v 22236.7 31625.8 -16027.7 0 0 0
vn 0 0 -1
v 22745.7 30728.8 -16041 0 0 0
vn 0 0 -1
v 22345.1 31625.7 -16022.7 0 0 0
vn 0 0 -1
v 22793.1 30794.8 -16044.4 0 0 0
vn 0 0 -1
v 22837.4 30729.2 -16080.7 0 0 0
vn 0 0 -1
v 22913.4 30824.1 -16086.5 0 0 0
vn 0 0 -1
v 23013.5 30853.1 -16118.8 0 0 0
vn 0 0 -1
v 22886.7 30942.1 -16046 0 0 0
vn 0 0 -1
v 22985.7 30910.3 -16093.4 0 0 0
vn 0 0 -1
v 22873.2 31024.8 -16021.4 0 0 0
vn 0 0 -1
v 23004.6 31045 -16070.3 0 0 0
vn 0 0 -1
v 23015.4 31204.7 -16043 0 0 0
vn 0 0 -1
v 23133.9 31056.5 -16119.2 0 0 0
vn 0 0 -1
v 23121.6 31161.7 -16095.6 0 0 0
vn 0 0 -1
v 22439.9 31614.4 -16014 0 0 0
vn 0 0 -1
v 22559.4 31632 -16026.8 0 0 0
vn 0 0 -1
v 22696.6 31620.4 -16026 0 0 0
vn 0 0 -1
v 22798.7 31607.8 -16028.5 0 0 0
vn 0 0 -1
v 23009.8 31266 -16029.7 0 0 0
vn 0 0 -1
v 23101.3 31266 -16071.1 0 0 0
vn 0 0 -1
v 23112.4 31386.3 -16069.6 0 0 0
vn 0 0 -1
v 23232.6 31390.8 -16120.8 0 0 0
vn 0 0 -1
v 23006.7 31499.1 -16031.6 0 0 0
vn 0 0 -1
v 22874.7 31632.6 -16053.9 0 0 0
vn 0 0 -1
v 23005 31615.5 -16078.6 0 0 0
vn 0 0 -1
v 23106.8 31505.6 -16079.6 0 0 0
vn 0 0 -1
v 23138.9 31590.6 -16111.2 0 0 0
vn 0 0 -1
v 22312.4 31704.8 -16071.2 0 0 0
vn 0 0 -1
v 22418 31706.4 -16069.2 0 0 0
vn 0 0 -1
v 22553 31753.4 -16095.9 0 0 0
vn 0 0 -1
v 22673.3 31722.9 -16081.1 0 0 0
vn 0 0 -1
v 22805.8 31698 -16077.6 0 0 0
vn 0 0 -1
v 22934 31707.9 -16102 0 0 0
vn 0 0 -1
v 23005.1 31726.2 -16123 0 0 0
vn 0 0 -1
v 20095.5 31245.3 -16001.5 0 0 0
vn 0 0 -1
v 20226.3 31343.2 -16031.9 0 0 0
vn 0 0 -1
v 20420.4 31386.3 -16024.4 0 0 0
vn 0 0 -1
v 20524 31397.8 -16011.8 0 0 0
vn 0 0 -1
v 21781.4 29323.2 -16020.3 0 0 0
vn 0 0 -1
v 21856.6 29440 -16020.2 0 0 0
vn 0 0 -1
v 21979.1 29619.4 -16019.9 0 0 0
vn 0 0 -1
v 22049 29773.5 -16006 0 0 0
vn 0 0 -1
v 22080.4 29858.6 -15998.4 0 0 0
vn 0 0 -1
v 22187.2 30058.9 -15998.5 0 0 0
vn 0 0 -1
v 20713.5 31442.9 -16025.5 0 0 0
vn 0 0 -1
v 20968.4 31467.4 -16024.4 0 0 0
vn 0 0 -1
v 21181.4 31468.4 -16014.3 0 0 0
vn 0 0 -1
v 21450.8 31481.2 -16005.1 0 0 0
vn 0 0 -1
v 20988.1 31655.7 -16139.3 0 0 0
vn 0 0 -1
v 20088.4 31401.7 -16104.2 0 0 0
vn 0 0 -1
v 21249.3 31682 -16138.1 0 0 0
vn 0 0 -1
v 20253.4 31420.6 -16076.3 0 0 0
vn 0 0 -1
v 21188.1 31838.9 -16236.7 0 0 0
vn 0 0 -1
v 20401.5 31572.2 -16152 0 0 0
vn 0 0 -1
v 21454.4 31659.7 -16111.1 0 0 0
vn 0 0 -1
v 21351.7 31799.3 -16202.1 0 0 0
vn 0 0 -1
v 20539.5 31529.2 -16098.7 0 0 0
vn 0 0 -1
v 21594.3 31764 -16162.4 0 0 0
vn 0 0 -1
v 21819.6 29300.6 -16049.3 0 0 0
vn 0 0 -1
v 21841.8 31759.1 -16137.7 0 0 0
vn 0 0 -1
v 22016.7 29310 -16158.6 0 0 0
vn 0 0 -1
v 22142.7 31759.7 -16114.9 0 0 0
vn 0 0 -1
v 22118.3 29512.6 -16133.2 0 0 0
vn 0 0 -1
v 22322.2 29607.4 -16209.7 0 0 0
vn 0 0 -1
v 22097.3 29754.9 -16036.7 0 0 0
vn 0 0 -1
v 23387.9 31192.4 -16193.2 0 0 0
vn 0 0 -1
v 22298.3 29846.6 -16117.5 0 0 0
vn 0 0 -1
v 23326.4 31409.2 -16156.8 0 0 0
vn 0 0 -1
v 22355.1 30055.3 -16084 0 0 0
vn 0 0 -1
v 23338.2 31609.6 -16169.9 0 0 0
vn 0 0 -1
v 22503 30065.2 -16153.6 0 0 0
vn 0 0 -1
v 23010.8 32061 -16237.5 0 0 0
vn 0 0 -1
v 22564.9 30286.7 -16107.7 0 0 0
vn 0 0 -1
v 22782.5 30342.3 -16188.1 0 0 0
vn 0 0 -1
v 23422.1 31782.3 -16212.4 0 0 0
vn 0 0 -1
v 20728.8 31599 -16123.9 0 0 0
vn 0 0 -1
v 19589.8 28423.3 -16011.6 0 0 0
vn 0 0 -1
v 19589.8 28423.3 -16011.6 0 0 0
vn 0 0 -1
v 19193.5 28706.7 -16036.5 0 0 0
vn 0 0 -1
v 19012.1 29036.3 -16022.5 0 0 0
vn 0 0 -1
v 20046.4 28278.3 -16081.1 0 0 0
vn 0 0 -1
v 20423.8 28398.8 -16026.3 0 0 0
vn 0 0 -1
v 20672.4 28474.9 -16036.7 0 0 0
vn 0 0 -1
v 21054.9 28657.4 -16024.9 0 0 0
vn 0 0 -1
v 21410.7 28870.5 -16019.3 0 0 0
vn 0 0 -1
v 21429.2 28898 -16013.9 0 0 0
vn 0 0 -1
v 18919.1 29498.3 -16017.9 0 0 0
vn 0 0 -1
v 18885.9 29801.3 -16027.3 0 0 0
vn 0 0 -1
v 18930.4 30163.4 -16047.7 0 0 0
vn 0 0 -1
v 19141.3 30647.2 -16033.9 0 0 0
vn 0 0 -1
v 19189.8 30736.6 -16040.7 0 0 0
vn 0 0 -1
v 19620.3 31050 -16037.3 0 0 0
vn 0 0 -1
v 19887.3 31198.8 -16032.9 0 0 0
vn 0 0 -1
v 18844 28059.2 -16278.6 0 0 0
vn 0 0 -1
v 19181.8 27909 -16289.1 0 0 0
vn 0 0 -1
v 18748.8 28494.3 -16199.8 0 0 0
vn 0 0 -1
v 24054.1 31219.9 -16422.3 0 0 0
vn 0 0 -1
v 19258.6 28314.8 -16140 0 0 0
vn 0 0 -1
v 19614.6 28091.2 -16189.9 0 0 0
vn 0 0 -1
v 18799.6 28872.2 -16120 0 0 0
vn 0 0 -1
v 20057 27920 -16265.1 0 0 0
vn 0 0 -1
v 20428.9 28138.5 -16181.4 0 0 0
vn 0 0 -1
v 21036.1 27995.9 -16392.7 0 0 0
vn 0 0 -1
v 21053.3 28506.5 -16103.9 0 0 0
vn 0 0 -1
v 21482.5 28358.8 -16354 0 0 0
vn 0 0 -1
v 21740.5 28898 -16195 0 0 0
vn 0 0 -1
v 18696.3 29276.7 -16112.7 0 0 0
vn 0 0 -1
v 18764.4 29791.3 -16078.8 0 0 0
vn 0 0 -1
v 18639.4 30241.2 -16182.4 0 0 0
vn 0 0 -1
v 18847.2 30597.1 -16164.9 0 0 0
vn 0 0 -1
v 19116.9 30727.9 -16066.3 0 0 0
vn 0 0 -1
v 18822.4 30990.6 -16317.9 0 0 0
vn 0 0 -1
v 19230.4 31187.1 -16252.5 0 0 0
vn 0 0 -1
v 19621.7 31168.6 -16094.5 0 0 0
vn 0 0 -1
v 19756.4 31472.2 -16248.8 0 0 0
vn 0 0 -1
v 24454.8 23076.1 -15923.2 0 0 0
vn 0 0 -1
v 20586.1 24304.7 -16023.8 0 0 0
vn 0 0 -1
v 25174 22937.5 -15927.2 0 0 0
vn 0 0 -1
v 20409.8 24374.6 -15980 0 0 0
vn 0 0 -1
v 23577.6 23273.9 -15914.3 0 0 0
vn 0 0 -1
v 35137.3 24484.1 -16057 0 0 0
vn 0 0 -1
v 36791 25151.6 -16103.4 0 0 0
vn 0 0 -1
v 25865.9 22894.3 -16013.5 0 0 0
vn 0 0 -1
v 15595.7 32679.5 -16019.3 0 0 0
vn 0 0 -1
v 15435 33266.2 -15827 0 0 0
vn 0 0 -1
v 15402.7 34114.7 -15709.6 0 0 0
vn 0 0 -1
v 15479.9 35132.2 -15689.3 0 0 0
vn 0 0 -1
v 15645.3 36171.6 -15869.6 0 0 0
vn 0 0 -1
v 26638.5 22854.5 -16056.4 0 0 0
vn 0 0 -1
v 27785.4 22821.4 -16058.2 0 0 0
vn 0 0 -1
v 22651.9 23528.5 -15924.1 0 0 0
vn 0 0 -1
v 15701.8 37119.7 -15909.7 0 0 0
vn 0 0 -1
v 28893.4 22880 -16053 0 0 0
vn 0 0 -1
v 15732.1 38040.5 -15911.2 0 0 0
vn 0 0 -1
v 29731.6 23009.9 -16101.3 0 0 0
vn 0 0 -1
v 15759.2 38887 -15933.3 0 0 0
vn 0 0 -1
v 30674.5 23004 -15750.7 0 0 0
vn 0 0 -1
v 35979.2 24758.4 -15877.1 0 0 0
vn 0 0 -1
v 15853.9 39230.4 -16112.1 0 0 0
vn 0 0 -1
v 31782.6 23247.7 -15847.7 0 0 0
vn 0 0 -1
v 21390 23981.2 -15920.7 0 0 0
vn 0 0 -1
v 36746.3 25095.5 -16049.1 0 0 0
vn 0 0 -1
v 32314.4 23399.9 -15984.4 0 0 0
vn 0 0 -1
v 22166.4 23586.8 -15851.8 0 0 0
vn 0 0 -1
v 32432.8 23456 -16000.8 0 0 0
vn 0 0 -1
v 16895.8 27093.5 -15967.7 0 0 0
vn 0 0 -1
v 33254.4 24008.4 -16359 0 0 0
vn 0 0 -1
v 34144 24004.4 -15777.2 0 0 0
vn 0 0 -1
v 34970.6 24384.6 -15994.5 0 0 0
vn 0 0 -1
v 16245.3 27970.3 -15690.4 0 0 0
vn 0 0 -1
v 15973.1 28864.5 -16001.3 0 0 0
vn 0 0 -1
v 15964.1 28904.1 -15994 0 0 0
vn 0 0 -1
v 15693.1 29878.2 -15709.8 0 0 0
vn 0 0 -1
v 15513.7 30929.3 -15722.2 0 0 0
vn 0 0 -1
v 15578.9 31917 -15936 0 0 0
vn 0 0 -1
v 17881.9 25899.7 -15827.2 0 0 0
vn 0 0 -1
v 19623.7 24849.3 -15901.8 0 0 0
vn 0 0 -1
v 18741.7 25294 -15963.4 0 0 0
vn 0 0 -1
v 17576.5 26269.6 -15943.5 0 0 0
vn 0 0 -1
v 18661.1 25328.9 -15969.6 0 0 0
vn 0 0 -1
v 16950.4 27015.9 -15988.1 0 0 0
vn 0 0 -1
v 23390.1 23710.7 -16452 0 0 0
vn 0 0 -1
v 16070.4 32376.9 -16412.5 0 0 0
vn 0 0 -1
v 24150.9 23495.7 -16455.3 0 0 0
vn 0 0 -1
v 25047.4 23390.1 -16571.8 0 0 0
vn 0 0 -1
v 36081.4 25275.8 -16581.3 0 0 0
vn 0 0 -1
v 25860 23393.8 -16773.1 0 0 0
vn 0 0 -1
v 36621 25226.4 -16288.4 0 0 0
vn 0 0 -1
v 16881.4 27970.3 -16091.4 0 0 0
vn 0 0 -1
v 16826.8 29037.9 -16228.8 0 0 0
vn 0 0 -1
v 16227.9 29693.5 -16152.2 0 0 0
vn 0 0 -1
v 16755.2 29959.3 -16360 0 0 0
vn 0 0 -1
v 20541 24368.9 -16075.6 0 0 0
vn 0 0 -1
v 16277.4 30546.1 -16262 0 0 0
vn 0 0 -1
v 21252.6 24606.9 -16487.1 0 0 0
vn 0 0 -1
v 29656.2 23428 -16856.8 0 0 0
vn 0 0 -1
v 22144.3 24179.3 -16453.2 0 0 0
vn 0 0 -1
v 15928.5 33300.2 -16350.6 0 0 0
vn 0 0 -1
v 30269.7 23367.3 -16583.8 0 0 0
vn 0 0 -1
v 20474.6 24914.8 -16376.6 0 0 0
vn 0 0 -1
v 19642.8 25482.6 -16349 0 0 0
vn 0 0 -1
v 17232.3 30701.5 -16536.1 0 0 0
vn 0 0 -1
v 16129.7 31618 -16344.6 0 0 0
vn 0 0 -1
v 16990.1 31471.3 -16662.2 0 0 0
vn 0 0 -1
v 17695.6 26262.5 -16003.9 0 0 0
vn 0 0 -1
v 18552.9 25981.9 -16164.6 0 0 0
vn 0 0 -1
v 17558.4 27091.4 -16155.9 0 0 0
vn 0 0 -1
v 18823.7 27344.6 -16375.3 0 0 0
vn 0 0 -1
v 19909.5 26221.8 -16667.6 0 0 0
vn 0 0 -1
v 19752.1 27354.8 -16466.2 0 0 0
vn 0 0 -1
v 20471.4 27448.2 -16527.1 0 0 0
vn 0 0 -1
v 16013.8 34375.8 -16453.5 0 0 0
vn 0 0 -1
v 18041.2 28106.9 -16289.6 0 0 0
vn 0 0 -1
v 16091.7 35452.7 -16550.7 0 0 0
vn 0 0 -1
v 18246.9 28886.6 -16250.6 0 0 0
vn 0 0 -1
v 16030.5 36453.5 -16464.5 0 0 0
vn 0 0 -1
v 16031.5 37354 -16424 0 0 0
vn 0 0 -1
v 17955.6 29829.9 -16318.8 0 0 0
vn 0 0 -1
v 16036.9 38264.5 -16393.9 0 0 0
vn 0 0 -1
v 18315.5 30767.9 -16421.5 0 0 0
vn 0 0 -1
v 16020.4 39083.7 -16362.7 0 0 0
vn 0 0 -1
v 17904.2 31437.9 -16709.9 0 0 0
vn 0 0 -1
v 16002.9 39280.3 -16343.5 0 0 0
vn 0 0 -1
v 31222.6 23438.8 -16388.1 0 0 0
vn 0 0 -1
v 32231.1 23449.1 -16097.4 0 0 0
vn 0 0 -1
v 33290.3 24342.8 -16855.1 0 0 0
vn 0 0 -1
v 33991.7 24397.1 -16532.1 0 0 0
vn 0 0 -1
v 22647.7 31053.6 -15953.6 0 0 0
vn 0 0 -1
v 22649.8 31094.9 -15954.8 0 0 0
vn 0 0 -1
v 22612.9 31148.1 -15953.4 0 0 0
vn 0 0 -1
v 22603.7 31150.9 -15949.8 0 0 0
vn 0 0 -1
v 22613.9 31171.5 -15946 0 0 0
vn 0 0 -1
v 22670.2 31178.8 -15952.7 0 0 0
vn 0 0 -1
v 22702.1 31210.9 -15953.3 0 0 0
vn 0 0 -1
v 22705.1 31261.7 -15943.1 0 0 0
vn 0 0 -1
v 22726.6 31284.4 -15950.7 0 0 0
vn 0 0 -1
v 22777.4 31327.4 -15954.9 0 0 0
vn 0 0 -1
v 22778.3 31332.9 -15954.8 0 0 0
vn 0 0 -1
v 22674.2 31467.1 -15958.6 0 0 0
vn 0 0 -1
v 22716.8 31463.2 -15959.1 0 0 0
vn 0 0 -1
v 22774.3 31443.6 -15956 0 0 0
vn 0 0 -1
v 22794.8 31389.6 -15956.7 0 0 0
vn 0 0 -1
v 22783.9 31439.6 -15956.9 0 0 0
vn 0 0 -1
v 22662.9 31055.6 -15957.4 0 0 0
vn 0 0 -1
v 22673 31091 -15959.1 0 0 0
vn 0 0 -1
v 22611.7 31155 -15952.9 0 0 0
vn 0 0 -1
v 22655.1 31146.4 -15955.7 0 0 0
vn 0 0 -1
v 22708.9 31049.9 -15969.3 0 0 0
vn 0 0 -1
v 22729 31108.6 -15968.6 0 0 0
vn 0 0 -1
v 22769.4 31059.1 -15983.1 0 0 0
vn 0 0 -1
v 22795.7 31103.5 -15983.6 0 0 0
vn 0 0 -1
v 22717.7 31177.1 -15960.8 0 0 0
vn 0 0 -1
v 22770.9 31150 -15972.4 0 0 0
vn 0 0 -1
v 22727.6 31229.4 -15957.2 0 0 0
vn 0 0 -1
v 22775.8 31196.5 -15969.6 0 0 0
vn 0 0 -1
v 22725.8 31268.6 -15953.2 0 0 0
vn 0 0 -1
v 22775.4 31275.9 -15962.1 0 0 0
vn 0 0 -1
v 22779.2 31327.8 -15955.2 0 0 0
vn 0 0 -1
v 22679.5 31486.8 -15965.5 0 0 0
vn 0 0 -1
v 22719.2 31502.2 -15973.4 0 0 0
vn 0 0 -1
v 22778.3 31469.9 -15966.4 0 0 0
vn 0 0 -1
v 22821.6 31159.2 -15982.9 0 0 0
vn 0 0 -1
v 22836.2 31212.8 -15980.3 0 0 0
vn 0 0 -1
v 22874.4 31173 -15994.8 0 0 0
vn 0 0 -1
v 22883.2 31222.9 -15990.6 0 0 0
vn 0 0 -1
v 22847.6 31261.2 -15977.4 0 0 0
vn 0 0 -1
v 22883 31277.7 -15984 0 0 0
vn 0 0 -1
v 22827.4 31330.5 -15966.8 0 0 0
vn 0 0 -1
v 22916.4 31324.2 -15989.7 0 0 0
vn 0 0 -1
v 22832.4 31403.7 -15966.2 0 0 0
vn 0 0 -1
v 22884.1 31376.4 -15978.5 0 0 0
vn 0 0 -1
v 22823.9 31451 -15969.6 0 0 0
vn 0 0 -1
v 22893.5 31448.3 -15986.9 0 0 0
vn 0 0 -1
v 22846.3 31492 -15985.7 0 0 0
vn 0 0 -1
v 22889.4 31496 -15995.4 0 0 0
vn 0 0 -1
v 22469.2 30909.6 -15898.5 0 0 0
vn 0 0 -1
v 22488.9 30985.3 -15897.4 0 0 0
vn 0 0 -1
v 22444.6 30821.7 -15899.3 0 0 0
vn 0 0 -1
v 22495.1 30989.5 -15899 0 0 0
vn 0 0 -1
v 22455.2 30864.2 -15898.2 0 0 0
vn 0 0 -1
v 22499.6 31038.3 -15899.5 0 0 0
vn 0 0 -1
v 22495.8 31062.7 -15898.8 0 0 0
vn 0 0 -1
v 22492.2 31111 -15898 0 0 0
vn 0 0 -1
v 22493.2 31155.8 -15897.2 0 0 0
vn 0 0 -1
v 22494.2 31158.6 -15897.3 0 0 0
vn 0 0 -1
v 22519 31212.5 -15903.4 0 0 0
vn 0 0 -1
v 22494.3 31269.3 -15897.5 0 0 0
vn 0 0 -1
v 22493.5 31271.2 -15897.6 0 0 0
vn 0 0 -1
v 22663.2 31270.2 -15901.7 0 0 0
vn 0 0 -1
v 22662.9 31272.2 -15899.8 0 0 0
vn 0 0 -1
v 22665.4 31273.6 -15901.8 0 0 0
vn 0 0 -1
v 22657.8 31284.8 -15905.8 0 0 0
vn 0 0 -1
v 22508.7 30940 -15909.4 0 0 0
vn 0 0 -1
v 22495.2 30986.2 -15899.2 0 0 0
vn 0 0 -1
v 22475.1 30805.9 -15914.5 0 0 0
vn 0 0 -1
v 22545.9 30936.1 -15923.9 0 0 0
vn 0 0 -1
v 22488 30865.9 -15910.1 0 0 0
vn 0 0 -1
v 22529.9 30990.4 -15913.7 0 0 0
vn 0 0 -1
v 22530.8 30825.5 -15933.3 0 0 0
vn 0 0 -1
v 22544.8 31054.6 -15918.8 0 0 0
vn 0 0 -1
v 22546.4 30887.6 -15929.9 0 0 0
vn 0 0 -1
v 22501.3 31110.1 -15902 0 0 0
vn 0 0 -1
v 22546.6 31102.1 -15921.3 0 0 0
vn 0 0 -1
v 22494.6 31155.6 -15897.9 0 0 0
vn 0 0 -1
v 22537.1 31159.9 -15916 0 0 0
vn 0 0 -1
v 22601.4 31039.4 -15939.7 0 0 0
vn 0 0 -1
v 22605.9 31094.5 -15943.9 0 0 0
vn 0 0 -1
v 22561 31208.9 -15919.3 0 0 0
vn 0 0 -1
v 22494.8 31271.5 -15898.1 0 0 0
vn 0 0 -1
v 22545.2 31254.5 -15909.9 0 0 0
vn 0 0 -1
v 22610.9 31231.8 -15923.3 0 0 0
vn 0 0 -1
v 22664.2 31215.8 -15940.4 0 0 0
vn 0 0 -1
v 22627.8 31280.9 -15910.3 0 0 0
vn 0 0 -1
v 22559.4 31318.6 -15915.9 0 0 0
vn 0 0 -1
v 22634 31322.8 -15920.6 0 0 0
vn 0 0 -1
v 22677.7 31305 -15925.3 0 0 0
vn 0 0 -1
v 22523.8 31392.3 -15930.7 0 0 0
vn 0 0 -1
v 22613.4 31379.9 -15934.3 0 0 0
vn 0 0 -1
v 22672.2 31362.4 -15936.3 0 0 0
vn 0 0 -1
v 22729.3 31333.5 -15945.6 0 0 0
vn 0 0 -1
v 22735.7 31392 -15949.2 0 0 0
vn 0 0 -1
v 22778.6 31387.8 -15953.6 0 0 0
vn 0 0 -1
v 22681.4 31435.7 -15951.4 0 0 0
vn 0 0 -1
v 22735 31439 -15953.7 0 0 0
vn 0 0 -1
v 22776.1 31434.9 -15954.9 0 0 0
vn 0 0 -1
v 21446.1 31309.1 -15894.3 0 0 0
vn 0 0 -1
v 21964.6 30014.5 -15900.4 0 0 0
vn 0 0 -1
v 21547.7 31310.9 -15884 0 0 0
vn 0 0 -1
v 21985.4 30061.7 -15898.5 0 0 0
vn 0 0 -1
v 21640.3 31337 -15891.8 0 0 0
vn 0 0 -1
v 22037.2 30155.1 -15899.3 0 0 0
vn 0 0 -1
v 22073.6 30234.5 -15896 0 0 0
vn 0 0 -1
v 21754.6 31363.3 -15896.1 0 0 0
vn 0 0 -1
v 21861.6 31383.9 -15897.9 0 0 0
vn 0 0 -1
v 22091.7 30264.8 -15897.5 0 0 0
vn 0 0 -1
v 21870.8 31385 -15897.9 0 0 0
vn 0 0 -1
v 22165.5 30367.7 -15908.8 0 0 0
vn 0 0 -1
v 22214.3 31378 -15896.3 0 0 0
vn 0 0 -1
v 22173.3 30456.3 -15894.4 0 0 0
vn 0 0 -1
v 22179.9 31381.5 -15898.7 0 0 0
vn 0 0 -1
v 22196.5 30517.1 -15892 0 0 0
vn 0 0 -1
v 22320.2 31371.9 -15895.2 0 0 0
vn 0 0 -1
v 22275.1 30593.5 -15900.2 0 0 0
vn 0 0 -1
v 21964.8 31403.4 -15908.6 0 0 0
vn 0 0 -1
v 22324.8 30653.5 -15900 0 0 0
vn 0 0 -1
v 22061 31400.7 -15906.9 0 0 0
vn 0 0 -1
v 22372.4 30728.6 -15896.3 0 0 0
vn 0 0 -1
v 22437 30808.4 -15899.3 0 0 0
vn 0 0 -1
v 21210.2 31281.4 -15897.7 0 0 0
vn 0 0 -1
v 21331.5 31301 -15899.6 0 0 0
vn 0 0 -1
v 22449.1 31322.3 -15899.6 0 0 0
vn 0 0 -1
v 21983.1 30008.5 -15910.7 0 0 0
vn 0 0 -1
v 21402.4 31363.1 -15937.2 0 0 0
vn 0 0 -1
v 22056 30033.9 -15939.8 0 0 0
vn 0 0 -1
v 21536.9 31374 -15929.6 0 0 0
vn 0 0 -1
v 22077.9 30126.1 -15926.6 0 0 0
vn 0 0 -1
v 22087.1 30234 -15902.6 0 0 0
vn 0 0 -1
v 21678.3 31400.4 -15928 0 0 0
vn 0 0 -1
v 21764.3 31400.7 -15917.6 0 0 0
vn 0 0 -1
v 22194.9 30269.4 -15945.3 0 0 0
vn 0 0 -1
v 22207.8 30369.4 -15926.5 0 0 0
vn 0 0 -1
v 21636.7 31466.9 -15976.8 0 0 0
vn 0 0 -1
v 22289.9 30401.8 -15952 0 0 0
vn 0 0 -1
v 21722.4 31475.9 -15971.5 0 0 0
vn 0 0 -1
v 22211.2 30446.5 -15911 0 0 0
vn 0 0 -1
v 21855.5 31454.3 -15944.5 0 0 0
vn 0 0 -1
v 22287.1 30507.2 -15924.6 0 0 0
vn 0 0 -1
v 22218.1 31388.5 -15900.8 0 0 0
vn 0 0 -1
v 22334 30572.8 -15923.8 0 0 0
vn 0 0 -1
v 22325.9 31383.9 -15900.1 0 0 0
vn 0 0 -1
v 21979.7 31484.6 -15957.4 0 0 0
vn 0 0 -1
v 22377.7 30509.7 -15956.3 0 0 0
vn 0 0 -1
v 22091 31489.7 -15957.2 0 0 0
vn 0 0 -1
v 22443.9 30608.3 -15953.5 0 0 0
vn 0 0 -1
v 22569 30604.2 -16001.5 0 0 0
vn 0 0 -1
v 22185 31485 -15952.6 0 0 0
vn 0 0 -1
v 22451.2 30740.3 -15920.3 0 0 0
vn 0 0 -1
v 22304.4 31477.9 -15949.3 0 0 0
vn 0 0 -1
v 22537.4 30729.6 -15956.6 0 0 0
vn 0 0 -1
v 22626.5 30789.8 -15978.8 0 0 0
vn 0 0 -1
v 21150.9 31391.7 -15969.7 0 0 0
vn 0 0 -1
v 21282.9 31372.5 -15951.2 0 0 0
vn 0 0 -1
v 22651.8 30964.2 -15961.3 0 0 0
vn 0 0 -1
v 22781.2 30965.7 -16001.8 0 0 0
vn 0 0 -1
v 22419 31406.1 -15924.1 0 0 0
vn 0 0 -1
v 22451.4 31511.2 -15970.5 0 0 0
vn 0 0 -1
v 22616.6 31476.4 -15962.3 0 0 0
vn 0 0 -1
v 22976.3 31383.3 -16006 0 0 0
vn 0 0 -1
v 22354.1 31061.4 -15862.9 0 0 0
vn 0 0 -1
v 22343.4 31076.5 -15857.3 0 0 0
vn 0 0 -1
v 22365.1 31078 -15865.6 0 0 0
vn 0 0 -1
v 22351.5 31096.4 -15868.1 0 0 0
vn 0 0 -1
v 22354.4 31098.3 -15865.8 0 0 0
vn 0 0 -1
v 22352.3 31098.2 -15867.8 0 0 0
vn 0 0 -1
v 22353.3 31079.9 -15866.2 0 0 0
vn 0 0 -1
v 22352.5 31096.8 -15868.6 0 0 0
vn 0 0 -1
v 22210.6 30950.8 -15838.4 0 0 0
vn 0 0 -1
v 22209.2 30958.5 -15839.2 0 0 0
vn 0 0 -1
v 22210.5 30960.4 -15839.3 0 0 0
vn 0 0 -1
v 22226.7 30929.1 -15841.3 0 0 0
vn 0 0 -1
v 22268.7 30953.8 -15842.7 0 0 0
vn 0 0 -1
v 22255.7 30958.7 -15840.4 0 0 0
vn 0 0 -1
v 22231.9 30968.4 -15836.9 0 0 0
vn 0 0 -1
v 22294.6 30984.7 -15841.9 0 0 0
vn 0 0 -1
v 22300.9 31005.7 -15842 0 0 0
vn 0 0 -1
v 22298.6 31028 -15840.9 0 0 0
vn 0 0 -1
v 22285.1 31050.1 -15836.5 0 0 0
vn 0 0 -1
v 22284.5 31072.8 -15837.1 0 0 0
vn 0 0 -1
v 22322.6 31067.4 -15844.3 0 0 0
vn 0 0 -1
v 22308.4 31072 -15840.7 0 0 0
vn 0 0 -1
v 22295.6 31082.4 -15838.3 0 0 0
vn 0 0 -1
v 22266.8 31156.7 -15840.5 0 0 0
vn 0 0 -1
v 22278 31154.3 -15839.8 0 0 0
vn 0 0 -1
v 22331.6 31077.4 -15844.6 0 0 0
vn 0 0 -1
v 22343.3 31089.8 -15847.7 0 0 0
vn 0 0 -1
v 22357.2 31105.2 -15850.2 0 0 0
vn 0 0 -1
v 22366.4 31127 -15845.8 0 0 0
vn 0 0 -1
v 22351.3 31153.8 -15841 0 0 0
vn 0 0 -1
v 22350.5 31157.2 -15840.9 0 0 0
vn 0 0 -1
v 22212.3 30958.1 -15840.3 0 0 0
vn 0 0 -1
v 22251.1 30939.2 -15843.7 0 0 0
vn 0 0 -1
v 22231 30952.1 -15841 0 0 0
vn 0 0 -1
v 22275.1 30928.3 -15848.3 0 0 0
vn 0 0 -1
v 22316.2 30993.6 -15848 0 0 0
vn 0 0 -1
v 22327.6 31016.3 -15850.9 0 0 0
vn 0 0 -1
v 22302.4 31054.2 -15841.8 0 0 0
vn 0 0 -1
v 22327.1 31048 -15850.8 0 0 0
vn 0 0 -1
v 22294.5 31068.1 -15839.6 0 0 0
vn 0 0 -1
v 22266.9 31157.4 -15840.6 0 0 0
vn 0 0 -1
v 22349.7 30993.2 -15858.3 0 0 0
vn 0 0 -1
v 22352.1 31015.3 -15858.7 0 0 0
vn 0 0 -1
v 22386.7 30979.5 -15869.1 0 0 0
vn 0 0 -1
v 22374.4 31014.9 -15864.8 0 0 0
vn 0 0 -1
v 22352.3 31034.8 -15859.7 0 0 0
vn 0 0 -1
v 22372.4 31052.9 -15865.4 0 0 0
vn 0 0 -1
v 22385 31073.4 -15865.9 0 0 0
vn 0 0 -1
v 22352.2 31097.5 -15864.8 0 0 0
vn 0 0 -1
v 22373.1 31101.7 -15857 0 0 0
vn 0 0 -1
v 22386 31128.6 -15852.4 0 0 0
vn 0 0 -1
v 22351.8 31157.6 -15841.1 0 0 0
vn 0 0 -1
v 22376.5 31155 -15846.1 0 0 0
vn 0 0 -1
v 22329.6 31171.8 -15842.2 0 0 0
vn 0 0 -1
v 22435.5 31210.8 -15843.8 0 0 0
vn 0 0 -1
v 22435.5 31213.9 -15842.5 0 0 0
vn 0 0 -1
v 22107.9 30702.7 -15841.1 0 0 0
vn 0 0 -1
v 22435.5 31218 -15845.7 0 0 0
vn 0 0 -1
v 22077.6 30603.9 -15843 0 0 0
vn 0 0 -1
v 22119.4 30752.9 -15837.1 0 0 0
vn 0 0 -1
v 22437.6 31214.2 -15842.9 0 0 0
vn 0 0 -1
v 22068.2 30648.4 -15836.3 0 0 0
vn 0 0 -1
v 22150.4 30789.2 -15838.4 0 0 0
vn 0 0 -1
v 22177.9 30823.4 -15838.4 0 0 0
vn 0 0 -1
v 22090.7 30687.7 -15838.7 0 0 0
vn 0 0 -1
v 22200.8 30861.1 -15837.7 0 0 0
vn 0 0 -1
v 22217.3 30873.2 -15840.9 0 0 0
vn 0 0 -1
v 22262.6 31158.3 -15840 0 0 0
vn 0 0 -1
v 21928.8 31269.3 -15840.7 0 0 0
vn 0 0 -1
v 21916.9 31269 -15840.7 0 0 0
vn 0 0 -1
v 21982.8 31260.9 -15839 0 0 0
vn 0 0 -1
v 22041.2 31253.7 -15838.8 0 0 0
vn 0 0 -1
v 22093.8 31248.6 -15840.6 0 0 0
vn 0 0 -1
v 22217.9 31202 -15841 0 0 0
vn 0 0 -1
v 22195.7 31209.2 -15839.9 0 0 0
vn 0 0 -1
v 22149.1 31232.6 -15840.8 0 0 0
vn 0 0 -1
v 22325.8 31228.2 -15853.4 0 0 0
vn 0 0 -1
v 22387.7 31202.7 -15846.8 0 0 0
vn 0 0 -1
v 22112.3 30587.7 -15855.1 0 0 0
vn 0 0 -1
v 22443.3 31161.4 -15869.1 0 0 0
vn 0 0 -1
v 22147.2 30694.6 -15850.7 0 0 0
vn 0 0 -1
v 22324 31265.6 -15863.1 0 0 0
vn 0 0 -1
v 22101.8 30652.1 -15845.1 0 0 0
vn 0 0 -1
v 22152.1 30741.6 -15845.6 0 0 0
vn 0 0 -1
v 22384.5 31258.8 -15864.7 0 0 0
vn 0 0 -1
v 22189.5 30710.9 -15857.4 0 0 0
vn 0 0 -1
v 22459.7 31259.9 -15880.8 0 0 0
vn 0 0 -1
v 22206.1 30774.5 -15851.3 0 0 0
vn 0 0 -1
v 22462.6 31215.1 -15869.7 0 0 0
vn 0 0 -1
v 22210.5 30830.9 -15844.4 0 0 0
vn 0 0 -1
v 22664 31272.3 -15899.8 0 0 0
vn 0 0 -1
v 22261.1 30696 -15874.6 0 0 0
vn 0 0 -1
v 22283.8 30762 -15867.2 0 0 0
vn 0 0 -1
v 22313.5 30719.7 -15880.7 0 0 0
vn 0 0 -1
v 22324.8 30761.5 -15875.9 0 0 0
vn 0 0 -1
v 22247.1 30821.8 -15853 0 0 0
vn 0 0 -1
v 22304.6 30815.2 -15865.2 0 0 0
vn 0 0 -1
v 22261.3 30888 -15850 0 0 0
vn 0 0 -1
v 22327.6 30886.9 -15863.3 0 0 0
vn 0 0 -1
v 22312.1 30955.2 -15851.7 0 0 0
vn 0 0 -1
v 21927 31273.5 -15842.6 0 0 0
vn 0 0 -1
v 21974.4 31272.9 -15843.7 0 0 0
vn 0 0 -1
v 22027.4 31278.5 -15848.2 0 0 0
vn 0 0 -1
v 22082.1 31270.1 -15847.6 0 0 0
vn 0 0 -1
v 22216 31215.3 -15843.6 0 0 0
vn 0 0 -1
v 22132.2 31275.3 -15853.9 0 0 0
vn 0 0 -1
v 22193.2 31260.9 -15854.8 0 0 0
vn 0 0 -1
v 22267 31187.5 -15843.7 0 0 0
vn 0 0 -1
v 22268.5 31260 -15859.6 0 0 0
vn 0 0 -1
v 22376.9 30815.1 -15882.4 0 0 0
vn 0 0 -1
v 22399.4 30876.8 -15881.4 0 0 0
vn 0 0 -1
v 22436.3 30825.5 -15896.2 0 0 0
vn 0 0 -1
v 22442.6 30878.1 -15893 0 0 0
vn 0 0 -1
v 22368.7 30938.8 -15867.7 0 0 0
vn 0 0 -1
v 22426.8 30935.4 -15883.5 0 0 0
vn 0 0 -1
v 22419.1 30991.7 -15877.2 0 0 0
vn 0 0 -1
v 22431.9 31039.7 -15878.9 0 0 0
vn 0 0 -1
v 22494.3 31037.3 -15897.5 0 0 0
vn 0 0 -1
v 22433.8 31102.5 -15874.5 0 0 0
vn 0 0 -1
v 21924.6 30787.1 -15812.2 0 0 0
vn 0 0 -1
v 21924.4 30787.3 -15812.2 0 0 0
vn 0 0 -1
v 21924.5 30787.4 -15812.2 0 0 0
vn 0 0 -1
v 21924.6 30787.2 -15812.2 0 0 0
vn 0 0 -1
v 22063.2 30815.4 -15812 0 0 0
vn 0 0 -1
v 22066.6 30820.7 -15811.8 0 0 0
vn 0 0 -1
v 22084.4 30847 -15812.1 0 0 0
vn 0 0 -1
v 22095.5 30855.2 -15814.2 0 0 0
vn 0 0 -1
v 22098.2 30879.7 -15810.2 0 0 0
vn 0 0 -1
v 22087.2 30894.2 -15804.9 0 0 0
vn 0 0 -1
v 22096.7 30909.8 -15800.7 0 0 0
vn 0 0 -1
v 22102.6 30867.8 -15813.1 0 0 0
vn 0 0 -1
v 22122.7 30884.8 -15813.3 0 0 0
vn 0 0 -1
v 22112.4 30899.8 -15808.5 0 0 0
vn 0 0 -1
v 22149.4 30900 -15813.6 0 0 0
vn 0 0 -1
v 22151.3 30909.1 -15811.9 0 0 0
vn 0 0 -1
v 22171.3 30938.2 -15813.3 0 0 0
vn 0 0 -1
v 22173.4 30957.5 -15810 0 0 0
vn 0 0 -1
v 22164.8 30982.4 -15799.2 0 0 0
vn 0 0 -1
v 22182.8 31002.6 -15809.4 0 0 0
vn 0 0 -1
v 22192.4 31018.3 -15811.6 0 0 0
vn 0 0 -1
v 22195.6 31045.5 -15812.5 0 0 0
vn 0 0 -1
v 22237.2 31006.1 -15819.9 0 0 0
vn 0 0 -1
v 22226.2 31017.5 -15816.8 0 0 0
vn 0 0 -1
v 22247.7 31017.4 -15819.9 0 0 0
vn 0 0 -1
v 22237.8 31030.3 -15817.4 0 0 0
vn 0 0 -1
v 22185.7 31069.9 -15811.8 0 0 0
vn 0 0 -1
v 22183.2 31080.3 -15812.3 0 0 0
vn 0 0 -1
v 22168.5 31097.1 -15811.1 0 0 0
vn 0 0 -1
v 21924.5 30787.2 -15812.4 0 0 0
vn 0 0 -1
v 22066.4 30813.2 -15813.6 0 0 0
vn 0 0 -1
v 22257.1 31038.2 -15824.2 0 0 0
vn 0 0 -1
v 22095.2 30814.7 -15821.3 0 0 0
vn 0 0 -1
v 22099.8 30850.3 -15816.2 0 0 0
vn 0 0 -1
v 22264.9 31064.3 -15829.9 0 0 0
vn 0 0 -1
v 22097.3 30898.1 -15807.5 0 0 0
vn 0 0 -1
v 22322.9 31074 -15841.7 0 0 0
vn 0 0 -1
v 22120.9 30866.7 -15817.2 0 0 0
vn 0 0 -1
v 22154.1 30874.3 -15822.2 0 0 0
vn 0 0 -1
v 22274.5 31093.1 -15833.9 0 0 0
vn 0 0 -1
v 22154.8 30901.3 -15814.7 0 0 0
vn 0 0 -1
v 22299.2 31102.6 -15837 0 0 0
vn 0 0 -1
v 22180.1 30926.8 -15821.2 0 0 0
vn 0 0 -1
v 22184.6 30952.9 -15820 0 0 0
vn 0 0 -1
v 22322.7 31088.4 -15839.9 0 0 0
vn 0 0 -1
v 22210.3 30920.4 -15836.4 0 0 0
vn 0 0 -1
v 22189.5 30972.6 -15819.9 0 0 0
vn 0 0 -1
v 22213.9 30996.1 -15821.9 0 0 0
vn 0 0 -1
v 22265.3 31141.1 -15837.2 0 0 0
vn 0 0 -1
v 22209.3 31021.4 -15815.7 0 0 0
vn 0 0 -1
v 22290.4 31130.3 -15837.2 0 0 0
vn 0 0 -1
v 22219.2 31037.3 -15816.3 0 0 0
vn 0 0 -1
v 22269.8 30967.2 -15839.8 0 0 0
vn 0 0 -1
v 22237 30988.6 -15828.1 0 0 0
vn 0 0 -1
v 22259.3 30989.5 -15832.3 0 0 0
vn 0 0 -1
v 22274.6 31022.5 -15831.5 0 0 0
vn 0 0 -1
v 22239 31049.5 -15820.3 0 0 0
vn 0 0 -1
v 22291.5 30989.1 -15840.3 0 0 0
vn 0 0 -1
v 22291.1 31009.7 -15838.5 0 0 0
vn 0 0 -1
v 22210 31069.3 -15817.2 0 0 0
vn 0 0 -1
v 22182.8 31102.5 -15815.6 0 0 0
vn 0 0 -1
v 22202.5 31094.9 -15818.8 0 0 0
vn 0 0 -1
v 22244.3 31074.9 -15825.1 0 0 0
vn 0 0 -1
v 22234.6 31097.9 -15825.9 0 0 0
vn 0 0 -1
v 22323.2 31127.2 -15838 0 0 0
vn 0 0 -1
v 22301.8 31141.8 -15838.1 0 0 0
vn 0 0 -1
v 22325.3 31153.7 -15839.6 0 0 0
vn 0 0 -1
v 22344.6 31105.6 -15841.5 0 0 0
vn 0 0 -1
v 22352.7 31122.6 -15841.6 0 0 0
vn 0 0 -1
v 21909.9 30707 -15784.5 0 0 0
vn 0 0 -1
v 21908.4 30731.7 -15782.9 0 0 0
vn 0 0 -1
v 21923.1 30758.4 -15782.4 0 0 0
vn 0 0 -1
v 21926.3 30761 -15783 0 0 0
vn 0 0 -1
v 21953.1 30782.4 -15783.4 0 0 0
vn 0 0 -1
v 21956.9 30788.6 -15781.5 0 0 0
vn 0 0 -1
v 21977 30807.1 -15778.4 0 0 0
vn 0 0 -1
v 21985.3 30865.9 -15772.7 0 0 0
vn 0 0 -1
v 21982.3 30879.7 -15776.7 0 0 0
vn 0 0 -1
v 21982.5 30899.5 -15783.4 0 0 0
vn 0 0 -1
v 21982.7 30899.9 -15783.5 0 0 0
vn 0 0 -1
v 21991.1 30816.7 -15780.1 0 0 0
vn 0 0 -1
v 22010 30833.9 -15782.9 0 0 0
vn 0 0 -1
v 22026.4 30850.1 -15785.1 0 0 0
vn 0 0 -1
v 21988.8 30880.2 -15778 0 0 0
vn 0 0 -1
v 22036.7 30855.4 -15787.2 0 0 0
vn 0 0 -1
v 22043.9 30876 -15787.4 0 0 0
vn 0 0 -1
v 21983 30899.6 -15783.4 0 0 0
vn 0 0 -1
v 22037.8 30890.1 -15783 0 0 0
vn 0 0 -1
v 22029.7 30894.5 -15775.7 0 0 0
vn 0 0 -1
v 22042.2 30911.5 -15772.1 0 0 0
vn 0 0 -1
v 22061.7 30910.3 -15783.3 0 0 0
vn 0 0 -1
v 22086.2 30922.5 -15786.4 0 0 0
vn 0 0 -1
v 22098.7 30929.8 -15788.3 0 0 0
vn 0 0 -1
v 22098.8 30978.4 -15782.9 0 0 0
vn 0 0 -1
v 22079.2 30989.5 -15781.5 0 0 0
vn 0 0 -1
v 22009.6 31036.4 -15782.5 0 0 0
vn 0 0 -1
v 21997.9 31041.3 -15782 0 0 0
vn 0 0 -1
v 22013.5 31040.3 -15783.1 0 0 0
vn 0 0 -1
v 22092.9 31005.1 -15782.9 0 0 0
vn 0 0 -1
v 22041.7 31056 -15784.6 0 0 0
vn 0 0 -1
v 22069.5 31049.8 -15784.1 0 0 0
vn 0 0 -1
v 22097.2 31059.4 -15786.8 0 0 0
vn 0 0 -1
v 22108.3 30951.1 -15786 0 0 0
vn 0 0 -1
v 22152.2 30956.9 -15786.6 0 0 0
vn 0 0 -1
v 22147.8 30957.9 -15787 0 0 0
vn 0 0 -1
v 22126.5 30966.4 -15786.1 0 0 0
vn 0 0 -1
v 22101.6 30991.1 -15783.5 0 0 0
vn 0 0 -1
v 22149.4 30979.1 -15786.7 0 0 0
vn 0 0 -1
v 22149.1 30987.4 -15786 0 0 0
vn 0 0 -1
v 22154.9 30959.2 -15789 0 0 0
vn 0 0 -1
v 22125 31002.3 -15785.8 0 0 0
vn 0 0 -1
v 22108.8 31015.7 -15784.3 0 0 0
vn 0 0 -1
v 22124.6 31022.6 -15786.5 0 0 0
vn 0 0 -1
v 22125.5 31042.5 -15785.5 0 0 0
vn 0 0 -1
v 22121.9 31044.6 -15784.8 0 0 0
vn 0 0 -1
v 21927.4 30704.1 -15791.8 0 0 0
vn 0 0 -1
v 21926.5 30725.7 -15790.1 0 0 0
vn 0 0 -1
v 21925.8 30758.3 -15783.9 0 0 0
vn 0 0 -1
v 21924.5 30787.2 -15812.1 0 0 0
vn 0 0 -1
v 21957.7 30759.6 -15792.6 0 0 0
vn 0 0 -1
v 21979.5 30762.2 -15798.2 0 0 0
vn 0 0 -1
v 21978 30789 -15788.8 0 0 0
vn 0 0 -1
v 21983.9 30879.6 -15779.1 0 0 0
vn 0 0 -1
v 21982.7 30899.7 -15783.5 0 0 0
vn 0 0 -1
v 22008.3 30813.4 -15789.9 0 0 0
vn 0 0 -1
v 22040.9 30827.3 -15798.6 0 0 0
vn 0 0 -1
v 22041.6 30850.8 -15790.9 0 0 0
vn 0 0 -1
v 22062.4 30841 -15804.4 0 0 0
vn 0 0 -1
v 22074.1 30869.6 -15803 0 0 0
vn 0 0 -1
v 22094.4 30866.5 -15811.3 0 0 0
vn 0 0 -1
v 22043.4 30896.9 -15783 0 0 0
vn 0 0 -1
v 22070.3 30899 -15793.6 0 0 0
vn 0 0 -1
v 22130.6 30902 -15810 0 0 0
vn 0 0 -1
v 22121.5 30923.9 -15799.9 0 0 0
vn 0 0 -1
v 22151.5 30946.3 -15796.8 0 0 0
vn 0 0 -1
v 22096 30988.6 -15783.2 0 0 0
vn 0 0 -1
v 22010.1 31039.1 -15783.1 0 0 0
vn 0 0 -1
v 22038.7 31081.3 -15788.8 0 0 0
vn 0 0 -1
v 22072 31072.6 -15788.5 0 0 0
vn 0 0 -1
v 22099.3 31074.7 -15790.9 0 0 0
vn 0 0 -1
v 22038.6 31100.7 -15792.9 0 0 0
vn 0 0 -1
v 22061.7 31099.3 -15794.3 0 0 0
vn 0 0 -1
v 22090.2 31092.4 -15795 0 0 0
vn 0 0 -1
v 22130.5 30952.1 -15790.3 0 0 0
vn 0 0 -1
v 22151.4 30986.8 -15786.8 0 0 0
vn 0 0 -1
v 22124.7 31013.9 -15786.8 0 0 0
vn 0 0 -1
v 22149.8 31010.9 -15793.1 0 0 0
vn 0 0 -1
v 22152.3 31051.1 -15797.9 0 0 0
vn 0 0 -1
v 22180.9 31016.2 -15807 0 0 0
vn 0 0 -1
v 22179.2 31034.6 -15806.3 0 0 0
vn 0 0 -1
v 22237.8 31016.4 -15816.6 0 0 0
vn 0 0 -1
v 22123.5 31061.3 -15790.9 0 0 0
vn 0 0 -1
v 22158.1 31081.1 -15805.3 0 0 0
vn 0 0 -1
v 22124.9 31094.5 -15800.9 0 0 0
vn 0 0 -1
v 22154.7 31098.2 -15808 0 0 0
vn 0 0 -1
v 22180.5 31067.6 -15810 0 0 0
vn 0 0 -1
v 21813.7 31155.5 -15784.3 0 0 0
vn 0 0 -1
v 21807.5 31157.5 -15784.9 0 0 0
vn 0 0 -1
v 21868.7 31130.5 -15783.9 0 0 0
vn 0 0 -1
v 21994.6 31054.6 -15782.8 0 0 0
vn 0 0 -1
v 21930.7 31099.3 -15784 0 0 0
vn 0 0 -1
v 21922.1 31102.3 -15783.5 0 0 0
vn 0 0 -1
v 21923.1 30497 -15784 0 0 0
vn 0 0 -1
v 21916.5 30536.1 -15782 0 0 0
vn 0 0 -1
v 21926 30473.4 -15784.1 0 0 0
vn 0 0 -1
v 21913.7 30592.8 -15782.7 0 0 0
vn 0 0 -1
v 21905.1 30662 -15780.8 0 0 0
vn 0 0 -1
v 22436.9 31214.2 -15842.3 0 0 0
vn 0 0 -1
v 21813.6 31156.8 -15784.8 0 0 0
vn 0 0 -1
v 21924.6 30538.3 -15785.3 0 0 0
vn 0 0 -1
v 21854 31155.5 -15790.1 0 0 0
vn 0 0 -1
v 21964.1 30460.3 -15805.2 0 0 0
vn 0 0 -1
v 21964.7 30543.3 -15802.4 0 0 0
vn 0 0 -1
v 21975.1 30709.9 -15804.1 0 0 0
vn 0 0 -1
v 21935.3 30583.9 -15791.2 0 0 0
vn 0 0 -1
v 22063.4 30698.5 -15829.9 0 0 0
vn 0 0 -1
v 22030.7 30783.5 -15807.2 0 0 0
vn 0 0 -1
v 21970.9 30601.7 -15805.4 0 0 0
vn 0 0 -1
v 22096.8 30707.4 -15837.9 0 0 0
vn 0 0 -1
v 21935 30647.2 -15792.8 0 0 0
vn 0 0 -1
v 22083.5 30762.2 -15826.7 0 0 0
vn 0 0 -1
v 21991.3 30636.3 -15812.7 0 0 0
vn 0 0 -1
v 22030.9 30606.9 -15827 0 0 0
vn 0 0 -1
v 22136.3 30833 -15827.6 0 0 0
vn 0 0 -1
v 22031.2 30652.4 -15825 0 0 0
vn 0 0 -1
v 22196.1 30884.2 -15832.8 0 0 0
vn 0 0 -1
v 22005.5 31102.9 -15791.7 0 0 0
vn 0 0 -1
v 21906.1 31146.9 -15794.1 0 0 0
vn 0 0 -1
v 21969.1 31155.2 -15802.4 0 0 0
vn 0 0 -1
v 22039.8 31148.6 -15805.9 0 0 0
vn 0 0 -1
v 22095.5 31126.6 -15805.2 0 0 0
vn 0 0 -1
v 22156 31137.4 -15817.6 0 0 0
vn 0 0 -1
v 22216.8 31142.2 -15829.6 0 0 0
vn 0 0 -1
v 21860.4 31197.8 -15808.2 0 0 0
vn 0 0 -1
v 21938.5 31224.4 -15823.5 0 0 0
vn 0 0 -1
v 22002.7 31215.8 -15823.5 0 0 0
vn 0 0 -1
v 21847.4 31305.6 -15859.5 0 0 0
vn 0 0 -1
v 22053.4 31221.3 -15828.3 0 0 0
vn 0 0 -1
v 22107.9 31201.2 -15827.3 0 0 0
vn 0 0 -1
v 22152.4 31210.3 -15834.6 0 0 0
vn 0 0 -1
v 21670.4 30044.6 -15778.4 0 0 0
vn 0 0 -1
v 21752.7 30125 -15783.9 0 0 0
vn 0 0 -1
v 21762.7 30137.7 -15783.8 0 0 0
vn 0 0 -1
v 21821.6 30232.2 -15782.8 0 0 0
vn 0 0 -1
v 21862.8 30291.3 -15785.9 0 0 0
vn 0 0 -1
v 21919.7 30408.8 -15791 0 0 0
vn 0 0 -1
v 21431.4 31167.8 -15789.1 0 0 0
vn 0 0 -1
v 21542.9 31174.1 -15786.4 0 0 0
vn 0 0 -1
v 20992.7 31006.3 -15781.6 0 0 0
vn 0 0 -1
v 21638.2 31205.9 -15805 0 0 0
vn 0 0 -1
v 21066.1 31036.2 -15783.9 0 0 0
vn 0 0 -1
v 21742.1 31166.4 -15784.3 0 0 0
vn 0 0 -1
v 21086.8 31039.2 -15782.7 0 0 0
vn 0 0 -1
v 21205.4 31102.2 -15792.4 0 0 0
vn 0 0 -1
v 21284.1 31124.9 -15789.3 0 0 0
vn 0 0 -1
v 21370.9 31153.5 -15791.3 0 0 0
vn 0 0 -1
v 21756.1 30018 -15814.9 0 0 0
vn 0 0 -1
v 21911.8 30026.8 -15874.6 0 0 0
vn 0 0 -1
v 21859.6 30144.1 -15821.9 0 0 0
vn 0 0 -1
v 21865.5 30244.4 -15796.6 0 0 0
vn 0 0 -1
v 21394.6 31249.1 -15854.5 0 0 0
vn 0 0 -1
v 22001.1 30158.9 -15881.2 0 0 0
vn 0 0 -1
v 21518.1 31251 -15842.7 0 0 0
vn 0 0 -1
v 21972.9 30274.3 -15840.3 0 0 0
vn 0 0 -1
v 21613.3 31276.2 -15852.9 0 0 0
vn 0 0 -1
v 21744.8 31246 -15830 0 0 0
vn 0 0 -1
v 21870.5 31379.9 -15895.2 0 0 0
vn 0 0 -1
v 21978.4 30376.5 -15822.6 0 0 0
vn 0 0 -1
v 21977.3 31356.7 -15883.7 0 0 0
vn 0 0 -1
v 22084.1 31344 -15879.6 0 0 0
vn 0 0 -1
v 22071.5 30379.9 -15865.2 0 0 0
vn 0 0 -1
v 22080.9 30528.1 -15850.1 0 0 0
vn 0 0 -1
v 22185 30636.2 -15868.1 0 0 0
vn 0 0 -1
v 20951.1 31057.4 -15807 0 0 0
vn 0 0 -1
v 21061.5 31044.9 -15788.2 0 0 0
vn 0 0 -1
v 20983.2 31124.1 -15835 0 0 0
vn 0 0 -1
v 21121 31150.7 -15832.9 0 0 0
vn 0 0 -1
v 21194.8 31156.9 -15823.5 0 0 0
vn 0 0 -1
v 21265.2 31159.6 -15812.3 0 0 0
vn 0 0 -1
v 21212.2 31226.3 -15862.8 0 0 0
vn 0 0 -1
v 21292.8 31246.8 -15865.1 0 0 0
vn 0 0 -1
v 20091.8 30766.5 -15788.7 0 0 0
vn 0 0 -1
v 20280.1 30855.2 -15792.2 0 0 0
vn 0 0 -1
v 20495.6 30923.6 -15785.6 0 0 0
vn 0 0 -1
v 21297.6 29362.2 -15821.3 0 0 0
vn 0 0 -1
v 21345.9 29533.5 -15788.9 0 0 0
vn 0 0 -1
v 21396.5 29631.1 -15786.9 0 0 0
vn 0 0 -1
v 21552.9 29781 -15803.7 0 0 0
vn 0 0 -1
v 21621.3 29974.3 -15781.1 0 0 0
vn 0 0 -1
v 20537.3 30922 -15784.6 0 0 0
vn 0 0 -1
v 20800.9 30994.2 -15796 0 0 0
vn 0 0 -1
v 20065 30983.8 -15886.4 0 0 0
vn 0 0 -1
v 20353 30964.8 -15823.4 0 0 0
vn 0 0 -1
v 20498.3 30929.6 -15787.3 0 0 0
vn 0 0 -1
v 20068.6 31167.9 -15965.3 0 0 0
vn 0 0 -1
v 20220 31182.7 -15946.7 0 0 0
vn 0 0 -1
v 20527.3 31128 -15880.2 0 0 0
vn 0 0 -1
v 20514.1 31379.5 -16002.3 0 0 0
vn 0 0 -1
v 21410.3 29344.5 -15860.7 0 0 0
vn 0 0 -1
v 21410.5 29512.2 -15813.7 0 0 0
vn 0 0 -1
v 21585.3 29344.2 -15930.9 0 0 0
vn 0 0 -1
v 21607.9 29603.2 -15866.7 0 0 0
vn 0 0 -1
v 21877.1 29651.1 -15963.6 0 0 0
vn 0 0 -1
v 21690.8 29817.8 -15842.3 0 0 0
vn 0 0 -1
v 21924.3 29911.5 -15911.7 0 0 0
vn 0 0 -1
v 20825.3 31150.2 -15862.7 0 0 0
vn 0 0 -1
v 20661.5 31345.4 -15973.2 0 0 0
vn 0 0 -1
v 20960.2 31311 -15934.7 0 0 0
vn 0 0 -1
v 21865.4 30701.8 -15757.1 0 0 0
vn 0 0 -1
v 21867.3 30707.5 -15757.2 0 0 0
vn 0 0 -1
v 21882.2 30732.1 -15761.3 0 0 0
vn 0 0 -1
v 21885.3 30762.3 -15754 0 0 0
vn 0 0 -1
v 21895.6 30768.2 -15757.6 0 0 0
vn 0 0 -1
v 21979.6 30840.4 -15759 0 0 0
vn 0 0 -1
v 21905.5 30787.6 -15758.1 0 0 0
vn 0 0 -1
v 21900.1 30809.2 -15755.3 0 0 0
vn 0 0 -1
v 21985.9 30841.9 -15764.2 0 0 0
vn 0 0 -1
v 21895.3 30812.7 -15751.4 0 0 0
vn 0 0 -1
v 21980.4 30847.4 -15759.2 0 0 0
vn 0 0 -1
v 21944.5 30806.3 -15762.7 0 0 0
vn 0 0 -1
v 21931 30812.3 -15758.4 0 0 0
vn 0 0 -1
v 21959 30815.9 -15763.9 0 0 0
vn 0 0 -1
v 21985.8 30888.8 -15764.6 0 0 0
vn 0 0 -1
v 21906 30822 -15750.4 0 0 0
vn 0 0 -1
v 22010.6 30898.4 -15761.8 0 0 0
vn 0 0 -1
v 21930.2 30822.5 -15755.1 0 0 0
vn 0 0 -1
v 22020 30908.7 -15760.8 0 0 0
vn 0 0 -1
v 21925.1 30872.5 -15754.5 0 0 0
vn 0 0 -1
v 21925 30872.6 -15754.5 0 0 0
vn 0 0 -1
v 21950.1 30831.7 -15756.3 0 0 0
vn 0 0 -1
v 21943.5 30839.4 -15752.8 0 0 0
vn 0 0 -1
v 21971.1 30844 -15756.7 0 0 0
vn 0 0 -1
v 21950 30853.3 -15747.3 0 0 0
vn 0 0 -1
v 21925.2 30872.6 -15754.5 0 0 0
vn 0 0 -1
v 21973.2 30867.3 -15759.4 0 0 0
vn 0 0 -1
v 21925.1 30872.8 -15754.4 0 0 0
vn 0 0 -1
v 21959 30894.4 -15751 0 0 0
vn 0 0 -1
v 21948.5 30903.8 -15749.7 0 0 0
vn 0 0 -1
v 21970.2 30903.4 -15754.5 0 0 0
vn 0 0 -1
v 21955.2 30916.6 -15753.8 0 0 0
vn 0 0 -1
v 21978.8 30916.8 -15755.2 0 0 0
vn 0 0 -1
v 21953.9 30929.5 -15755.3 0 0 0
vn 0 0 -1
v 22003.7 30930.9 -15757.3 0 0 0
vn 0 0 -1
v 22035.6 30919.3 -15762.1 0 0 0
vn 0 0 -1
v 22043.4 30930.7 -15763.5 0 0 0
vn 0 0 -1
v 21927.1 30968 -15755.4 0 0 0
vn 0 0 -1
v 21917.2 30981.9 -15755.8 0 0 0
vn 0 0 -1
v 21953.5 30929.6 -15755.2 0 0 0
vn 0 0 -1
v 21933.7 30951.5 -15753.9 0 0 0
vn 0 0 -1
v 22017.1 30933.1 -15757.5 0 0 0
vn 0 0 -1
v 22035 30933.7 -15759.4 0 0 0
vn 0 0 -1
v 21981.2 30821.5 -15771.4 0 0 0
vn 0 0 -1
v 22004 30853.8 -15777.5 0 0 0
vn 0 0 -1
v 21867.5 30701.6 -15758.2 0 0 0
vn 0 0 -1
v 22010.8 30875.2 -15775.1 0 0 0
vn 0 0 -1
v 22033.3 30873.7 -15783 0 0 0
vn 0 0 -1
v 21886 30704 -15770 0 0 0
vn 0 0 -1
v 21982.8 30899.1 -15782.9 0 0 0
vn 0 0 -1
v 21901.3 30730.1 -15778.2 0 0 0
vn 0 0 -1
v 21977.4 30935.2 -15757.9 0 0 0
vn 0 0 -1
v 21899 30761.9 -15762.1 0 0 0
vn 0 0 -1
v 22066.8 30927.3 -15776.2 0 0 0
vn 0 0 -1
v 22091.5 30938.2 -15782.4 0 0 0
vn 0 0 -1
v 21925 30787.3 -15766.8 0 0 0
vn 0 0 -1
v 21900.6 30813.7 -15754.7 0 0 0
vn 0 0 -1
v 21925.5 30984.9 -15758.4 0 0 0
vn 0 0 -1
v 21915.6 30811.2 -15756.9 0 0 0
vn 0 0 -1
v 21955.6 30952.3 -15758.7 0 0 0
vn 0 0 -1
v 21951.3 30787.3 -15779.6 0 0 0
vn 0 0 -1
v 21986.6 30951.1 -15761.9 0 0 0
vn 0 0 -1
v 21941 30985.9 -15762.1 0 0 0
vn 0 0 -1
v 21925.1 30872.6 -15754.7 0 0 0
vn 0 0 -1
v 21984.2 30985.6 -15769.2 0 0 0
vn 0 0 -1
v 21952 30842.1 -15754 0 0 0
vn 0 0 -1
v 21922.8 30998.4 -15760.7 0 0 0
vn 0 0 -1
v 21954.5 31015.5 -15770.5 0 0 0
vn 0 0 -1
v 21986.1 31028.7 -15778.2 0 0 0
vn 0 0 -1
v 21956.1 30903.4 -15752.9 0 0 0
vn 0 0 -1
v 21925.9 31053.1 -15773.3 0 0 0
vn 0 0 -1
v 21966.8 31042.7 -15777.8 0 0 0
vn 0 0 -1
v 21985.4 31042.1 -15780.4 0 0 0
vn 0 0 -1
v 22009.9 30959 -15765.4 0 0 0
vn 0 0 -1
v 22035.3 30947.3 -15764.4 0 0 0
vn 0 0 -1
v 22010.3 30985.5 -15772.4 0 0 0
vn 0 0 -1
v 22032.6 30982.7 -15774.3 0 0 0
vn 0 0 -1
v 22070.2 30961.4 -15776.7 0 0 0
vn 0 0 -1
v 22094.9 30956.5 -15781.7 0 0 0
vn 0 0 -1
v 22063.6 30991 -15780 0 0 0
vn 0 0 -1
v 22010.6 31006.2 -15776.7 0 0 0
vn 0 0 -1
v 22034.6 31017.8 -15780.5 0 0 0
vn 0 0 -1
v 22049.7 31039.3 -15782.8 0 0 0
vn 0 0 -1
v 22071.2 31012.9 -15781.8 0 0 0
vn 0 0 -1
v 22091.8 31018.6 -15782.8 0 0 0
vn 0 0 -1
v 22072.7 31036.8 -15782.8 0 0 0
vn 0 0 -1
v 22098 31039 -15783.8 0 0 0
vn 0 0 -1
v 22152.2 30958.3 -15786.1 0 0 0
vn 0 0 -1
v 22124.9 30984.7 -15784.4 0 0 0
vn 0 0 -1
v 22122.5 31041.4 -15784.5 0 0 0
vn 0 0 -1
v 21751.5 30584.7 -15726.6 0 0 0
vn 0 0 -1
v 21751.9 30607.4 -15726.7 0 0 0
vn 0 0 -1
v 21725.9 30701.1 -15726.4 0 0 0
vn 0 0 -1
v 21725.8 30701.5 -15726.5 0 0 0
vn 0 0 -1
v 21750.4 30691.7 -15726.3 0 0 0
vn 0 0 -1
v 21757.1 30646.5 -15727.4 0 0 0
vn 0 0 -1
v 21758.3 30672.3 -15726.9 0 0 0
vn 0 0 -1
v 21777.7 30697.5 -15727.7 0 0 0
vn 0 0 -1
v 21771.6 30704.9 -15726.9 0 0 0
vn 0 0 -1
v 21791.2 30700.2 -15730.7 0 0 0
vn 0 0 -1
v 21726.2 30701.9 -15726.4 0 0 0
vn 0 0 -1
v 21751.5 30713 -15723.9 0 0 0
vn 0 0 -1
v 21784 30709.8 -15728.3 0 0 0
vn 0 0 -1
v 21772.1 30727.6 -15725.1 0 0 0
vn 0 0 -1
v 21766.1 30758.5 -15715.7 0 0 0
vn 0 0 -1
v 21809.3 30748.6 -15729 0 0 0
vn 0 0 -1
v 21806.2 30762.1 -15725.9 0 0 0
vn 0 0 -1
v 21825.5 30762.9 -15729 0 0 0
vn 0 0 -1
v 21766.3 30780.8 -15712 0 0 0
vn 0 0 -1
v 21792.8 30780.5 -15722.2 0 0 0
vn 0 0 -1
v 21781.1 30790.8 -15716.8 0 0 0
vn 0 0 -1
v 21828.2 30791.7 -15722.5 0 0 0
vn 0 0 -1
v 21843.3 30796.6 -15727.9 0 0 0
vn 0 0 -1
v 21855 30816.5 -15727.8 0 0 0
vn 0 0 -1
v 21845.7 30837.7 -15723.5 0 0 0
vn 0 0 -1
v 21834.5 30842.3 -15721.6 0 0 0
vn 0 0 -1
v 21867.3 30835.8 -15720.8 0 0 0
vn 0 0 -1
v 21858.8 30846.7 -15716.9 0 0 0
vn 0 0 -1
v 21840.9 30860.8 -15723.1 0 0 0
vn 0 0 -1
v 21873.4 30857.7 -15720.1 0 0 0
vn 0 0 -1
v 21855.5 30871.3 -15724.5 0 0 0
vn 0 0 -1
v 21867.1 30885.2 -15727.1 0 0 0
vn 0 0 -1
v 21846 30915.6 -15728 0 0 0
vn 0 0 -1
v 21815.4 30928.1 -15726.6 0 0 0
vn 0 0 -1
v 21869.7 30917.2 -15730.9 0 0 0
vn 0 0 -1
v 21890.4 30832.8 -15734.3 0 0 0
vn 0 0 -1
v 21904.2 30845.4 -15733.6 0 0 0
vn 0 0 -1
v 21900.6 30860 -15728.3 0 0 0
vn 0 0 -1
v 21924.5 30863.3 -15731.9 0 0 0
vn 0 0 -1
v 21920.3 30872.9 -15729 0 0 0
vn 0 0 -1
v 21947.3 30870.8 -15731.1 0 0 0
vn 0 0 -1
v 21951.7 30873.6 -15735.3 0 0 0
vn 0 0 -1
v 21879.4 30900.9 -15730 0 0 0
vn 0 0 -1
v 21927.5 30877.3 -15729.8 0 0 0
vn 0 0 -1
v 21945.3 30886.3 -15738.2 0 0 0
vn 0 0 -1
v 21758.8 30580.6 -15728.6 0 0 0
vn 0 0 -1
v 21726.2 30701.5 -15726.6 0 0 0
vn 0 0 -1
v 21748.3 30702.1 -15726.5 0 0 0
vn 0 0 -1
v 21786 30643.6 -15736.3 0 0 0
vn 0 0 -1
v 21780.3 30674.8 -15731.6 0 0 0
vn 0 0 -1
v 21815.3 30638.3 -15746.2 0 0 0
vn 0 0 -1
v 21808.9 30677.9 -15740.1 0 0 0
vn 0 0 -1
v 21980.5 30843.6 -15758.2 0 0 0
vn 0 0 -1
v 21810.4 30702.2 -15736.5 0 0 0
vn 0 0 -1
v 21983.6 30903.1 -15755.6 0 0 0
vn 0 0 -1
v 21791 30731.2 -15729.2 0 0 0
vn 0 0 -1
v 21807.2 30719.9 -15733.1 0 0 0
vn 0 0 -1
v 21788.6 30756.6 -15725.6 0 0 0
vn 0 0 -1
v 22004.1 30907 -15757.3 0 0 0
vn 0 0 -1
v 21842.4 30707.6 -15746.7 0 0 0
vn 0 0 -1
v 21831.8 30739.9 -15735.7 0 0 0
vn 0 0 -1
v 21861.2 30736.8 -15748 0 0 0
vn 0 0 -1
v 22013.2 30925.8 -15756.5 0 0 0
vn 0 0 -1
v 21843.3 30756.8 -15735.9 0 0 0
vn 0 0 -1
v 21860.1 30763.9 -15741.8 0 0 0
vn 0 0 -1
v 22030.7 30926.3 -15758.3 0 0 0
vn 0 0 -1
v 21780.8 30779.4 -15721.1 0 0 0
vn 0 0 -1
v 21843.1 30778.4 -15731.9 0 0 0
vn 0 0 -1
v 21867.4 30791.7 -15740 0 0 0
vn 0 0 -1
v 21873.5 30818.6 -15734.2 0 0 0
vn 0 0 -1
v 21842.3 30844.6 -15723.6 0 0 0
vn 0 0 -1
v 21869.4 30873.4 -15726.3 0 0 0
vn 0 0 -1
v 21836.3 30936.8 -15731.6 0 0 0
vn 0 0 -1
v 21868.3 30932 -15734.5 0 0 0
vn 0 0 -1
v 21894.4 30788.1 -15753.6 0 0 0
vn 0 0 -1
v 21946.1 30816.5 -15758.8 0 0 0
vn 0 0 -1
v 21927.1 30841 -15745.8 0 0 0
vn 0 0 -1
v 21887.7 30877.1 -15728.3 0 0 0
vn 0 0 -1
v 21925.1 30872.7 -15754 0 0 0
vn 0 0 -1
v 21909.5 30895.4 -15734.1 0 0 0
vn 0 0 -1
v 21932.9 30897.8 -15740.4 0 0 0
vn 0 0 -1
v 21893.4 30925.7 -15738 0 0 0
vn 0 0 -1
v 21936.7 30924 -15749.5 0 0 0
vn 0 0 -1
v 21953.6 30929.4 -15755.2 0 0 0
vn 0 0 -1
v 21868.6 30964 -15742.1 0 0 0
vn 0 0 -1
v 21901.2 30961.3 -15747.7 0 0 0
vn 0 0 -1
v 21922.9 30953 -15751.4 0 0 0
vn 0 0 -1
v 21868.4 30984.6 -15746.4 0 0 0
vn 0 0 -1
v 21893.2 30983.4 -15750.8 0 0 0
vn 0 0 -1
v 21760.3 31002.6 -15729.4 0 0 0
vn 0 0 -1
v 21738 31034.2 -15731.3 0 0 0
vn 0 0 -1
v 21810.5 30934.6 -15727.1 0 0 0
vn 0 0 -1
v 21768.4 30972.6 -15725.9 0 0 0
vn 0 0 -1
v 21749.8 30543.7 -15725.1 0 0 0
vn 0 0 -1
v 21765.3 30483.6 -15726.2 0 0 0
vn 0 0 -1
v 21760.5 30528.4 -15727.4 0 0 0
vn 0 0 -1
v 21762.4 31046.5 -15739.6 0 0 0
vn 0 0 -1
v 21794.7 30479.5 -15736.5 0 0 0
vn 0 0 -1
v 21823.2 30980 -15737.7 0 0 0
vn 0 0 -1
v 21816 30539.7 -15745.7 0 0 0
vn 0 0 -1
v 21798.7 31031.4 -15743.9 0 0 0
vn 0 0 -1
v 21878.8 30478.3 -15767.8 0 0 0
vn 0 0 -1
v 21870.9 31023.8 -15756.3 0 0 0
vn 0 0 -1
v 21883.3 30523.1 -15769.1 0 0 0
vn 0 0 -1
v 21742.2 31075.9 -15745.5 0 0 0
vn 0 0 -1
v 21794 30602 -15739.8 0 0 0
vn 0 0 -1
v 21811.2 31105 -15767.6 0 0 0
vn 0 0 -1
v 21859.5 30581.5 -15761.7 0 0 0
vn 0 0 -1
v 21893.5 31092 -15776.9 0 0 0
vn 0 0 -1
v 21863.9 30671.4 -15761 0 0 0
vn 0 0 -1
v 21758.9 31140.9 -15773.5 0 0 0
vn 0 0 -1
v 21924.6 30473.7 -15783.5 0 0 0
vn 0 0 -1
v 21923.9 31099.5 -15783 0 0 0
vn 0 0 -1
v 21654.7 30759.3 -15695.6 0 0 0
vn 0 0 -1
v 21626.9 30596.3 -15698.6 0 0 0
vn 0 0 -1
v 21671.3 30774.6 -15696.8 0 0 0
vn 0 0 -1
v 21624.4 30616.7 -15698.9 0 0 0
vn 0 0 -1
v 21610.6 30634.2 -15697.2 0 0 0
vn 0 0 -1
v 21681.5 30758 -15697.2 0 0 0
vn 0 0 -1
v 21591.3 30644.2 -15694 0 0 0
vn 0 0 -1
v 21692.9 30771.7 -15698.2 0 0 0
vn 0 0 -1
v 21615.1 30653.7 -15695.2 0 0 0
vn 0 0 -1
v 21684.5 30789.8 -15698.3 0 0 0
vn 0 0 -1
v 21641.3 30657.9 -15698.2 0 0 0
vn 0 0 -1
v 21686.2 30809.5 -15698.5 0 0 0
vn 0 0 -1
v 21661.1 30675.1 -15698 0 0 0
vn 0 0 -1
v 21720.8 30767.8 -15698.9 0 0 0
vn 0 0 -1
v 21672.2 30679.7 -15699.6 0 0 0
vn 0 0 -1
v 21739.5 30785.7 -15701.4 0 0 0
vn 0 0 -1
v 21683.9 30699.8 -15699.9 0 0 0
vn 0 0 -1
v 21756.8 30793.5 -15704.9 0 0 0
vn 0 0 -1
v 21752 30757.8 -15704.4 0 0 0
vn 0 0 -1
v 21697.7 30724.3 -15699.9 0 0 0
vn 0 0 -1
v 21755.3 30764.2 -15704.3 0 0 0
vn 0 0 -1
v 21668.9 30747.9 -15696.2 0 0 0
vn 0 0 -1
v 21755.1 30782.8 -15701.7 0 0 0
vn 0 0 -1
v 21703.4 30734.4 -15699 0 0 0
vn 0 0 -1
v 21804 30803.8 -15711.4 0 0 0
vn 0 0 -1
v 21728.9 30750.8 -15700.8 0 0 0
vn 0 0 -1
v 21801.9 30819.4 -15705.3 0 0 0
vn 0 0 -1
v 21816.9 30817.7 -15708.5 0 0 0
vn 0 0 -1
v 21810.2 30819.1 -15703 0 0 0
vn 0 0 -1
v 21865.2 30842.2 -15703.8 0 0 0
vn 0 0 -1
v 21865.1 30842.5 -15703.1 0 0 0
vn 0 0 -1
v 21868 30844 -15699 0 0 0
vn 0 0 -1
v 21868.1 30844 -15699.1 0 0 0
vn 0 0 -1
v 21669.1 30758.7 -15697.1 0 0 0
vn 0 0 -1
v 21638.7 30591.6 -15701.4 0 0 0
vn 0 0 -1
v 21640.4 30606.4 -15702.1 0 0 0
vn 0 0 -1
v 21612.4 30643.1 -15697.5 0 0 0
vn 0 0 -1
v 21631.9 30637.1 -15700.2 0 0 0
vn 0 0 -1
v 21659.2 30591.3 -15705.8 0 0 0
vn 0 0 -1
v 21666.7 30616.3 -15707.1 0 0 0
vn 0 0 -1
v 21701.3 30785 -15700.3 0 0 0
vn 0 0 -1
v 21697.8 30599.7 -15713.8 0 0 0
vn 0 0 -1
v 21697.3 30627.5 -15712.6 0 0 0
vn 0 0 -1
v 21699.6 30805.7 -15700.8 0 0 0
vn 0 0 -1
v 21666.4 30650.5 -15703.9 0 0 0
vn 0 0 -1
v 21718.6 30790.9 -15702 0 0 0
vn 0 0 -1
v 21695.2 30655.1 -15709.9 0 0 0
vn 0 0 -1
v 21732.3 30814.5 -15704.6 0 0 0
vn 0 0 -1
v 21759.1 30820.3 -15707.3 0 0 0
vn 0 0 -1
v 21734.6 30587.4 -15722.3 0 0 0
vn 0 0 -1
v 21781.4 30702.7 -15727.6 0 0 0
vn 0 0 -1
v 21751.3 30737.9 -15714.6 0 0 0
vn 0 0 -1
v 21731.5 30615.6 -15721.2 0 0 0
vn 0 0 -1
v 21811.3 30760.9 -15726.4 0 0 0
vn 0 0 -1
v 21744.8 30616.2 -15724.5 0 0 0
vn 0 0 -1
v 21811.6 30775 -15723.5 0 0 0
vn 0 0 -1
v 21719.7 30641.3 -15717.5 0 0 0
vn 0 0 -1
v 21781.3 30811.9 -15709.1 0 0 0
vn 0 0 -1
v 21837.7 30816.6 -15721.2 0 0 0
vn 0 0 -1
v 21750.4 30644.8 -15725.6 0 0 0
vn 0 0 -1
v 21700.2 30835.5 -15701.6 0 0 0
vn 0 0 -1
v 21672.9 30671.4 -15701.4 0 0 0
vn 0 0 -1
v 21733.3 30846.5 -15707.3 0 0 0
vn 0 0 -1
v 21750.9 30837.7 -15708.5 0 0 0
vn 0 0 -1
v 21689.6 30679.2 -15705.4 0 0 0
vn 0 0 -1
v 21700.7 30868.3 -15703.4 0 0 0
vn 0 0 -1
v 21723.7 30869.6 -15707.5 0 0 0
vn 0 0 -1
v 21758 30866.3 -15712.2 0 0 0
vn 0 0 -1
v 21777.9 30837 -15710 0 0 0
vn 0 0 -1
v 21808.3 30837 -15711.1 0 0 0
vn 0 0 -1
v 21791.6 30869.7 -15716.1 0 0 0
vn 0 0 -1
v 21823 30865.7 -15720.4 0 0 0
vn 0 0 -1
v 21838 30875.5 -15723.4 0 0 0
vn 0 0 -1
v 21755.4 30900.8 -15715.2 0 0 0
vn 0 0 -1
v 21779.6 30894.5 -15717.8 0 0 0
vn 0 0 -1
v 21814.4 30902.8 -15722.8 0 0 0
vn 0 0 -1
v 21751 30947 -15719.6 0 0 0
vn 0 0 -1
v 21787.8 30923.9 -15722.3 0 0 0
vn 0 0 -1
v 21810.7 30928.2 -15725.9 0 0 0
vn 0 0 -1
v 21848.4 30892.3 -15725.2 0 0 0
vn 0 0 -1
v 21862.9 30902.4 -15727.4 0 0 0
vn 0 0 -1
v 21887.7 30845.5 -15725.2 0 0 0
vn 0 0 -1
v 21928.1 30872.4 -15728.8 0 0 0
vn 0 0 -1
v 21947.1 30873.2 -15730.7 0 0 0
vn 0 0 -1
v 21713.7 30701.5 -15715.3 0 0 0
vn 0 0 -1
v 21726.3 30674.3 -15719.4 0 0 0
vn 0 0 -1
v 21753.5 30672.7 -15726 0 0 0
vn 0 0 -1
v 21722.5 30722.7 -15710.7 0 0 0
vn 0 0 -1
v 21412.8 30584.3 -15668.9 0 0 0
vn 0 0 -1
v 21411.6 30587.6 -15669.5 0 0 0
vn 0 0 -1
v 21412.2 30589.9 -15669.2 0 0 0
vn 0 0 -1
v 21472.6 30488.5 -15670.2 0 0 0
vn 0 0 -1
v 21453 30504.4 -15669.8 0 0 0
vn 0 0 -1
v 21438.9 30508.9 -15668.3 0 0 0
vn 0 0 -1
v 21430.6 30529.2 -15667.5 0 0 0
vn 0 0 -1
v 21489.5 30476 -15670.8 0 0 0
vn 0 0 -1
v 21440.5 30547 -15669 0 0 0
vn 0 0 -1
v 21450.1 30561.4 -15669.6 0 0 0
vn 0 0 -1
v 21413.2 30587.6 -15669.5 0 0 0
vn 0 0 -1
v 21466.2 30580.7 -15668.7 0 0 0
vn 0 0 -1
v 21528.3 30554.5 -15670.9 0 0 0
vn 0 0 -1
v 21525.7 30559.8 -15670.2 0 0 0
vn 0 0 -1
v 21477.2 30586.9 -15669.3 0 0 0
vn 0 0 -1
v 21529.4 30563.6 -15670.4 0 0 0
vn 0 0 -1
v 21550.5 30555.6 -15670.5 0 0 0
vn 0 0 -1
v 21557.6 30557.8 -15672.9 0 0 0
vn 0 0 -1
v 21552.5 30566.5 -15672.4 0 0 0
vn 0 0 -1
v 21472 30630 -15668.9 0 0 0
vn 0 0 -1
v 21450 30643.8 -15669.9 0 0 0
vn 0 0 -1
v 21496.2 30600.8 -15670.4 0 0 0
vn 0 0 -1
v 21512.4 30620.7 -15671.2 0 0 0
vn 0 0 -1
v 21493.9 30633.9 -15670.5 0 0 0
vn 0 0 -1
v 21531.4 30637.2 -15671.2 0 0 0
vn 0 0 -1
v 21518 30645.7 -15671.9 0 0 0
vn 0 0 -1
v 21411.4 30655 -15669.3 0 0 0
vn 0 0 -1
v 21436.4 30652.9 -15670.3 0 0 0
vn 0 0 -1
v 21532.9 30651.7 -15672 0 0 0
vn 0 0 -1
v 21552.2 30642.7 -15671.5 0 0 0
vn 0 0 -1
v 21560.2 30644.8 -15675.7 0 0 0
vn 0 0 -1
v 21554.2 30656 -15674.6 0 0 0
vn 0 0 -1
v 21499 30420.8 -15670.6 0 0 0
vn 0 0 -1
v 21501.9 30443.5 -15670.7 0 0 0
vn 0 0 -1
v 21493.3 30462.9 -15670.1 0 0 0
vn 0 0 -1
v 21412.4 30587.6 -15669.6 0 0 0
vn 0 0 -1
v 21635 30758.8 -15693.2 0 0 0
vn 0 0 -1
v 21648.2 30779.9 -15694.2 0 0 0
vn 0 0 -1
v 21669 30794.6 -15695.9 0 0 0
vn 0 0 -1
v 21474.2 30506.5 -15672.8 0 0 0
vn 0 0 -1
v 21706.6 30753.4 -15697.5 0 0 0
vn 0 0 -1
v 21443.5 30525.8 -15670 0 0 0
vn 0 0 -1
v 21645 30804.2 -15693 0 0 0
vn 0 0 -1
v 21464.4 30536.4 -15673.2 0 0 0
vn 0 0 -1
v 21672.8 30816.6 -15696.4 0 0 0
vn 0 0 -1
v 21496.8 30474.2 -15671.8 0 0 0
vn 0 0 -1
v 21725.4 30758.2 -15698.4 0 0 0
vn 0 0 -1
v 21497.7 30493.8 -15673.8 0 0 0
vn 0 0 -1
v 21745.7 30765.9 -15700.5 0 0 0
vn 0 0 -1
v 21510.3 30469.8 -15673.9 0 0 0
vn 0 0 -1
v 21752.9 30784.4 -15700.8 0 0 0
vn 0 0 -1
v 21533 30501.8 -15677.5 0 0 0
vn 0 0 -1
v 21498.4 30529.7 -15675.5 0 0 0
vn 0 0 -1
v 21522.2 30524.7 -15675.5 0 0 0
vn 0 0 -1
v 21810 30817.2 -15703 0 0 0
vn 0 0 -1
v 21476 30568.3 -15673 0 0 0
vn 0 0 -1
v 21499.5 30555.7 -15675 0 0 0
vn 0 0 -1
v 21868 30844 -15698.9 0 0 0
vn 0 0 -1
v 21502.2 30576.9 -15673.2 0 0 0
vn 0 0 -1
v 21523.1 30598.4 -15673.7 0 0 0
vn 0 0 -1
v 21548.6 30473.6 -15680.8 0 0 0
vn 0 0 -1
v 21563.4 30503.6 -15681.7 0 0 0
vn 0 0 -1
v 21585.3 30477.7 -15687.6 0 0 0
vn 0 0 -1
v 21588.1 30506.3 -15686.8 0 0 0
vn 0 0 -1
v 21548.6 30536.1 -15675 0 0 0
vn 0 0 -1
v 21574.7 30534.2 -15681.5 0 0 0
vn 0 0 -1
v 21587.6 30564.5 -15685.1 0 0 0
vn 0 0 -1
v 21548.3 30584.1 -15675.5 0 0 0
vn 0 0 -1
v 21575.5 30586.6 -15682.5 0 0 0
vn 0 0 -1
v 21475.8 30642.9 -15671.3 0 0 0
vn 0 0 -1
v 21526.9 30617.9 -15673.2 0 0 0
vn 0 0 -1
v 21492.7 30648.8 -15673.1 0 0 0
vn 0 0 -1
v 21417 30669.9 -15671.3 0 0 0
vn 0 0 -1
v 21440 30681 -15674.3 0 0 0
vn 0 0 -1
v 21469.5 30664.9 -15674.6 0 0 0
vn 0 0 -1
v 21414.1 30692.4 -15673.5 0 0 0
vn 0 0 -1
v 21443.5 30703.3 -15676.9 0 0 0
vn 0 0 -1
v 21462.6 30696.3 -15678 0 0 0
vn 0 0 -1
v 21501.6 30664.9 -15676.4 0 0 0
vn 0 0 -1
v 21521.8 30671 -15677.5 0 0 0
vn 0 0 -1
v 21499.8 30699 -15681 0 0 0
vn 0 0 -1
v 21531.8 30695.2 -15682.3 0 0 0
vn 0 0 -1
v 21549.6 30619.2 -15676.4 0 0 0
vn 0 0 -1
v 21584.8 30630.3 -15689.7 0 0 0
vn 0 0 -1
v 21584.2 30644.3 -15691.8 0 0 0
vn 0 0 -1
v 21608.1 30584.8 -15692.8 0 0 0
vn 0 0 -1
v 21610.4 30609.4 -15694.9 0 0 0
vn 0 0 -1
v 21546.7 30673.2 -15678.4 0 0 0
vn 0 0 -1
v 21580.9 30668.2 -15685 0 0 0
vn 0 0 -1
v 21559.9 30705.2 -15685.2 0 0 0
vn 0 0 -1
v 21583.3 30701.6 -15685.9 0 0 0
vn 0 0 -1
v 21611.1 30673.9 -15688.7 0 0 0
vn 0 0 -1
v 21631.2 30674.2 -15692.7 0 0 0
vn 0 0 -1
v 21607.8 30696.3 -15687.2 0 0 0
vn 0 0 -1
v 21645.4 30704 -15691.9 0 0 0
vn 0 0 -1
v 21667.8 30695.3 -15695.7 0 0 0
vn 0 0 -1
v 21472.6 30727.8 -15680.9 0 0 0
vn 0 0 -1
v 21503.7 30735.5 -15683.3 0 0 0
vn 0 0 -1
v 21531.6 30726.9 -15685.3 0 0 0
vn 0 0 -1
v 21463.4 30764.1 -15681.2 0 0 0
vn 0 0 -1
v 21493.8 30758.1 -15682.8 0 0 0
vn 0 0 -1
v 21519.5 30751.2 -15684.5 0 0 0
vn 0 0 -1
v 21561.7 30735 -15688 0 0 0
vn 0 0 -1
v 21585.9 30726.3 -15688.2 0 0 0
vn 0 0 -1
v 21553 30753.9 -15687.5 0 0 0
vn 0 0 -1
v 21577.9 30751.2 -15689.2 0 0 0
vn 0 0 -1
v 21621.1 30732.2 -15690.4 0 0 0
vn 0 0 -1
v 21648.2 30739.5 -15693.6 0 0 0
vn 0 0 -1
v 21604.6 30757.1 -15690.4 0 0 0
vn 0 0 -1
v 21586.4 30782.6 -15688.8 0 0 0
vn 0 0 -1
v 21621.5 30784.1 -15691.4 0 0 0
vn 0 0 -1
v 21577.5 30823.1 -15686.8 0 0 0
vn 0 0 -1
v 21610.4 30814.4 -15689.7 0 0 0
vn 0 0 -1
v 21673.2 30721.5 -15695.1 0 0 0
vn 0 0 -1
v 21692.6 30736.2 -15697 0 0 0
vn 0 0 -1
v 21106 30361.5 -15668.1 0 0 0
vn 0 0 -1
v 21071.1 30418 -15669.4 0 0 0
vn 0 0 -1
v 21184.8 30304.7 -15669.3 0 0 0
vn 0 0 -1
v 21239 30283.3 -15672.3 0 0 0
vn 0 0 -1
v 21292.5 30306 -15669.5 0 0 0
vn 0 0 -1
v 21300.6 30306.7 -15669.8 0 0 0
vn 0 0 -1
v 21352.8 30321.5 -15671.7 0 0 0
vn 0 0 -1
v 21403.9 30355.4 -15669.9 0 0 0
vn 0 0 -1
v 21071 30526.1 -15669.5 0 0 0
vn 0 0 -1
v 21105.6 30587 -15669.8 0 0 0
vn 0 0 -1
v 21188.8 30647.6 -15668.2 0 0 0
vn 0 0 -1
v 21246.9 30681.4 -15669.9 0 0 0
vn 0 0 -1
v 21302.9 30694.5 -15670.5 0 0 0
vn 0 0 -1
v 21373.3 30667.9 -15669.2 0 0 0
vn 0 0 -1
v 21432.1 30365.4 -15670.7 0 0 0
vn 0 0 -1
v 21476.6 30395 -15670.4 0 0 0
vn 0 0 -1
v 21465.3 30910.2 -15673.9 0 0 0
vn 0 0 -1
v 21435.7 30916.6 -15674.3 0 0 0
vn 0 0 -1
v 21471.9 30924.1 -15675.9 0 0 0
vn 0 0 -1
v 21054.8 30344.5 -15674.4 0 0 0
vn 0 0 -1
v 21192 30242.2 -15678.1 0 0 0
vn 0 0 -1
v 21244.4 30235.9 -15679.9 0 0 0
vn 0 0 -1
v 21298.2 30275.3 -15675.6 0 0 0
vn 0 0 -1
v 21300.8 30304.1 -15670.2 0 0 0
vn 0 0 -1
v 21526.3 30795.6 -15684.2 0 0 0
vn 0 0 -1
v 21368.7 30251.3 -15684.7 0 0 0
vn 0 0 -1
v 21523.5 30886.5 -15681.5 0 0 0
vn 0 0 -1
v 21594 30868.5 -15688.8 0 0 0
vn 0 0 -1
v 21345 30294.6 -15675.5 0 0 0
vn 0 0 -1
v 21659 30852.6 -15696.3 0 0 0
vn 0 0 -1
v 21527.4 30928.8 -15683.7 0 0 0
vn 0 0 -1
v 21412.9 30247.2 -15689.2 0 0 0
vn 0 0 -1
v 21561.1 30931 -15688.5 0 0 0
vn 0 0 -1
v 21632.8 30935 -15698.7 0 0 0
vn 0 0 -1
v 21404.2 30301.4 -15679.1 0 0 0
vn 0 0 -1
v 21708.7 30903.9 -15707.9 0 0 0
vn 0 0 -1
v 21531.1 30965.7 -15691.8 0 0 0
vn 0 0 -1
v 21581.9 30986 -15699.2 0 0 0
vn 0 0 -1
v 21639.4 31009 -15708.9 0 0 0
vn 0 0 -1
v 21056.2 30595.7 -15679.1 0 0 0
vn 0 0 -1
v 21543.1 31020.5 -15708.7 0 0 0
vn 0 0 -1
v 21599.3 31036.4 -15714.1 0 0 0
vn 0 0 -1
v 21641.7 31039.1 -15716.5 0 0 0
vn 0 0 -1
v 21717.1 30986.3 -15718.6 0 0 0
vn 0 0 -1
v 21212.1 30709.6 -15676.6 0 0 0
vn 0 0 -1
v 21754.2 30981.3 -15724.5 0 0 0
vn 0 0 -1
v 21691.1 31039.3 -15724.7 0 0 0
vn 0 0 -1
v 21261.8 30711.5 -15673.2 0 0 0
vn 0 0 -1
v 21306.3 30712.2 -15672.1 0 0 0
vn 0 0 -1
v 21357.5 30707.1 -15672.4 0 0 0
vn 0 0 -1
v 21458.1 30248.9 -15694 0 0 0
vn 0 0 -1
v 21477.5 30317.1 -15683.9 0 0 0
vn 0 0 -1
v 21518.9 30261.9 -15699.4 0 0 0
vn 0 0 -1
v 21543.7 30305.4 -15695.3 0 0 0
vn 0 0 -1
v 21472.9 30363.6 -15674.9 0 0 0
vn 0 0 -1
v 21512.2 30374.8 -15679.8 0 0 0
vn 0 0 -1
v 21576.1 30250.8 -15711.3 0 0 0
vn 0 0 -1
v 21600.7 30305.8 -15705.2 0 0 0
vn 0 0 -1
v 21645.6 30254.6 -15725.1 0 0 0
vn 0 0 -1
v 21651.8 30310.7 -15714.7 0 0 0
vn 0 0 -1
v 21574.5 30349.5 -15694.1 0 0 0
vn 0 0 -1
v 21633.1 30363.9 -15703.6 0 0 0
vn 0 0 -1
v 21519.4 30433.8 -15675.4 0 0 0
vn 0 0 -1
v 21573.8 30416.9 -15688.2 0 0 0
vn 0 0 -1
v 21638.1 30439.4 -15699.6 0 0 0
vn 0 0 -1
v 21633.9 30492.3 -15697.8 0 0 0
vn 0 0 -1
v 21690.6 30346 -15718.2 0 0 0
vn 0 0 -1
v 21705.4 30414.7 -15714.6 0 0 0
vn 0 0 -1
v 21762.7 30350.6 -15738.9 0 0 0
vn 0 0 -1
v 21764.8 30441.8 -15727.4 0 0 0
vn 0 0 -1
v 21698.3 30476.7 -15711.5 0 0 0
vn 0 0 -1
v 21745.4 30468.3 -15721 0 0 0
vn 0 0 -1
v 21623 30559.9 -15696 0 0 0
vn 0 0 -1
v 21700.4 30547.3 -15713.8 0 0 0
vn 0 0 -1
v 21750.4 30522.8 -15724.4 0 0 0
vn 0 0 -1
v 21191 30774.6 -15690.2 0 0 0
vn 0 0 -1
v 21245.4 30760.2 -15680.9 0 0 0
vn 0 0 -1
v 21300.5 30757.7 -15676.7 0 0 0
vn 0 0 -1
v 21188.2 30818.6 -15699.4 0 0 0
vn 0 0 -1
v 21233.3 30814.7 -15691.5 0 0 0
vn 0 0 -1
v 21299 30815.2 -15682.9 0 0 0
vn 0 0 -1
v 21355.9 30753.3 -15675.8 0 0 0
vn 0 0 -1
v 21422.5 30734.5 -15677.4 0 0 0
vn 0 0 -1
v 21355 30813.7 -15678.9 0 0 0
vn 0 0 -1
v 21425.9 30801.3 -15679.1 0 0 0
vn 0 0 -1
v 21300 30881.7 -15693.2 0 0 0
vn 0 0 -1
v 21353.9 30874.4 -15683.3 0 0 0
vn 0 0 -1
v 21419 30881.4 -15676.7 0 0 0
vn 0 0 -1
v 21297.3 30925.6 -15704.4 0 0 0
vn 0 0 -1
v 21342.1 30925.2 -15696 0 0 0
vn 0 0 -1
v 21417 30919.1 -15678.3 0 0 0
vn 0 0 -1
v 21474.7 30794.3 -15681.5 0 0 0
vn 0 0 -1
v 21470 30851.3 -15678.8 0 0 0
vn 0 0 -1
v 20739.6 30013 -15669.8 0 0 0
vn 0 0 -1
v 20737.6 30035.5 -15670.1 0 0 0
vn 0 0 -1
v 21063.5 30472.7 -15669.4 0 0 0
vn 0 0 -1
v 20807.8 30009.9 -15676.3 0 0 0
vn 0 0 -1
v 20711.2 30126 -15671.4 0 0 0
vn 0 0 -1
v 21422.2 31151.2 -15779.6 0 0 0
vn 0 0 -1
v 20818.7 30116.5 -15678.3 0 0 0
vn 0 0 -1
v 21511.4 31117.6 -15755.7 0 0 0
vn 0 0 -1
v 21658 31116.6 -15755.2 0 0 0
vn 0 0 -1
v 20930 30043.1 -15685.1 0 0 0
vn 0 0 -1
v 20977.6 30154.7 -15684.8 0 0 0
vn 0 0 -1
v 20748.8 30215.8 -15677.1 0 0 0
vn 0 0 -1
v 20864.9 30266.3 -15682.6 0 0 0
vn 0 0 -1
v 20988.8 30280.3 -15681.1 0 0 0
vn 0 0 -1
v 21060 30032 -15693.1 0 0 0
vn 0 0 -1
v 21115.6 30138 -15688 0 0 0
vn 0 0 -1
v 21169.8 30052.5 -15698.1 0 0 0
vn 0 0 -1
v 21212.8 30143.7 -15690.8 0 0 0
vn 0 0 -1
v 21086.6 30269.4 -15677.6 0 0 0
vn 0 0 -1
v 21282.6 30036.8 -15709.6 0 0 0
vn 0 0 -1
v 21312.7 30166.6 -15694.2 0 0 0
vn 0 0 -1
v 21391.4 30057.5 -15719.7 0 0 0
vn 0 0 -1
v 21424 30172.7 -15704.3 0 0 0
vn 0 0 -1
v 20743.1 30346.1 -15683.2 0 0 0
vn 0 0 -1
v 20850.1 30398.4 -15686.3 0 0 0
vn 0 0 -1
v 20972.9 30357 -15680 0 0 0
vn 0 0 -1
v 20765.9 30456 -15691.3 0 0 0
vn 0 0 -1
v 20853 30510.8 -15693.7 0 0 0
vn 0 0 -1
v 20986.2 30465.6 -15679.6 0 0 0
vn 0 0 -1
v 20765.2 30593 -15706.8 0 0 0
vn 0 0 -1
v 20861.9 30606.6 -15703.7 0 0 0
vn 0 0 -1
v 20962.3 30564.4 -15689.1 0 0 0
vn 0 0 -1
v 20754.8 30725.7 -15728 0 0 0
vn 0 0 -1
v 20825 30678.5 -15716.3 0 0 0
vn 0 0 -1
v 20934.4 30675.4 -15706.9 0 0 0
vn 0 0 -1
v 21103.2 30696.2 -15688.7 0 0 0
vn 0 0 -1
v 21516.8 30043.4 -15743.2 0 0 0
vn 0 0 -1
v 21535.9 30167.3 -15722.2 0 0 0
vn 0 0 -1
v 21622.4 30046.4 -15765.1 0 0 0
vn 0 0 -1
v 21658 30132.2 -15756 0 0 0
vn 0 0 -1
v 21750.7 30144.9 -15778.3 0 0 0
vn 0 0 -1
v 21714.9 30283.3 -15736.9 0 0 0
vn 0 0 -1
v 21834.2 30403.1 -15756.6 0 0 0
vn 0 0 -1
v 20717.1 30811.3 -15746.8 0 0 0
vn 0 0 -1
v 20828.4 30793.7 -15736.9 0 0 0
vn 0 0 -1
v 20945.5 30813.4 -15731.3 0 0 0
vn 0 0 -1
v 20788.3 30887.8 -15761.3 0 0 0
vn 0 0 -1
v 20871.3 30862.7 -15748.7 0 0 0
vn 0 0 -1
v 20929.8 30910.3 -15756.7 0 0 0
vn 0 0 -1
v 21099.3 30836.3 -15717.7 0 0 0
vn 0 0 -1
v 21054.9 30974.7 -15763.7 0 0 0
vn 0 0 -1
v 21200.5 30919.2 -15723.5 0 0 0
vn 0 0 -1
v 21194 31038.3 -15765.4 0 0 0
vn 0 0 -1
v 21284.9 31030.7 -15747.1 0 0 0
vn 0 0 -1
v 21440 31022.1 -15719.2 0 0 0
vn 0 0 -1
v 21298.5 30457.9 -15644.9 0 0 0
vn 0 0 -1
v 21315.2 30477.9 -15644.8 0 0 0
vn 0 0 -1
v 21312.3 30500 -15643.7 0 0 0
vn 0 0 -1
v 21301.3 30517.6 -15644.1 0 0 0
vn 0 0 -1
v 21299.3 30417.9 -15651.9 0 0 0
vn 0 0 -1
v 21334.5 30417.9 -15657.2 0 0 0
vn 0 0 -1
v 21298.8 30441.5 -15647.4 0 0 0
vn 0 0 -1
v 21321.1 30452 -15650 0 0 0
vn 0 0 -1
v 21363.6 30423.9 -15660.4 0 0 0
vn 0 0 -1
v 21356.2 30444.5 -15657.7 0 0 0
vn 0 0 -1
v 21330.7 30478.6 -15648.8 0 0 0
vn 0 0 -1
v 21347.5 30469.5 -15653.9 0 0 0
vn 0 0 -1
v 21388.3 30417.9 -15662.7 0 0 0
vn 0 0 -1
v 21378.6 30439 -15660.8 0 0 0
vn 0 0 -1
v 21418.7 30415.3 -15664.1 0 0 0
vn 0 0 -1
v 21404.2 30443.5 -15662.2 0 0 0
vn 0 0 -1
v 21382.3 30471.6 -15659.8 0 0 0
vn 0 0 -1
v 21422.6 30474.5 -15664 0 0 0
vn 0 0 -1
v 21324.2 30495.8 -15646.2 0 0 0
vn 0 0 -1
v 21348.2 30497 -15652.7 0 0 0
vn 0 0 -1
v 21299.5 30528.6 -15645.8 0 0 0
vn 0 0 -1
v 21318.8 30522.2 -15647.9 0 0 0
vn 0 0 -1
v 21356.4 30531.8 -15655.7 0 0 0
vn 0 0 -1
v 21382.7 30514.6 -15659.1 0 0 0
vn 0 0 -1
v 21418.7 30505 -15664.8 0 0 0
vn 0 0 -1
v 21380.5 30537.4 -15659.2 0 0 0
vn 0 0 -1
v 21404.6 30532.7 -15662.6 0 0 0
vn 0 0 -1
v 21298.3 30548.6 -15649.7 0 0 0
vn 0 0 -1
v 21328 30558.4 -15654.5 0 0 0
vn 0 0 -1
v 21362.7 30563.8 -15659.1 0 0 0
vn 0 0 -1
v 21300.4 30586.1 -15656.2 0 0 0
vn 0 0 -1
v 21338 30589 -15659.2 0 0 0
vn 0 0 -1
v 21362.3 30593.5 -15661.8 0 0 0
vn 0 0 -1
v 21394.4 30558 -15662.5 0 0 0
vn 0 0 -1
v 21421.6 30551.7 -15665.9 0 0 0
vn 0 0 -1
v 21393.7 30584.8 -15665.5 0 0 0
vn 0 0 -1
v 21354.7 30612.1 -15662.9 0 0 0
vn 0 0 -1
v 21381.9 30612.4 -15665.2 0 0 0
vn 0 0 -1
v 21408.7 30623.3 -15667.1 0 0 0
vn 0 0 -1
v 21364.5 30634.4 -15665.6 0 0 0
vn 0 0 -1
v 21393.3 30639.6 -15667.3 0 0 0
vn 0 0 -1
v 21421.5 30641.8 -15668.3 0 0 0
vn 0 0 -1
v 21450.5 30418.2 -15665.2 0 0 0
vn 0 0 -1
v 21434.6 30445.6 -15663.5 0 0 0
vn 0 0 -1
v 21477.1 30423.2 -15666.9 0 0 0
vn 0 0 -1
v 21469.2 30448.1 -15666 0 0 0
vn 0 0 -1
v 21452.3 30478.2 -15666.7 0 0 0
vn 0 0 -1
v 21475.9 30472.1 -15668.4 0 0 0
vn 0 0 -1
v 21493 30419.9 -15669.2 0 0 0
vn 0 0 -1
v 21493.4 30437.6 -15668.8 0 0 0
vn 0 0 -1
v 21438.9 30498.7 -15667.4 0 0 0
vn 0 0 -1
v 21436.7 30561.9 -15667.8 0 0 0
vn 0 0 -1
v 21441 30584.9 -15667.4 0 0 0
vn 0 0 -1
v 21467.9 30588.2 -15667.3 0 0 0
vn 0 0 -1
v 21527.9 30559.4 -15669.9 0 0 0
vn 0 0 -1
v 21547.7 30559.1 -15670.1 0 0 0
vn 0 0 -1
v 21439.6 30624.7 -15667.7 0 0 0
vn 0 0 -1
v 21472.2 30604 -15667.2 0 0 0
vn 0 0 -1
v 21439.2 30643.9 -15669.2 0 0 0
vn 0 0 -1
v 21491.4 30618.4 -15668.8 0 0 0
vn 0 0 -1
v 21529.6 30644.6 -15670.6 0 0 0
vn 0 0 -1
v 21550.3 30645.2 -15671.3 0 0 0
vn 0 0 -1
v 21301.5 30481.8 -15642.3 0 0 0
vn 0 0 -1
v 21295.3 30502.9 -15642.1 0 0 0
vn 0 0 -1
v 21157.7 30360.7 -15662.2 0 0 0
vn 0 0 -1
v 21074.1 30420.2 -15668.8 0 0 0
vn 0 0 -1
v 21109.8 30408.1 -15663.1 0 0 0
vn 0 0 -1
v 21206 30358.9 -15658.6 0 0 0
vn 0 0 -1
v 21178 30424.4 -15652 0 0 0
vn 0 0 -1
v 21072.6 30472.5 -15667.8 0 0 0
vn 0 0 -1
v 21114.8 30467.1 -15659.4 0 0 0
vn 0 0 -1
v 21171.3 30486.4 -15649.8 0 0 0
vn 0 0 -1
v 21186.2 30307.4 -15668.7 0 0 0
vn 0 0 -1
v 21225.9 30312.9 -15666.8 0 0 0
vn 0 0 -1
v 21262.9 30360.9 -15658.5 0 0 0
vn 0 0 -1
v 21303.9 30360.3 -15661.7 0 0 0
vn 0 0 -1
v 21360.6 30371.4 -15665.3 0 0 0
vn 0 0 -1
v 21407.5 30369.5 -15668.3 0 0 0
vn 0 0 -1
v 21262.3 30423.3 -15648.1 0 0 0
vn 0 0 -1
v 21255 30479.2 -15643.3 0 0 0
vn 0 0 -1
v 21087.6 30513.4 -15665.3 0 0 0
vn 0 0 -1
v 21120.8 30531.4 -15660.4 0 0 0
vn 0 0 -1
v 21195.6 30543.8 -15651.1 0 0 0
vn 0 0 -1
v 21164.1 30586.4 -15659.9 0 0 0
vn 0 0 -1
v 21190.6 30585.8 -15656.3 0 0 0
vn 0 0 -1
v 21277.2 30526.9 -15645.1 0 0 0
vn 0 0 -1
v 21237.7 30581.6 -15654.1 0 0 0
vn 0 0 -1
v 21198.7 30615.8 -15661 0 0 0
vn 0 0 -1
v 21238.6 30632.7 -15662.7 0 0 0
vn 0 0 -1
v 21317.2 30637.2 -15664.1 0 0 0
vn 0 0 -1
v 21466.4 30919.4 -15673.3 0 0 0
vn 0 0 -1
v 20721 30009.3 -15668.6 0 0 0
vn 0 0 -1
v 20117.7 29395.8 -15718.8 0 0 0
vn 0 0 -1
v 20322.3 29348.1 -15717.2 0 0 0
vn 0 0 -1
v 20074.8 29590.9 -15697.9 0 0 0
vn 0 0 -1
v 20234.9 29519.5 -15689 0 0 0
vn 0 0 -1
v 20504.1 29341.3 -15717.2 0 0 0
vn 0 0 -1
v 20498.4 29542 -15687.7 0 0 0
vn 0 0 -1
v 20091.4 29823.9 -15680.4 0 0 0
vn 0 0 -1
v 20262.8 29724 -15671.3 0 0 0
vn 0 0 -1
v 20530 29875 -15664.5 0 0 0
vn 0 0 -1
v 20025.2 30005.2 -15691.4 0 0 0
vn 0 0 -1
v 20287.2 30029.8 -15664.7 0 0 0
vn 0 0 -1
v 20617.5 30050.5 -15664.4 0 0 0
vn 0 0 -1
v 20143.5 30237.6 -15685.9 0 0 0
vn 0 0 -1
v 20284.3 30242.2 -15670.2 0 0 0
vn 0 0 -1
v 20551.1 30237.8 -15671.3 0 0 0
vn 0 0 -1
v 20062.5 30519.9 -15740.4 0 0 0
vn 0 0 -1
v 20309.9 30430 -15695.5 0 0 0
vn 0 0 -1
v 20623.4 30460.4 -15692.3 0 0 0
vn 0 0 -1
v 20066.5 30690.5 -15769.5 0 0 0
vn 0 0 -1
v 20183.6 30689.2 -15753.5 0 0 0
vn 0 0 -1
v 20533 30739.1 -15742.6 0 0 0
vn 0 0 -1
v 20689.7 29350.5 -15728.2 0 0 0
vn 0 0 -1
v 20776.5 29513.4 -15703.9 0 0 0
vn 0 0 -1
v 20897 29409.5 -15735.1 0 0 0
vn 0 0 -1
v 20954.3 29570.9 -15716.9 0 0 0
vn 0 0 -1
v 20752.2 29838.9 -15677.6 0 0 0
vn 0 0 -1
v 20980.3 29868.1 -15696.3 0 0 0
vn 0 0 -1
v 21149.3 29428.8 -15771.5 0 0 0
vn 0 0 -1
v 21200.9 29615.4 -15748.9 0 0 0
vn 0 0 -1
v 21211.5 29879 -15720.8 0 0 0
vn 0 0 -1
v 21434 29905.4 -15751.9 0 0 0
vn 0 0 -1
v 19589.8 28423.3 -16011.6 0 0 0
vn 0 0 -1
v 19233.7 28971.4 -15961.4 0 0 0
vn 0 0 -1
v 19484.4 28847.7 -15932.1 0 0 0
vn 0 0 -1
v 20043.1 28426.9 -16008.6 0 0 0
vn 0 0 -1
v 20436.7 28480.4 -15992.1 0 0 0
vn 0 0 -1
v 20032.2 28914.4 -15855.6 0 0 0
vn 0 0 -1
v 20521.9 29024.2 -15816.2 0 0 0
vn 0 0 -1
v 20960.8 29077.8 -15850.4 0 0 0
vn 0 0 -1
v 21406.5 28897.1 -16005.9 0 0 0
vn 0 0 -1
v 19204.4 29328.9 -15929.5 0 0 0
vn 0 0 -1
v 19691.1 29258.5 -15817.1 0 0 0
vn 0 0 -1
v 19138.2 29849.7 -15941.6 0 0 0
vn 0 0 -1
v 19753.4 29748 -15757.3 0 0 0
vn 0 0 -1
v 19247.3 30298.7 -15942.3 0 0 0
vn 0 0 -1
v 19743.6 30194.1 -15778.1 0 0 0
vn 0 0 -1
v 19709.1 30668.5 -15873 0 0 0
vn 0 0 -1
v 18747.1 24791.7 -15122.5 0 0 0
vn 0 0 -1
v 17835.6 25310.2 -15135.1 0 0 0
vn 0 0 -1
v 19613 24173.5 -14908.5 0 0 0
vn 0 0 -1
v 22465.9 23192.7 -15174.2 0 0 0
vn 0 0 -1
v 35089.8 24156.1 -15345.6 0 0 0
vn 0 0 -1
v 19313.1 24358 -14997.7 0 0 0
vn 0 0 -1
v 35894 24359.9 -15156 0 0 0
vn 0 0 -1
v 35981.4 24382.3 -15123.5 0 0 0
vn 0 0 -1
v 20670.1 23867.1 -15267.6 0 0 0
vn 0 0 -1
v 36304.7 24557.4 -15144.2 0 0 0
vn 0 0 -1
v 21500 23393.9 -15046.3 0 0 0
vn 0 0 -1
v 21334.4 23455.9 -15084.6 0 0 0
vn 0 0 -1
v 14975.4 32628.9 -14986.5 0 0 0
vn 0 0 -1
v 15015 33435.1 -15068.1 0 0 0
vn 0 0 -1
v 16954.3 26049.6 -15012.5 0 0 0
vn 0 0 -1
v 23259.9 22986.2 -15133.3 0 0 0
vn 0 0 -1
v 16837 26205.3 -15067.6 0 0 0
vn 0 0 -1
v 24113.9 22765.2 -15069.4 0 0 0
vn 0 0 -1
v 15050.5 34286.7 -15129 0 0 0
vn 0 0 -1
v 16527 26909.2 -15236.5 0 0 0
vn 0 0 -1
v 15943.1 27731.1 -15073.4 0 0 0
vn 0 0 -1
v 15802.2 27995 -15070.5 0 0 0
vn 0 0 -1
v 15110.9 34604.1 -15133.3 0 0 0
vn 0 0 -1
v 15529.6 28959.4 -15110.7 0 0 0
vn 0 0 -1
v 15144.8 30429 -15108.2 0 0 0
vn 0 0 -1
v 15164.6 35253.8 -15049.8 0 0 0
vn 0 0 -1
v 15047.1 30736.6 -15076.6 0 0 0
vn 0 0 -1
v 15276.1 29813.5 -15072.3 0 0 0
vn 0 0 -1
v 15195.4 35860.3 -14906.6 0 0 0
vn 0 0 -1
v 14998 31575.2 -15007.9 0 0 0
vn 0 0 -1
v 17706.5 25388.5 -15102.3 0 0 0
vn 0 0 -1
v 15285.7 36972 -14954.1 0 0 0
vn 0 0 -1
v 15384.9 37948.8 -15123.7 0 0 0
vn 0 0 -1
v 15422.1 38828.3 -15152.5 0 0 0
vn 0 0 -1
v 15499.4 39084.2 -15334.4 0 0 0
vn 0 0 -1
v 25190.7 22512.7 -15049.9 0 0 0
vn 0 0 -1
v 24905.6 22617.3 -15215.4 0 0 0
vn 0 0 -1
v 26246.2 22434.6 -15079.6 0 0 0
vn 0 0 -1
v 27026.9 22391.9 -15057 0 0 0
vn 0 0 -1
v 27791.3 22441.6 -15251.4 0 0 0
vn 0 0 -1
v 28819.4 22427.1 -15003 0 0 0
vn 0 0 -1
v 29562.4 22503.6 -15070 0 0 0
vn 0 0 -1
v 29893.1 22583.4 -15099.2 0 0 0
vn 0 0 -1
v 30564 22642.8 -14816.6 0 0 0
vn 0 0 -1
v 31360.8 22859.7 -14970.5 0 0 0
vn 0 0 -1
v 32495.9 23247.8 -15347.6 0 0 0
vn 0 0 -1
v 33250.7 23365.1 -15045.3 0 0 0
vn 0 0 -1
v 33541.8 23430.4 -14903.2 0 0 0
vn 0 0 -1
v 34107.1 23695 -15057.7 0 0 0
vn 0 0 -1
v 22195.1 23456.5 -15662.7 0 0 0
vn 0 0 -1
v 15190.3 32591.3 -15438.2 0 0 0
vn 0 0 -1
v 15145.9 33690.2 -15359.4 0 0 0
vn 0 0 -1
v 35174.6 24394.7 -15883.6 0 0 0
vn 0 0 -1
v 25183.6 22589.2 -15285.8 0 0 0
vn 0 0 -1
v 21450.1 23490.3 -15246.8 0 0 0
vn 0 0 -1
v 26004.6 22594 -15478.2 0 0 0
vn 0 0 -1
v 27037.6 22540.7 -15493.6 0 0 0
vn 0 0 -1
v 16993.9 26186.7 -15246.7 0 0 0
vn 0 0 -1
v 27790.5 22557.1 -15588.3 0 0 0
vn 0 0 -1
v 16908.2 27015.8 -15954.1 0 0 0
vn 0 0 -1
v 28407.1 22572.6 -15536.4 0 0 0
vn 0 0 -1
v 15914.1 28133.3 -15382 0 0 0
vn 0 0 -1
v 18646.7 25296.8 -15926.3 0 0 0
vn 0 0 -1
v 15958.3 28863.3 -15988.3 0 0 0
vn 0 0 -1
v 15092.5 30831.8 -15190.1 0 0 0
vn 0 0 -1
v 15203.1 31507.6 -15421.6 0 0 0
vn 0 0 -1
v 29377.3 22576.2 -15331.5 0 0 0
vn 0 0 -1
v 33326.6 23499.7 -15330.4 0 0 0
vn 0 0 -1
v 15071.5 34296.1 -15182.2 0 0 0
vn 0 0 -1
v 19614.9 24365.1 -15294.1 0 0 0
vn 0 0 -1
v 35096.3 24011.7 -14884.6 0 0 0
vn 0 0 -1
v 35974.2 24280 -14665.1 0 0 0
vn 0 0 -1
v 14925.7 32310.8 -14836.2 0 0 0
vn 0 0 -1
v 36244.7 24384.7 -14660.6 0 0 0
vn 0 0 -1
v 36353.2 24432.5 -14676.7 0 0 0
vn 0 0 -1
v 17948.6 25097.3 -14673 0 0 0
vn 0 0 -1
v 14951.7 33171.4 -14889.6 0 0 0
vn 0 0 -1
v 17670.6 25284 -14646.1 0 0 0
vn 0 0 -1
v 25103.6 22470.5 -14783.9 0 0 0
vn 0 0 -1
v 15025.2 34445.6 -14912.5 0 0 0
vn 0 0 -1
v 15029.4 35513.8 -14492.5 0 0 0
vn 0 0 -1
v 22113.9 23181.8 -14876.4 0 0 0
vn 0 0 -1
v 24512.7 22578.6 -14785.3 0 0 0
vn 0 0 -1
v 18708 24634.6 -14736.1 0 0 0
vn 0 0 -1
v 25785.9 22413 -14854.8 0 0 0
vn 0 0 -1
v 19609.9 24122.9 -14755.6 0 0 0
vn 0 0 -1
v 23947.7 22702 -14774.1 0 0 0
vn 0 0 -1
v 19150.3 24379 -14789.1 0 0 0
vn 0 0 -1
v 20272.7 23860.9 -14843.7 0 0 0
vn 0 0 -1
v 26702.8 22363.7 -14898.2 0 0 0
vn 0 0 -1
v 27797 22368 -14950.2 0 0 0
vn 0 0 -1
v 21455.5 23353.2 -14796.4 0 0 0
vn 0 0 -1
v 21136 23492 -14872.2 0 0 0
vn 0 0 -1
v 28777.3 22385.9 -14839.4 0 0 0
vn 0 0 -1
v 15033.7 36157.1 -14222.7 0 0 0
vn 0 0 -1
v 29700.1 22472.6 -14788.9 0 0 0
vn 0 0 -1
v 30511.9 22501.6 -14275 0 0 0
vn 0 0 -1
v 15048.5 36203.5 -14271.8 0 0 0
vn 0 0 -1
v 30569.9 22522.1 -14314.7 0 0 0
vn 0 0 -1
v 15203.7 37034.6 -14706.7 0 0 0
vn 0 0 -1
v 31395.4 22796.8 -14730 0 0 0
vn 0 0 -1
v 15274 37700.3 -14847.4 0 0 0
vn 0 0 -1
v 32052.2 22999.1 -14885.4 0 0 0
vn 0 0 -1
v 15333.2 38632.4 -14921.8 0 0 0
vn 0 0 -1
v 33217.4 23319.7 -14887.1 0 0 0
vn 0 0 -1
v 15374.2 38975.5 -15012.1 0 0 0
vn 0 0 -1
v 33694.9 23438.8 -14694.4 0 0 0
vn 0 0 -1
v 33963.2 23548.4 -14735.9 0 0 0
vn 0 0 -1
v 17139.2 25796.9 -14752.3 0 0 0
vn 0 0 -1
v 16600.5 26414 -14765.9 0 0 0
vn 0 0 -1
v 23004.8 22959.3 -14903.6 0 0 0
vn 0 0 -1
v 15946.3 27052.4 -14208 0 0 0
vn 0 0 -1
v 15944.2 27056.2 -14208.2 0 0 0
vn 0 0 -1
v 15759 27867.3 -14767.7 0 0 0
vn 0 0 -1
v 15379.7 28914.7 -14736.4 0 0 0
vn 0 0 -1
v 15137.5 29525.7 -14559.8 0 0 0
vn 0 0 -1
v 15060 29787.4 -14528 0 0 0
vn 0 0 -1
v 15022.1 30590.1 -14849.8 0 0 0
vn 0 0 -1
v 14939.2 31598.2 -14829.6 0 0 0
vn 0 0 -1
v 35941.9 24320.5 -14914.1 0 0 0
vn 0 0 -1
v 15071.7 35330.6 -14736.1 0 0 0
vn 0 0 -1
v 30507.5 22504.2 -14291 0 0 0
vn 0 0 -1
v 15949.1 27057.7 -14221.5 0 0 0
vn 0 0 -1
v 17720.9 25305.7 -14880.3 0 0 0
vn 0 0 -1
v 15034.5 36152.6 -14227.9 0 0 0
vn 0 0 -1
v 15093.1 29790.5 -14621 0 0 0
vn 0 0 -1
f 2//2 9//9 1//1
f 10//10 9//9 2//2
f 2//2 3//3 10//10
f 11//11 10//10 3//3
f 3//3 4//4 11//11
f 6//6 12//12 5//5
f 8//8 13//13 7//7
f 4//4 7//7 11//11
f 7//7 14//14 11//11
f 7//7 13//13 14//14
f 8//8 15//15 13//13
f 8//8 5//5 15//15
f 5//5 12//12 15//15
f 14//14 13//13 15//15
f 15//15 16//16 14//14
f 9//9 33//33 17//17
f 17//17 1//1 9//9
f 11//11 34//34 10//10
f 34//34 33//33 10//10
f 33//33 9//9 10//10
f 35//35 12//12 6//6
f 6//6 18//18 35//35
f 16//16 36//36 14//14
f 36//36 34//34 14//14
f 34//34 11//11 14//14
f 35//35 15//15 12//12
f 35//35 37//37 15//15
f 37//37 16//16 15//15
f 36//36 16//16 37//37
f 37//37 38//38 36//36
f 33//33 39//39 19//19
f 19//19 17//17 33//33
f 19//19 39//39 20//20
f 40//40 33//33 34//34
f 39//39 33//33 40//40
f 39//39 40//40 21//21
f 21//21 20//20 39//39
f 41//41 34//34 36//36
f 40//40 34//34 41//41
f 21//21 41//41 22//22
f 40//40 41//41 21//21
f 24//24 36//36 38//38
f 24//24 23//23 36//36
f 23//23 41//41 36//36
f 22//22 41//41 23//23
f 25//25 35//35 18//18
f 27//27 42//42 26//26
f 25//25 37//37 35//35
f 25//25 43//43 37//37
f 25//25 28//28 43//43
f 30//30 37//37 43//43
f 30//30 29//29 37//37
f 29//29 38//38 37//37
f 31//31 43//43 28//28
f 32//32 26//26 42//42
f 30//30 43//43 31//31
f 24//24 38//38 29//29
f 45//45 57//57 44//44
f 58//58 57//57 45//45
f 45//45 46//46 58//58
f 48//48 59//59 47//47
f 49//49 59//59 48//48
f 60//60 59//59 49//49
f 51//51 61//61 50//50
f 46//46 50//50 58//58
f 50//50 62//62 58//58
f 50//50 61//61 62//62
f 63//63 61//61 51//51
f 51//51 52//52 63//63
f 63//63 1//1 61//61
f 1//1 62//62 61//61
f 63//63 2//2 1//1
f 52//52 47//47 63//63
f 47//47 64//64 63//63
f 47//47 59//59 64//64
f 2//2 63//63 64//64
f 64//64 3//3 2//2
f 64//64 59//59 60//60
f 60//60 65//65 64//64
f 3//3 64//64 65//65
f 65//65 4//4 3//3
f 54//54 66//66 53//53
f 56//56 67//67 55//55
f 49//49 55//55 60//60
f 55//55 67//67 60//60
f 67//67 68//68 60//60
f 56//56 69//69 67//67
f 56//56 53//53 69//69
f 53//53 66//66 69//69
f 69//69 68//68 67//67
f 69//69 5//5 68//68
f 69//69 6//6 5//5
f 68//68 7//7 60//60
f 7//7 65//65 60//60
f 68//68 8//8 7//7
f 7//7 4//4 65//65
f 5//5 8//8 68//68
f 71//71 80//80 70//70
f 73//73 81//81 72//72
f 71//71 82//82 80//80
f 71//71 72//72 82//82
f 72//72 81//81 82//82
f 80//80 83//83 74//74
f 74//74 70//70 80//80
f 74//74 83//83 75//75
f 84//84 80//80 82//82
f 83//83 80//80 84//84
f 76//76 84//84 85//85
f 76//76 75//75 84//84
f 75//75 83//83 84//84
f 77//77 81//81 73//73
f 77//77 82//82 81//81
f 77//77 78//78 82//82
f 78//78 86//86 82//82
f 87//87 86//86 78//78
f 78//78 79//79 87//87
f 84//84 82//82 86//86
f 86//86 88//88 84//84
f 89//89 84//84 88//88
f 85//85 84//84 89//89
f 88//88 86//86 87//87
f 87//87 90//90 88//88
f 91//91 88//88 90//90
f 89//89 88//88 91//91
f 93//93 102//102 92//92
f 94//94 102//102 93//93
f 103//103 102//102 94//94
f 96//96 104//104 95//95
f 97//97 104//104 96//96
f 104//104 105//105 98//98
f 98//98 95//95 104//104
f 94//94 70//70 103//103
f 94//94 98//98 70//70
f 98//98 71//71 70//70
f 98//98 105//105 71//71
f 97//97 99//99 104//104
f 99//99 105//105 104//104
f 99//99 72//72 105//105
f 99//99 73//73 72//72
f 72//72 71//71 105//105
f 103//103 70//70 74//74
f 74//74 106//106 103//103
f 75//75 106//106 74//74
f 75//75 107//107 106//106
f 75//75 108//108 107//107
f 108//108 75//75 76//76
f 99//99 77//77 73//73
f 99//99 109//109 77//77
f 99//99 100//100 109//109
f 78//78 77//77 109//109
f 101//101 109//109 100//100
f 110//110 109//109 101//101
f 79//79 109//109 110//110
f 78//78 109//109 79//79
f 112//112 120//120 111//111
f 114//114 121//121 113//113
f 122//122 121//121 114//114
f 122//122 44//44 121//121
f 44//44 123//123 121//121
f 122//122 45//45 44//44
f 114//114 111//111 122//122
f 111//111 124//124 122//122
f 111//111 120//120 124//124
f 45//45 122//122 124//124
f 124//124 46//46 45//45
f 115//115 106//106 107//107
f 115//115 102//102 106//106
f 102//102 103//103 106//106
f 115//115 92//92 102//102
f 112//112 125//125 120//120
f 112//112 107//107 125//125
f 112//112 115//115 107//107
f 85//85 126//126 76//76
f 126//126 125//125 76//76
f 125//125 108//108 76//76
f 125//125 107//107 108//108
f 117//117 127//127 116//116
f 101//101 116//116 110//110
f 116//116 127//127 110//110
f 127//127 128//128 110//110
f 128//128 79//79 110//110
f 128//128 87//87 79//79
f 91//91 48//48 89//89
f 48//48 47//47 89//89
f 47//47 126//126 89//89
f 126//126 85//85 89//89
f 128//128 90//90 87//87
f 128//128 129//129 90//90
f 129//129 91//91 90//90
f 48//48 91//91 129//129
f 129//129 49//49 48//48
f 125//125 124//124 120//120
f 125//125 50//50 124//124
f 125//125 51//51 50//50
f 50//50 46//46 124//124
f 51//51 125//125 126//126
f 126//126 52//52 51//51
f 47//47 52//52 126//126
f 130//130 127//127 117//117
f 117//117 118//118 130//130
f 131//131 127//127 130//130
f 128//128 127//127 131//131
f 132//132 130//130 118//118
f 118//118 119//119 132//132
f 132//132 54//54 130//130
f 54//54 53//53 130//130
f 53//53 131//131 130//130
f 131//131 56//56 128//128
f 56//56 55//55 128//128
f 55//55 129//129 128//128
f 55//55 49//49 129//129
f 53//53 56//56 131//131
f 113//113 123//123 133//133
f 121//121 123//123 113//113
f 133//133 145//145 134//134
f 123//123 145//145 133//133
f 58//58 146//146 57//57
f 146//146 145//145 57//57
f 145//145 44//44 57//57
f 145//145 123//123 44//44
f 134//134 147//147 135//135
f 145//145 147//147 134//134
f 135//135 148//148 136//136
f 147//147 148//148 135//135
f 147//147 145//145 146//146
f 146//146 149//149 147//147
f 148//148 147//147 149//149
f 149//149 150//150 148//148
f 138//138 151//151 137//137
f 139//139 151//151 138//138
f 152//152 151//151 139//139
f 153//153 152//152 139//139
f 139//139 140//140 153//153
f 17//17 62//62 1//1
f 17//17 58//58 62//62
f 17//17 146//146 58//58
f 119//119 137//137 132//132
f 137//137 154//154 132//132
f 154//154 54//54 132//132
f 154//154 66//66 54//54
f 137//137 151//151 154//154
f 154//154 69//69 66//66
f 154//154 18//18 69//69
f 18//18 6//6 69//69
f 149//149 17//17 19//19
f 146//146 17//17 149//149
f 20//20 150//150 19//19
f 150//150 149//149 19//19
f 20//20 155//155 150//150
f 155//155 20//20 21//21
f 21//21 156//156 155//155
f 157//157 21//21 22//22
f 156//156 21//21 157//157
f 158//158 23//23 24//24
f 158//158 159//159 23//23
f 159//159 22//22 23//23
f 159//159 157//157 22//22
f 154//154 151//151 152//152
f 152//152 160//160 154//154
f 160//160 25//25 154//154
f 25//25 18//18 154//154
f 160//160 161//161 25//25
f 160//160 152//152 153//153
f 153//153 162//162 160//160
f 162//162 27//27 160//160
f 27//27 26//26 160//160
f 26//26 161//161 160//160
f 28//28 25//25 161//161
f 163//163 29//29 30//30
f 32//32 28//28 26//26
f 28//28 161//161 26//26
f 32//32 31//31 28//28
f 32//32 164//164 31//31
f 164//164 165//165 31//31
f 165//165 30//30 31//31
f 165//165 163//163 30//30
f 163//163 166//166 29//29
f 166//166 24//24 29//29
f 166//166 158//158 24//24
f 142//142 141//141 166//166
f 141//141 159//159 166//166
f 159//159 158//158 166//166
f 144//144 143//143 165//165
f 143//143 166//166 165//165
f 166//166 163//163 165//165
f 142//142 166//166 143//143
f 136//136 150//150 167//167
f 148//148 150//150 136//136
f 168//168 153//153 140//140
f 169//169 155//155 156//156
f 169//169 167//167 155//155
f 167//167 150//150 155//155
f 170//170 157//157 159//159
f 170//170 169//169 157//157
f 169//169 156//156 157//157
f 168//168 162//162 153//153
f 168//168 171//171 162//162
f 171//171 27//27 162//162
f 171//171 42//42 27//27
f 171//171 32//32 42//42
f 171//171 164//164 32//32
f 171//171 165//165 164//164
f 171//171 172//172 165//165
f 170//170 159//159 141//141
f 144//144 165//165 172//172
f 174//174 189//189 173//173
f 173//173 189//189 175//175
f 177//177 92//92 176//176
f 93//93 92//92 177//177
f 178//178 93//93 177//177
f 94//94 93//93 178//178
f 190//190 189//189 174//174
f 174//174 179//179 190//190
f 189//189 190//190 180//180
f 180//180 175//175 189//189
f 96//96 95//95 191//191
f 181//181 190//190 179//179
f 183//183 192//192 182//182
f 180//180 190//190 181//181
f 191//191 97//97 96//96
f 184//184 185//185 98//98
f 185//185 191//191 98//98
f 191//191 95//95 98//98
f 98//98 94//94 178//178
f 178//178 184//184 98//98
f 185//185 182//182 191//191
f 182//182 97//97 191//191
f 182//182 192//192 97//97
f 192//192 99//99 97//97
f 186//186 192//192 183//183
f 193//193 192//192 186//186
f 188//188 194//194 187//187
f 186//186 187//187 193//193
f 187//187 194//194 193//193
f 194//194 195//195 193//193
f 99//99 192//192 193//193
f 193//193 100//100 99//99
f 100//100 193//193 195//195
f 195//195 101//101 100//100
f 197//197 212//212 196//196
f 198//198 212//212 197//197
f 200//200 213//213 199//199
f 214//214 213//213 200//200
f 200//200 201//201 214//214
f 196//196 212//212 202//202
f 215//215 174//174 173//173
f 204//204 216//216 203//203
f 215//215 173//173 175//175
f 206//206 217//217 205//205
f 207//207 177//177 218//218
f 177//177 176//176 218//218
f 207//207 205//205 177//177
f 205//205 217//217 177//177
f 206//206 219//219 217//217
f 206//206 203//203 219//219
f 203//203 216//216 219//219
f 177//177 217//217 219//219
f 219//219 178//178 177//177
f 208//208 179//179 215//215
f 179//179 174//174 215//215
f 208//208 209//209 179//179
f 198//198 202//202 212//212
f 204//204 215//215 216//216
f 215//215 220//220 216//216
f 215//215 180//180 220//220
f 215//215 175//175 180//180
f 204//204 208//208 215//215
f 209//209 181//181 179//179
f 209//209 221//221 181//181
f 209//209 210//210 221//221
f 221//221 183//183 181//181
f 183//183 180//180 181//181
f 183//183 182//182 180//180
f 182//182 220//220 180//180
f 220//220 219//219 216//216
f 220//220 185//185 219//219
f 185//185 184//184 219//219
f 184//184 178//178 219//219
f 182//182 185//185 220//220
f 210//210 222//222 221//221
f 210//210 199//199 222//222
f 199//199 213//213 222//222
f 183//183 221//221 222//222
f 222//222 186//186 183//183
f 214//214 188//188 213//213
f 188//188 187//187 213//213
f 187//187 222//222 213//213
f 187//187 186//186 222//222
f 224//224 232//232 223//223
f 233//233 232//232 224//224
f 224//224 225//225 233//233
f 207//207 218//218 211//211
f 227//227 234//234 226//226
f 225//225 235//235 233//233
f 225//225 226//226 235//235
f 226//226 234//234 235//235
f 227//227 236//236 234//234
f 227//227 211//211 236//236
f 211//211 218//218 236//236
f 236//236 112//112 234//234
f 112//112 235//235 234//234
f 112//112 111//111 235//235
f 113//113 233//233 235//235
f 235//235 114//114 113//113
f 111//111 114//114 235//235
f 228//228 214//214 201//201
f 237//237 214//214 228//228
f 230//230 238//238 229//229
f 228//228 229//229 237//237
f 229//229 239//239 237//237
f 229//229 238//238 239//239
f 240//240 238//238 230//230
f 230//230 231//231 240//240
f 239//239 238//238 240//240
f 240//240 241//241 239//239
f 115//115 236//236 92//92
f 236//236 176//176 92//92
f 236//236 218//218 176//176
f 115//115 112//112 236//236
f 237//237 188//188 214//214
f 237//237 194//194 188//188
f 237//237 117//117 194//194
f 117//117 116//116 194//194
f 116//116 195//195 194//194
f 116//116 101//101 195//195
f 117//117 237//237 239//239
f 239//239 118//118 117//117
f 118//118 239//239 241//241
f 241//241 119//119 118//118
f 243//243 264//264 242//242
f 245//245 265//265 244//244
f 243//243 207//207 264//264
f 207//207 211//211 264//264
f 243//243 265//265 207//207
f 243//243 244//244 265//265
f 247//247 266//266 246//246
f 249//249 267//267 248//248
f 250//250 266//266 247//247
f 251//251 248//248 267//267
f 268//268 197//197 196//196
f 252//252 267//267 249//249
f 251//251 267//267 252//252
f 268//268 198//198 197//197
f 254//254 269//269 253//253
f 256//256 270//270 255//255
f 254//254 255//255 269//269
f 255//255 270//270 269//269
f 270//270 200//200 269//269
f 200//200 199//199 269//269
f 271//271 270//270 256//256
f 256//256 257//257 271//271
f 200//200 270//270 271//271
f 271//271 201//201 200//200
f 246//246 272//272 258//258
f 266//266 272//272 246//246
f 272//272 273//273 259//259
f 259//259 258//258 272//272
f 260//260 266//266 250//250
f 272//272 266//266 260//260
f 268//268 196//196 202//202
f 260//260 204//204 272//272
f 204//204 273//273 272//272
f 204//204 203//203 273//273
f 260//260 261//261 204//204
f 245//245 259//259 265//265
f 259//259 206//206 265//265
f 206//206 205//205 265//265
f 259//259 273//273 206//206
f 205//205 207//207 265//265
f 203//203 206//206 273//273
f 263//263 208//208 262//262
f 209//209 208//208 263//263
f 202//202 198//198 268//268
f 208//208 204//204 261//261
f 261//261 262//262 208//208
f 263//263 210//210 209//209
f 263//263 253//253 210//210
f 253//253 269//269 210//210
f 199//199 210//210 269//269
f 275//275 291//291 274//274
f 276//276 243//243 292//292
f 243//243 242//242 292//292
f 276//276 274//274 243//243
f 274//274 291//291 243//243
f 275//275 277//277 291//291
f 277//277 244//244 291//291
f 277//277 245//245 244//244
f 244//244 243//243 291//291
f 279//279 246//246 278//278
f 247//247 246//246 279//279
f 281//281 248//248 280//280
f 249//249 248//248 281//281
f 282//282 247//247 279//279
f 250//250 247//247 282//282
f 251//251 283//283 280//280
f 280//280 248//248 251//251
f 285//285 293//293 284//284
f 281//281 252//252 249//249
f 281//281 294//294 252//252
f 281//281 286//286 294//294
f 287//287 283//283 295//295
f 283//283 251//251 295//295
f 251//251 294//294 295//295
f 251//251 252//252 294//294
f 286//286 284//284 294//294
f 284//284 296//296 294//294
f 284//284 293//293 296//296
f 296//296 254//254 294//294
f 254//254 253//253 294//294
f 253//253 295//295 294//294
f 297//297 256//256 293//293
f 256//256 255//255 293//293
f 255//255 296//296 293//293
f 255//255 254//254 296//296
f 256//256 297//297 298//298
f 298//298 257//257 256//256
f 246//246 258//258 288//288
f 288//288 278//278 246//246
f 288//288 259//259 289//289
f 258//258 259//259 288//288
f 282//282 260//260 250//250
f 282//282 290//290 260//260
f 290//290 299//299 260//260
f 261//261 260//260 299//299
f 259//259 245//245 277//277
f 277//277 289//289 259//259
f 290//290 262//262 299//299
f 290//290 287//287 262//262
f 287//287 263//263 262//262
f 287//287 295//295 263//263
f 262//262 261//261 299//299
f 253//253 263//263 295//295
f 301//301 310//310 300//300
f 302//302 223//223 311//311
f 302//302 224//224 223//223
f 302//302 300//300 224//224
f 300//300 310//310 224//224
f 303//303 310//310 301//301
f 312//312 310//310 303//303
f 224//224 310//310 312//312
f 312//312 225//225 224//224
f 276//276 292//292 304//304
f 303//303 304//304 312//312
f 304//304 292//292 312//312
f 292//292 226//226 312//312
f 292//292 227//227 226//226
f 226//226 225//225 312//312
f 292//292 242//242 227//227
f 242//242 264//264 227//227
f 264//264 211//211 227//227
f 306//306 313//313 305//305
f 285//285 297//297 293//293
f 285//285 307//307 297//297
f 307//307 298//298 297//297
f 307//307 305//305 298//298
f 305//305 314//314 298//298
f 305//305 313//313 314//314
f 314//314 257//257 298//298
f 314//314 271//271 257//257
f 314//314 228//228 271//271
f 228//228 201//201 271//271
f 315//315 313//313 306//306
f 306//306 308//308 315//315
f 309//309 315//315 308//308
f 316//316 315//315 309//309
f 315//315 314//314 313//313
f 315//315 229//229 314//314
f 315//315 230//230 229//229
f 229//229 228//228 314//314
f 230//230 315//315 316//316
f 316//316 231//231 230//230
f 302//302 311//311 317//317
f 319//319 329//329 318//318
f 329//329 330//330 320//320
f 320//320 318//318 329//329
f 319//319 331//331 329//329
f 319//319 317//317 331//331
f 317//317 311//311 331//331
f 330//330 329//329 331//331
f 331//331 332//332 330//330
f 233//233 113//113 232//232
f 113//113 133//133 232//232
f 133//133 223//223 232//232
f 133//133 331//331 223//223
f 331//331 311//311 223//223
f 331//331 133//133 134//134
f 134//134 332//332 331//331
f 320//320 333//333 321//321
f 330//330 333//333 320//320
f 321//321 333//333 322//322
f 333//333 330//330 332//332
f 332//332 334//334 333//333
f 323//323 334//334 335//335
f 323//323 322//322 334//334
f 322//322 333//333 334//334
f 334//334 134//134 135//135
f 332//332 134//134 334//334
f 335//335 135//135 136//136
f 334//334 135//135 335//335
f 324//324 316//316 309//309
f 336//336 316//316 324//324
f 336//336 231//231 316//316
f 336//336 240//240 231//231
f 336//336 138//138 240//240
f 138//138 137//137 240//240
f 137//137 241//241 240//240
f 337//337 336//336 324//324
f 324//324 325//325 337//337
f 138//138 336//336 337//337
f 337//337 139//139 138//138
f 338//338 337//337 325//325
f 325//325 326//326 338//338
f 139//139 337//337 338//338
f 338//338 140//140 139//139
f 137//137 119//119 241//241
f 339//339 141//141 142//142
f 340//340 143//143 144//144
f 328//328 143//143 340//340
f 328//328 142//142 143//143
f 328//328 339//339 142//142
f 328//328 327//327 339//339
f 342//342 356//356 341//341
f 343//343 356//356 342//342
f 357//357 356//356 343//343
f 344//344 341//341 358//358
f 341//341 356//356 358//358
f 356//356 274//274 358//358
f 356//356 275//275 274//274
f 274//274 276//276 358//358
f 275//275 356//356 357//357
f 357//357 277//277 275//275
f 346//346 359//359 345//345
f 360//360 359//359 346//346
f 346//346 347//347 360//360
f 345//345 359//359 348//348
f 279//279 278//278 361//361
f 349//349 281//281 280//280
f 349//349 360//360 281//281
f 349//349 348//348 360//360
f 348//348 359//359 360//360
f 350//350 349//349 362//362
f 349//349 283//283 362//362
f 349//349 280//280 283//283
f 361//361 282//282 279//279
f 363//363 360//360 347//347
f 347//347 351//351 363//363
f 353//353 364//364 352//352
f 351//351 364//364 363//363
f 364//364 285//285 363//363
f 285//285 284//284 363//363
f 351//351 352//352 364//364
f 281//281 360//360 363//363
f 363//363 286//286 281//281
f 362//362 283//283 287//287
f 284//284 286//286 363//363
f 354//354 361//361 288//288
f 361//361 278//278 288//288
f 354//354 355//355 361//361
f 343//343 288//288 357//357
f 288//288 289//289 357//357
f 343//343 354//354 288//288
f 355//355 350//350 361//361
f 350//350 282//282 361//361
f 350//350 362//362 282//282
f 362//362 290//290 282//282
f 289//289 277//277 357//357
f 287//287 290//290 362//362
f 366//366 386//386 365//365
f 368//368 387//387 367//367
f 387//387 388//388 369//369
f 369//369 367//367 387//387
f 368//368 389//389 387//387
f 368//368 365//365 389//389
f 365//365 386//386 389//389
f 388//388 387//387 389//389
f 389//389 390//390 388//388
f 370//370 388//388 391//391
f 388//388 392//392 391//391
f 370//370 369//369 388//388
f 392//392 342//342 391//391
f 342//342 341//341 391//391
f 341//341 393//393 391//391
f 394//394 388//388 390//390
f 392//392 388//388 394//394
f 342//342 392//392 394//394
f 394//394 343//343 342//342
f 341//341 344//344 393//393
f 372//372 395//395 371//371
f 373//373 386//386 366//366
f 374//374 371//371 395//395
f 396//396 346//346 345//345
f 375//375 395//395 372//372
f 376//376 346//346 396//396
f 376//376 347//347 346//346
f 376//376 377//377 347//347
f 375//375 374//374 395//395
f 373//373 389//389 386//386
f 373//373 378//378 389//389
f 378//378 397//397 389//389
f 345//345 348//348 396//396
f 398//398 389//389 397//397
f 390//390 389//389 398//398
f 379//379 397//397 378//378
f 349//349 399//399 348//348
f 399//399 376//376 348//348
f 376//376 396//396 348//348
f 399//399 380//380 376//376
f 379//379 349//349 397//397
f 349//349 350//350 397//397
f 350//350 398//398 397//397
f 379//379 399//399 349//349
f 379//379 381//381 399//399
f 383//383 400//400 382//382
f 377//377 382//382 347//347
f 382//382 400//400 347//347
f 400//400 351//351 347//347
f 383//383 384//384 400//400
f 384//384 401//401 400//400
f 401//401 352//352 400//400
f 401//401 353//353 352//352
f 352//352 351//351 400//400
f 380//380 399//399 385//385
f 385//385 399//399 381//381
f 398//398 355//355 390//390
f 355//355 354//354 390//390
f 354//354 394//394 390//390
f 354//354 343//343 394//394
f 350//350 355//355 398//398
f 403//403 413//413 402//402
f 404//404 413//413 403//403
f 414//414 413//413 404//404
f 405//405 402//402 415//415
f 402//402 300//300 415//415
f 402//402 413//413 300//300
f 413//413 301//301 300//300
f 300//300 302//302 415//415
f 301//301 413//413 414//414
f 414//414 303//303 301//301
f 370//370 393//393 406//406
f 391//391 393//393 370//370
f 404//404 406//406 414//414
f 406//406 358//358 414//414
f 358//358 304//304 414//414
f 358//358 276//276 304//304
f 406//406 344//344 358//358
f 406//406 393//393 344//344
f 304//304 303//303 414//414
f 407//407 401//401 384//384
f 408//408 401//401 407//407
f 416//416 401//401 408//408
f 410//410 417//417 409//409
f 408//408 409//409 416//416
f 409//409 305//305 416//416
f 409//409 417//417 305//305
f 417//417 306//306 305//305
f 416//416 353//353 401//401
f 416//416 364//364 353//353
f 416//416 307//307 364//364
f 307//307 285//285 364//364
f 305//305 307//307 416//416
f 411//411 417//417 410//410
f 418//418 417//417 411//411
f 306//306 417//417 418//418
f 418//418 308//308 306//306
f 412//412 418//418 411//411
f 419//419 418//418 412//412
f 308//308 418//418 419//419
f 419//419 309//309 308//308
f 421//421 436//436 420//420
f 423//423 437//437 422//422
f 420//420 436//436 424//424
f 423//423 366//366 437//437
f 366//366 365//365 437//437
f 423//423 425//425 366//366
f 426//426 437//437 438//438
f 437//437 367//367 438//438
f 437//437 368//368 367//367
f 426//426 422//422 437//437
f 438//438 367//367 369//369
f 369//369 439//439 438//438
f 365//365 368//368 437//437
f 369//369 370//370 439//439
f 427//427 436//436 421//421
f 429//429 440//440 428//428
f 431//431 371//371 430//430
f 372//372 371//371 431//431
f 427//427 424//424 436//436
f 432//432 366//366 425//425
f 373//373 366//366 432//432
f 371//371 433//433 430//430
f 374//374 433//433 371//371
f 431//431 375//375 372//372
f 431//431 440//440 375//375
f 440//440 441//441 375//375
f 431//431 428//428 440//440
f 434//434 433//433 376//376
f 433//433 374//374 376//376
f 374//374 375//375 376//376
f 375//375 377//377 376//376
f 375//375 441//441 377//377
f 378//378 373//373 432//432
f 432//432 435//435 378//378
f 435//435 376//376 378//378
f 376//376 379//379 378//378
f 376//376 380//380 379//379
f 380//380 442//442 379//379
f 435//435 434//434 376//376
f 381//381 379//379 442//442
f 443//443 382//382 440//440
f 382//382 441//441 440//440
f 443//443 383//383 382//382
f 382//382 377//377 441//441
f 384//384 383//383 443//443
f 442//442 380//380 385//385
f 385//385 381//381 442//442
f 421//421 420//420 456//456
f 445//445 457//457 444//444
f 446//446 422//422 458//458
f 446//446 457//457 422//422
f 457//457 423//423 422//422
f 446//446 444//444 457//457
f 447//447 457//457 445//445
f 420//420 424//424 456//456
f 447//447 425//425 457//457
f 425//425 423//423 457//457
f 447//447 448//448 425//425
f 422//422 426//426 458//458
f 450//450 459//459 449//449
f 427//427 421//421 456//456
f 452//452 460//460 451//451
f 450//450 451//451 459//459
f 451//451 460//460 459//459
f 460//460 429//429 459//459
f 429//429 428//428 459//459
f 449//449 459//459 453//453
f 461//461 431//431 430//430
f 424//424 427//427 456//456
f 448//448 462//462 425//425
f 462//462 432//432 425//425
f 448//448 454//454 462//462
f 430//430 433//433 461//461
f 455//455 453//453 461//461
f 453//453 431//431 461//461
f 453//453 459//459 431//431
f 459//459 428//428 431//431
f 454//454 461//461 462//462
f 461//461 433//433 462//462
f 433//433 434//434 462//462
f 454//454 455//455 461//461
f 435//435 432//432 462//462
f 434//434 435//435 462//462
f 464//464 473//473 463//463
f 446//446 458//458 465//465
f 464//464 438//438 473//473
f 438//438 439//439 473//473
f 464//464 426//426 438//438
f 464//464 465//465 426//426
f 465//465 458//458 426//426
f 475//475 474//474 466//466
f 466//466 467//467 475//475
f 475//475 402//402 474//474
f 402//402 476//476 474//474
f 475//475 403//403 402//402
f 467//467 463//463 475//475
f 463//463 473//473 475//475
f 473//473 477//477 475//475
f 403//403 475//475 477//477
f 477//477 404//404 403//403
f 402//402 405//405 476//476
f 439//439 370//370 473//473
f 370//370 406//406 473//473
f 406//406 477//477 473//473
f 406//406 404//404 477//477
f 469//469 478//478 468//468
f 471//471 479//479 470//470
f 452//452 470//470 460//460
f 470//470 479//479 460//460
f 479//479 407//407 460//460
f 407//407 443//443 460//460
f 443//443 429//429 460//460
f 443//443 440//440 429//429
f 407//407 384//384 443//443
f 472//472 479//479 471//471
f 480//480 479//479 472//472
f 407//407 479//479 480//480
f 480//480 408//408 407//407
f 472//472 468//468 480//480
f 468//468 409//409 480//480
f 468//468 410//410 409//409
f 468//468 478//478 410//410
f 409//409 408//408 480//480
f 410//410 478//478 481//481
f 481//481 411//411 410//410
f 411//411 481//481 482//482
f 482//482 412//412 411//411
f 484//484 494//494 483//483
f 494//494 495//495 485//485
f 485//485 483//483 494//494
f 484//484 476//476 494//494
f 484//484 466//466 476//476
f 466//466 474//474 476//476
f 476//476 405//405 494//494
f 405//405 495//495 494//494
f 405//405 415//415 495//495
f 415//415 317//317 495//495
f 415//415 302//302 317//317
f 486//486 495//495 496//496
f 495//495 319//319 496//496
f 319//319 318//318 496//496
f 486//486 485//485 495//495
f 496//496 318//318 320//320
f 320//320 497//497 496//496
f 317//317 319//319 495//495
f 488//488 487//487 321//321
f 487//487 320//320 321//321
f 487//487 497//497 320//320
f 489//489 488//488 498//498
f 488//488 322//322 498//498
f 488//488 321//321 322//322
f 498//498 322//322 323//323
f 469//469 481//481 478//478
f 469//469 490//490 481//481
f 490//490 482//482 481//481
f 491//491 482//482 490//490
f 499//499 482//482 491//491
f 499//499 412//412 482//482
f 499//499 419//419 412//412
f 499//499 324//324 419//419
f 324//324 309//309 419//419
f 500//500 499//499 491//491
f 491//491 492//492 500//500
f 501//501 500//500 492//492
f 492//492 493//493 501//501
f 324//324 499//499 500//500
f 500//500 325//325 324//324
f 325//325 500//500 501//501
f 501//501 326//326 325//325
f 502//502 327//327 328//328
f 486//486 497//497 503//503
f 496//496 497//497 486//486
f 503//503 497//497 487//487
f 504//504 323//323 335//335
f 504//504 498//498 323//323
f 504//504 489//489 498//498
f 505//505 504//504 167//167
f 504//504 136//136 167//167
f 504//504 335//335 136//136
f 506//506 501//501 493//493
f 506//506 326//326 501//501
f 506//506 168//168 326//326
f 168//168 338//338 326//326
f 168//168 140//140 338//338
f 506//506 507//507 168//168
f 505//505 169//169 508//508
f 167//167 169//169 505//505
f 169//169 170//170 509//509
f 509//509 508//508 169//169
f 510//510 168//168 507//507
f 171//171 168//168 510//510
f 172//172 171//171 510//510
f 510//510 511//511 172//172
f 512//512 327//327 502//502
f 512//512 509//509 327//327
f 509//509 339//339 327//327
f 509//509 170//170 339//339
f 170//170 141//141 339//339
f 511//511 328//328 172//172
f 328//328 340//340 172//172
f 340//340 144//144 172//172
f 511//511 513//513 328//328
f 513//513 502//502 328//328
f 512//512 502//502 513//513
f 515//515 522//522 514//514
f 516//516 517//517 523//523
f 517//517 445//445 523//523
f 445//445 444//444 523//523
f 444//444 446//446 523//523
f 517//517 447//447 445//445
f 517//517 524//524 447//447
f 517//517 514//514 524//524
f 514//514 522//522 524//524
f 448//448 447//447 524//524
f 519//519 525//525 518//518
f 521//521 526//526 520//520
f 515//515 526//526 522//522
f 526//526 449//449 522//522
f 526//526 450//450 449//449
f 515//515 520//520 526//526
f 521//521 518//518 526//526
f 518//518 452//452 526//526
f 452//452 451//451 526//526
f 518//518 525//525 452//452
f 451//451 450//450 526//526
f 453//453 524//524 449//449
f 524//524 522//522 449//449
f 453//453 527//527 524//524
f 448//448 524//524 527//527
f 527//527 454//454 448//448
f 527//527 453//453 455//455
f 455//455 454//454 527//527
f 529//529 538//538 528//528
f 538//538 539//539 530//530
f 530//530 528//528 538//538
f 532//532 540//540 531//531
f 533//533 542//542 541//541
f 533//533 531//531 542//542
f 531//531 540//540 542//542
f 532//532 543//543 540//540
f 532//532 530//530 543//543
f 530//530 539//539 543//543
f 543//543 515//515 540//540
f 515//515 514//514 540//540
f 514//514 542//542 540//540
f 517//517 541//541 542//542
f 516//516 541//541 517//517
f 514//514 517//517 542//542
f 544//544 538//538 529//529
f 529//529 534//534 544//544
f 545//545 538//538 544//544
f 539//539 538//538 545//545
f 546//546 544//544 534//534
f 534//534 535//535 546//546
f 546//546 519//519 544//544
f 519//519 518//518 544//544
f 518//518 545//545 544//544
f 545//545 521//521 539//539
f 521//521 520//520 539//539
f 520//520 543//543 539//539
f 520//520 515//515 543//543
f 518//518 521//521 545//545
f 557//557 556//556 547//547
f 547//547 548//548 557//557
f 550//550 558//558 549//549
f 548//548 549//549 557//557
f 549//549 463//463 557//557
f 549//549 464//464 463//463
f 549//549 558//558 464//464
f 541//541 536//536 537//537
f 537//537 533//533 541//541
f 550//550 516//516 558//558
f 516//516 523//523 558//558
f 523//523 465//465 558//558
f 523//523 446//446 465//465
f 550//550 536//536 516//516
f 536//536 541//541 516//516
f 465//465 464//464 558//558
f 466//466 556//556 557//557
f 557//557 467//467 466//466
f 463//463 467//467 557//557
f 552//552 559//559 551//551
f 560//560 559//559 552//552
f 552//552 553//553 560//560
f 555//555 561//561 554//554
f 553//553 554//554 560//560
f 554//554 468//468 560//560
f 554//554 561//561 468//468
f 561//561 469//469 468//468
f 535//535 551//551 546//546
f 551//551 559//559 546//546
f 559//559 471//471 546//546
f 471//471 470//470 546//546
f 470//470 519//519 546//546
f 470//470 525//525 519//519
f 470//470 452//452 525//525
f 471//471 559//559 560//560
f 560//560 472//472 471//471
f 468//468 472//472 560//560
f 563//563 536//536 562//562
f 537//537 536//536 563//563
f 565//565 571//571 564//564
f 563//563 533//533 537//537
f 563//563 571//571 533//533
f 563//563 564//564 571//571
f 567//567 572//572 566//566
f 572//572 573//573 568//568
f 568//568 566//566 572//572
f 567//567 528//528 572//572
f 567//567 529//529 528//528
f 567//567 569//569 529//529
f 572//572 528//528 530//530
f 530//530 573//573 572//572
f 565//565 568//568 571//571
f 568//568 531//531 571//571
f 568//568 532//532 531//531
f 568//568 573//573 532//532
f 531//531 533//533 571//571
f 530//530 532//532 573//573
f 569//569 570//570 529//529
f 570//570 574//574 529//529
f 574//574 534//534 529//529
f 534//534 574//574 575//575
f 575//575 535//535 534//534
f 576//576 562//562 584//584
f 576//576 563//563 562//562
f 576//576 577//577 563//563
f 565//565 564//564 585//585
f 577//577 585//585 563//563
f 585//585 564//564 563//563
f 577//577 578//578 585//585
f 580//580 566//566 579//579
f 567//567 566//566 580//580
f 579//579 568//568 581//581
f 566//566 568//568 579//579
f 580//580 582//582 567//567
f 582//582 586//586 567//567
f 586//586 569//569 567//567
f 583//583 568//568 585//585
f 568//568 565//565 585//585
f 583//583 581//581 568//568
f 583//583 585//585 578//578
f 570//570 569//569 586//586
f 587//587 586//586 582//582
f 576//576 584//584 588//588
f 596//596 595//595 589//589
f 589//589 590//590 596//596
f 547//547 595//595 596//596
f 596//596 548//548 547//547
f 590//590 549//549 596//596
f 590//590 588//588 549//549
f 588//588 550//550 549//549
f 588//588 584//584 550//550
f 549//549 548//548 596//596
f 536//536 550//550 584//584
f 584//584 562//562 536//536
f 587//587 570//570 586//586
f 587//587 574//574 570//570
f 587//587 591//591 574//574
f 591//591 575//575 574//574
f 593//593 597//597 592//592
f 591//591 592//592 575//575
f 592//592 597//597 575//575
f 597//597 551//551 575//575
f 597//597 552//552 551//551
f 593//593 594//594 597//597
f 594//594 598//598 597//597
f 598//598 599//599 597//597
f 552//552 597//597 599//599
f 599//599 553//553 552//552
f 600//600 555//555 598//598
f 555//555 554//554 598//598
f 554//554 599//599 598//598
f 554//554 553//553 599//599
f 551//551 535//535 575//575
f 602//602 611//611 601//601
f 602//602 595//595 611//611
f 595//595 547//547 611//611
f 547//547 556//556 611//611
f 602//602 589//589 595//595
f 603//603 611//611 612//612
f 611//611 483//483 612//612
f 611//611 484//484 483//483
f 603//603 601//601 611//611
f 612//612 483//483 485//485
f 485//485 613//613 612//612
f 484//484 611//611 556//556
f 556//556 466//466 484//484
f 485//485 486//486 613//613
f 614//614 487//487 488//488
f 605//605 604//604 489//489
f 604//604 614//614 489//489
f 614//614 488//488 489//489
f 606//606 598//598 594//594
f 600//600 598//598 606//606
f 615//615 600//600 606//606
f 606//606 607//607 615//615
f 615//615 555//555 600//600
f 615//615 561//561 555//555
f 615//615 490//490 561//561
f 490//490 469//469 561//561
f 616//616 615//615 607//607
f 607//607 608//608 616//616
f 490//490 615//615 616//616
f 616//616 491//491 490//490
f 617//617 616//616 608//608
f 608//608 609//609 617//617
f 491//491 616//616 617//617
f 617//617 492//492 491//491
f 610//610 617//617 609//609
f 618//618 617//617 610//610
f 492//492 617//617 618//618
f 618//618 493//493 492//492
f 620//620 623//623 619//619
f 621//621 625//625 624//624
f 621//621 619//619 625//625
f 619//619 623//623 625//625
f 620//620 627//627 623//623
f 620//620 622//622 627//627
f 622//622 626//626 627//627
f 625//625 623//623 627//627
f 627//627 628//628 625//625
f 630//630 624//624 625//625
f 629//629 624//624 630//630
f 576//576 629//629 630//630
f 630//630 577//577 576//576
f 630//630 625//625 628//628
f 628//628 631//631 630//630
f 578//578 630//630 631//631
f 577//577 630//630 578//578
f 632//632 579//579 626//626
f 579//579 627//627 626//626
f 632//632 580//580 579//579
f 628//628 579//579 581//581
f 627//627 579//579 628//628
f 582//582 580//580 632//632
f 628//628 581//581 583//583
f 583//583 631//631 628//628
f 583//583 578//578 631//631
f 635//635 619//619 633//633
f 619//619 634//634 633//633
f 635//635 620//620 619//619
f 619//619 621//621 634//634
f 622//622 620//620 635//635
f 637//637 640//640 636//636
f 641//641 640//640 637//637
f 642//642 640//640 641//641
f 641//641 643//643 642//642
f 638//638 641//641 637//637
f 644//644 641//641 638//638
f 633//633 641//641 644//644
f 643//643 641//641 633//633
f 638//638 646//646 644//644
f 638//638 645//645 646//646
f 638//638 639//639 645//645
f 646//646 635//635 644//644
f 635//635 633//633 644//644
f 646//646 622//622 635//635
f 646//646 626//626 622//622
f 648//648 645//645 647//647
f 646//646 645//645 648//648
f 648//648 632//632 646//646
f 632//632 626//626 646//646
f 648//648 587//587 632//632
f 587//587 582//582 632//632
f 649//649 642//642 643//643
f 643//643 650//650 649//649
f 652//652 649//649 650//650
f 651//651 649//649 652//652
f 634//634 643//643 633//633
f 634//634 650//650 643//643
f 634//634 621//621 650//650
f 621//621 624//624 650//650
f 629//629 650//650 624//624
f 629//629 652//652 650//650
f 629//629 588//588 652//652
f 629//629 576//576 588//588
f 589//589 651//651 652//652
f 652//652 590//590 589//589
f 588//588 590//590 652//652
f 654//654 647//647 653//653
f 648//648 647//647 654//654
f 587//587 648//648 654//654
f 654//654 591//591 587//587
f 655//655 593//593 653//653
f 593//593 592//592 653//653
f 592//592 654//654 653//653
f 592//592 591//591 654//654
f 594//594 593//593 655//655
f 636//636 656//656 657//657
f 657//657 637//637 636//636
f 637//637 657//657 658//658
f 658//658 638//638 637//637
f 639//639 638//638 658//658
f 660//660 670//670 659//659
f 671//671 670//670 660//660
f 660//660 661//661 671//671
f 672//672 671//671 661//661
f 661//661 662//662 672//672
f 664//664 673//673 663//663
f 665//665 675//675 674//674
f 665//665 663//663 675//675
f 663//663 673//673 675//675
f 664//664 656//656 673//673
f 664//664 659//659 656//656
f 659//659 670//670 656//656
f 656//656 636//636 673//673
f 636//636 675//675 673//673
f 636//636 640//640 675//675
f 640//640 642//642 675//675
f 676//676 674//674 675//675
f 675//675 677//677 676//676
f 677//677 602//602 676//676
f 602//602 601//601 676//676
f 601//601 678//678 676//676
f 649//649 675//675 642//642
f 649//649 677//677 675//675
f 649//649 651//651 677//677
f 602//602 677//677 651//651
f 651//651 589//589 602//602
f 671//671 657//657 670//670
f 657//657 656//656 670//670
f 671//671 658//658 657//657
f 672//672 645//645 671//671
f 645//645 639//639 671//671
f 639//639 658//658 671//671
f 672//672 647//647 645//645
f 601//601 603//603 678//678
f 679//679 604//604 605//605
f 680//680 672//672 662//662
f 662//662 666//666 680//680
f 681//681 680//680 666//666
f 666//666 667//667 681//681
f 682//682 681//681 667//667
f 667//667 668//668 682//682
f 669//669 682//682 668//668
f 683//683 682//682 669//669
f 680//680 653//653 672//672
f 653//653 647//647 672//672
f 680//680 655//655 653//653
f 681//681 606//606 680//680
f 606//606 594//594 680//680
f 594//594 655//655 680//680
f 606//606 681//681 682//682
f 682//682 607//607 606//606
f 607//607 682//682 683//683
f 683//683 608//608 607//607
f 609//609 683//683 684//684
f 608//608 683//683 609//609
f 610//610 684//684 685//685
f 609//609 684//684 610//610
f 665//665 674//674 686//686
f 687//687 676//676 678//678
f 687//687 686//686 676//676
f 686//686 674//674 676//676
f 688//688 612//612 613//613
f 688//688 687//687 612//612
f 687//687 603//603 612//612
f 687//687 678//678 603//603
f 689//689 486//486 503//503
f 689//689 688//688 486//486
f 688//688 613//613 486//486
f 690//690 604//604 679//679
f 690//690 689//689 604//604
f 689//689 614//614 604//604
f 689//689 503//503 614//614
f 503//503 487//487 614//614
f 690//690 679//679 691//691
f 692//692 605//605 504//504
f 605//605 489//489 504//504
f 692//692 691//691 605//605
f 691//691 679//679 605//605
f 504//504 505//505 693//693
f 693//693 692//692 504//504
f 669//669 684//684 683//683
f 669//669 694//694 684//684
f 694//694 685//685 684//684
f 695//695 685//685 694//694
f 695//695 610//610 685//685
f 695//695 696//696 610//610
f 696//696 506//506 610//610
f 506//506 618//618 610//610
f 506//506 493//493 618//618
f 696//696 697//697 506//506
f 697//697 706//706 506//506
f 706//706 507//507 506//506
f 698//698 706//706 697//697
f 505//505 508//508 699//699
f 699//699 693//693 505//505
f 699//699 509//509 700//700
f 508//508 509//509 699//699
f 510//510 507//507 706//706
f 706//706 707//707 510//510
f 702//702 511//511 707//707
f 511//511 510//510 707//707
f 702//702 701//701 511//511
f 509//509 512//512 703//703
f 703//703 700//700 509//509
f 513//513 511//511 701//701
f 701//701 704//704 513//513
f 703//703 513//513 704//704
f 512//512 513//513 703//703
f 707//707 706//706 698//698
f 698//698 705//705 707//707
f 702//702 707//707 705//705
f 719//719 718//718 708//708
f 708//708 709//709 719//719
f 711//711 720//720 710//710
f 709//709 710//710 719//719
f 710//710 720//720 719//719
f 720//720 659//659 719//719
f 720//720 660//660 659//659
f 712//712 720//720 711//711
f 721//721 720//720 712//712
f 660//660 720//720 721//721
f 721//721 661//661 660//660
f 722//722 721//721 712//712
f 712//712 713//713 722//722
f 661//661 721//721 722//722
f 722//722 662//662 661//661
f 719//719 664//664 718//718
f 664//664 663//663 718//718
f 663//663 723//723 718//718
f 663//663 665//665 723//723
f 659//659 664//664 719//719
f 724//724 722//722 713//713
f 713//713 714//714 724//724
f 662//662 722//722 724//724
f 724//724 666//666 662//662
f 715//715 724//724 714//714
f 725//725 724//724 715//715
f 666//666 724//724 725//725
f 725//725 667//667 666//666
f 716//716 725//725 715//715
f 726//726 725//725 716//716
f 668//668 725//725 726//726
f 667//667 725//725 668//668
f 717//717 726//726 716//716
f 727//727 726//726 717//717
f 669//669 726//726 727//727
f 668//668 726//726 669//669
f 729//729 733//733 728//728
f 734//734 733//733 729//729
f 708//708 733//733 734//734
f 734//734 709//709 708//708
f 729//729 710//710 734//734
f 729//729 711//711 710//710
f 729//729 730//730 711//711
f 730//730 735//735 711//711
f 710//710 709//709 734//734
f 711//711 735//735 736//736
f 736//736 712//712 711//711
f 712//712 736//736 737//737
f 737//737 713//713 712//712
f 713//713 737//737 738//738
f 738//738 714//714 713//713
f 715//715 738//738 739//739
f 714//714 738//738 715//715
f 716//716 739//739 740//740
f 715//715 739//739 716//716
f 731//731 717//717 740//740
f 717//717 716//716 740//740
f 731//731 732//732 717//717
f 741//741 708//708 718//718
f 741//741 733//733 708//708
f 741//741 728//728 733//733
f 743//743 767//767 742//742
f 767//767 768//768 744//744
f 744//744 742//742 767//767
f 743//743 686//686 767//767
f 743//743 723//723 686//686
f 723//723 665//665 686//686
f 743//743 741//741 723//723
f 741//741 718//718 723//723
f 767//767 686//686 687//687
f 687//687 768//768 767//767
f 745//745 735//735 730//730
f 745//745 736//736 735//735
f 745//745 746//746 736//736
f 746//746 737//737 736//736
f 768//768 769//769 747//747
f 747//747 744//744 768//768
f 747//747 769//769 748//748
f 768//768 687//687 688//688
f 688//688 769//769 768//768
f 749//749 748//748 689//689
f 748//748 769//769 689//689
f 769//769 688//688 689//689
f 749//749 690//690 750//750
f 689//689 690//690 749//749
f 750//750 691//691 751//751
f 690//690 691//691 750//750
f 691//691 692//692 752//752
f 752//752 751//751 691//691
f 692//692 693//693 753//753
f 753//753 752//752 692//692
f 746//746 738//738 737//737
f 746//746 754//754 738//738
f 754//754 739//739 738//738
f 731//731 739//739 754//754
f 740//740 739//739 731//731
f 732//732 755//755 717//717
f 755//755 694//694 717//717
f 694//694 727//727 717//717
f 694//694 669//669 727//727
f 756//756 694//694 755//755
f 695//695 694//694 756//756
f 756//756 696//696 695//695
f 756//756 770//770 696//696
f 756//756 757//757 770//770
f 697//697 696//696 770//770
f 758//758 770//770 757//757
f 758//758 759//759 770//770
f 759//759 697//697 770//770
f 759//759 698//698 697//697
f 693//693 699//699 760//760
f 760//760 753//753 693//693
f 760//760 700//700 761//761
f 699//699 700//700 760//760
f 762//762 702//702 763//763
f 701//701 702//702 762//762
f 761//761 703//703 764//764
f 700//700 703//703 761//761
f 765//765 701//701 762//762
f 704//704 701//701 765//765
f 703//703 704//704 765//765
f 765//765 764//764 703//703
f 705//705 698//698 759//759
f 759//759 766//766 705//705
f 702//702 705//705 766//766
f 766//766 763//763 702//702
f 771//771 729//729 728//728
f 771//771 773//773 729//729
f 771//771 772//772 773//773
f 730//730 729//729 773//773
f 732//732 731//731 774//774
f 772//772 771//771 775//775
f 775//775 776//776 772//772
f 777//777 771//771 741//741
f 771//771 728//728 741//741
f 777//777 775//775 771//771
f 779//779 742//742 778//778
f 743//743 742//742 779//779
f 742//742 744//744 780//780
f 780//780 778//778 742//742
f 741//741 743//743 779//779
f 779//779 777//777 741//741
f 776//776 781//781 772//772
f 781//781 773//773 772//772
f 781//781 745//745 773//773
f 745//745 730//730 773//773
f 746//746 745//745 781//781
f 781//781 782//782 746//746
f 780//780 747//747 783//783
f 744//744 747//747 780//780
f 747//747 748//748 784//784
f 784//784 783//783 747//747
f 784//784 749//749 785//785
f 748//748 749//749 784//784
f 786//786 785//785 805//805
f 785//785 750//750 805//805
f 785//785 749//749 750//750
f 805//805 750//750 751//751
f 786//786 805//805 787//787
f 788//788 751//751 752//752
f 788//788 805//805 751//751
f 788//788 787//787 805//805
f 752//752 753//753 789//789
f 789//789 788//788 752//752
f 790//790 746//746 782//782
f 754//754 746//746 790//790
f 790//790 774//774 754//754
f 774//774 731//731 754//754
f 790//790 791//791 774//774
f 792//792 774//774 791//791
f 792//792 755//755 774//774
f 755//755 732//732 774//774
f 792//792 793//793 755//755
f 794//794 755//755 793//793
f 756//756 755//755 794//794
f 794//794 806//806 756//756
f 806//806 757//757 756//756
f 794//794 795//795 806//806
f 796//796 806//806 795//795
f 758//758 757//757 806//806
f 796//796 797//797 806//806
f 797//797 759//759 806//806
f 759//759 758//758 806//806
f 789//789 760//760 798//798
f 753//753 760//760 789//789
f 760//760 761//761 799//799
f 799//799 798//798 760//760
f 800//800 763//763 801//801
f 762//762 763//763 800//800
f 802//802 807//807 803//803
f 802//802 799//799 807//807
f 799//799 761//761 807//807
f 761//761 764//764 807//807
f 800//800 807//807 762//762
f 807//807 765//765 762//762
f 800//800 803//803 807//807
f 807//807 764//764 765//765
f 804//804 759//759 797//797
f 766//766 759//759 804//804
f 763//763 766//766 804//804
f 804//804 801//801 763//763
f 775//775 777//777 808//808
f 808//808 809//809 775//775
f 779//779 778//778 836//836
f 810//810 811//811 780//780
f 811//811 778//778 780//780
f 811//811 836//836 778//778
f 812//812 808//808 836//836
f 808//808 779//779 836//836
f 808//808 777//777 779//779
f 812//812 836//836 811//811
f 781//781 776//776 813//813
f 813//813 814//814 781//781
f 813//813 775//775 809//809
f 776//776 775//775 813//813
f 782//782 781//781 814//814
f 814//814 815//815 782//782
f 816//816 780//780 837//837
f 780//780 783//783 837//837
f 816//816 810//810 780//780
f 837//837 783//783 784//784
f 816//816 837//837 817//817
f 818//818 784//784 785//785
f 818//818 837//837 784//784
f 818//818 817//817 837//837
f 785//785 786//786 819//819
f 819//819 818//818 785//785
f 820//820 819//819 838//838
f 819//819 787//787 838//838
f 819//819 786//786 787//787
f 838//838 787//787 788//788
f 820//820 838//838 821//821
f 822//822 788//788 789//789
f 822//822 821//821 788//788
f 821//821 838//838 788//788
f 823//823 782//782 815//815
f 790//790 782//782 823//823
f 823//823 824//824 790//790
f 824//824 839//839 790//790
f 839//839 791//791 790//790
f 825//825 839//839 824//824
f 792//792 791//791 839//839
f 825//825 840//840 839//839
f 840//840 793//793 839//839
f 793//793 792//792 839//839
f 825//825 826//826 840//840
f 794//794 793//793 840//840
f 827//827 840//840 826//826
f 827//827 828//828 840//840
f 828//828 794//794 840//840
f 828//828 795//795 794//794
f 828//828 796//796 795//795
f 828//828 841//841 796//796
f 828//828 829//829 841//841
f 822//822 798//798 830//830
f 789//789 798//798 822//822
f 831//831 842//842 832//832
f 831//831 799//799 842//842
f 831//831 798//798 799//799
f 831//831 830//830 798//798
f 833//833 843//843 834//834
f 844//844 841//841 829//829
f 829//829 835//835 844//844
f 835//835 801//801 844//844
f 835//835 800//800 801//801
f 835//835 834//834 800//800
f 834//834 843//843 800//800
f 833//833 842//842 843//843
f 842//842 803//803 843//843
f 842//842 802//802 803//803
f 833//833 832//832 842//842
f 842//842 799//799 802//802
f 843//843 803//803 800//800
f 809//809 808//808 861//861
f 811//811 810//810 862//862
f 808//808 812//812 863//863
f 863//863 861//861 808//808
f 864//864 811//811 862//862
f 864//864 863//863 811//811
f 863//863 812//812 811//811
f 814//814 813//813 865//865
f 866//866 809//809 861//861
f 866//866 813//813 809//809
f 866//866 865//865 813//813
f 815//815 865//865 867//867
f 814//814 865//865 815//815
f 845//845 865//865 866//866
f 845//845 867//867 865//865
f 845//845 846//846 867//867
f 847//847 861//861 863//863
f 847//847 848//848 861//861
f 848//848 866//866 861//861
f 847//847 864//864 849//849
f 863//863 864//864 847//847
f 845//845 866//866 848//848
f 862//862 810//810 816//816
f 868//868 816//816 817//817
f 868//868 864//864 816//816
f 864//864 862//862 816//816
f 817//817 818//818 869//869
f 869//869 868//868 817//817
f 869//869 818//818 819//819
f 849//849 868//868 850//850
f 864//864 868//868 849//849
f 851//851 869//869 870//870
f 851//851 850//850 869//869
f 850//850 868//868 869//869
f 851//851 871//871 852//852
f 870//870 871//871 851//851
f 870//870 819//819 820//820
f 869//869 819//819 870//870
f 872//872 870//870 821//821
f 870//870 820//820 821//821
f 872//872 871//871 870//870
f 872//872 821//821 822//822
f 815//815 867//867 873//873
f 873//873 823//823 815//815
f 873//873 867//867 846//846
f 846//846 853//853 873//873
f 824//824 823//823 873//873
f 853//853 824//824 873//873
f 853//853 854//854 824//824
f 854//854 825//825 824//824
f 826//826 825//825 854//854
f 854//854 855//855 826//826
f 855//855 827//827 826//826
f 855//855 874//874 827//827
f 855//855 856//856 874//874
f 875//875 874//874 856//856
f 856//856 857//857 875//875
f 828//828 827//827 874//874
f 829//829 874//874 875//875
f 828//828 874//874 829//829
f 852//852 876//876 858//858
f 871//871 876//876 852//852
f 858//858 877//877 859//859
f 876//876 877//877 858//858
f 876//876 872//872 878//878
f 871//871 872//872 876//876
f 872//872 822//822 830//830
f 830//830 878//878 872//872
f 832//832 877//877 831//831
f 877//877 876//876 831//831
f 876//876 878//878 831//831
f 878//878 830//830 831//831
f 879//879 875//875 857//857
f 857//857 860//860 879//879
f 860//860 859//859 879//879
f 859//859 834//834 879//879
f 859//859 833//833 834//834
f 859//859 877//877 833//833
f 829//829 875//875 879//879
f 879//879 835//835 829//829
f 879//879 834//834 835//835
f 877//877 832//832 833//833
f 797//797 796//796 841//841
f 797//797 844//844 804//804
f 844//844 801//801 804//804
f 797//797 841//841 844//844
f 846//846 845//845 880//880
f 881//881 847//847 849//849
f 881//881 848//848 847//847
f 881//881 845//845 848//848
f 881//881 880//880 845//845
f 852//852 881//881 851//851
f 881//881 850//850 851//851
f 881//881 849//849 850//850
f 882//882 854//854 880//880
f 854//854 853//853 880//880
f 853//853 846//846 880//880
f 880//880 881//881 883//883
f 883//883 882//882 880//880
f 855//855 854//854 882//882
f 883//883 856//856 882//882
f 856//856 855//855 882//882
f 883//883 857//857 856//856
f 859//859 883//883 858//858
f 883//883 881//881 858//858
f 881//881 852//852 858//858
f 883//883 860//860 857//857
f 859//859 860//860 883//883
f 1201//1201 1218//1218 1199//1199
f 1201//1201 1220//1220 1218//1218
f 1201//1201 1203//1203 1220//1220
f 1203//1203 1221//1221 1220//1220
f 1224//1224 1220//1220 1221//1221
f 1223//1223 1220//1220 1224//1224
f 1204//1204 1221//1221 1203//1203
f 1204//1204 1224//1224 1221//1221
f 1204//1204 1206//1206 1224//1224
f 1206//1206 1225//1225 1224//1224
f 1207//1207 1225//1225 1206//1206
f 1210//1210 1231//1231 1212//1212
f 1229//1229 1231//1231 1210//1210
f 1212//1212 1232//1232 1214//1214
f 1231//1231 1232//1232 1212//1212
f 1232//1232 1234//1234 1215//1215
f 1215//1215 1214//1214 1232//1232
f 1215//1215 1219//1219 1198//1198
f 1234//1234 1219//1219 1215//1215
f 1236//1236 1239//1239 1235//1235
f 1236//1236 1237//1237 1239//1239
f 1237//1237 1240//1240 1239//1239
f 1237//1237 1241//1241 1240//1240
f 1238//1238 1241//1241 1237//1237
f 1247//1247 1285//1285 1245//1245
f 1247//1247 1286//1286 1285//1285
f 1247//1247 1248//1248 1286//1286
f 1248//1248 1287//1287 1286//1286
f 1287//1287 1288//1288 1286//1286
f 1288//1288 1199//1199 1286//1286
f 1288//1288 1201//1201 1199//1199
f 1249//1249 1287//1287 1248//1248
f 1249//1249 1288//1288 1287//1287
f 1249//1249 1251//1251 1288//1288
f 1251//1251 1290//1290 1288//1288
f 1203//1203 1201//1201 1288//1288
f 1290//1290 1292//1292 1288//1288
f 1292//1292 1204//1204 1288//1288
f 1204//1204 1203//1203 1288//1288
f 1206//1206 1204//1204 1292//1292
f 1252//1252 1293//1293 1254//1254
f 1255//1255 1295//1295 1296//1296
f 1255//1255 1254//1254 1295//1295
f 1254//1254 1293//1293 1295//1295
f 1296//1296 1297//1297 1256//1256
f 1256//1256 1255//1255 1296//1296
f 1256//1256 1299//1299 1258//1258
f 1297//1297 1299//1299 1256//1256
f 1258//1258 1299//1299 1259//1259
f 1261//1261 1290//1290 1251//1251
f 1261//1261 1292//1292 1290//1290
f 1261//1261 1300//1300 1292//1292
f 1261//1261 1262//1262 1300//1300
f 1300//1300 1302//1302 1292//1292
f 1302//1302 1206//1206 1292//1292
f 1302//1302 1207//1207 1206//1206
f 1264//1264 1300//1300 1262//1262
f 1264//1264 1302//1302 1300//1300
f 1264//1264 1265//1265 1302//1302
f 1265//1265 1303//1303 1302//1302
f 1266//1266 1303//1303 1265//1265
f 1299//1299 1297//1297 1305//1305
f 1305//1305 1306//1306 1299//1299
f 1267//1267 1259//1259 1307//1307
f 1259//1259 1306//1306 1307//1307
f 1259//1259 1299//1299 1306//1306
f 1306//1306 1210//1210 1212//1212
f 1305//1305 1210//1210 1306//1306
f 1307//1307 1212//1212 1214//1214
f 1306//1306 1212//1212 1307//1307
f 1307//1307 1309//1309 1269//1269
f 1269//1269 1267//1267 1307//1307
f 1309//1309 1289//1289 1242//1242
f 1242//1242 1269//1269 1309//1309
f 1309//1309 1214//1214 1215//1215
f 1307//1307 1214//1214 1309//1309
f 1289//1289 1215//1215 1198//1198
f 1309//1309 1215//1215 1289//1289
f 1487//1487 1490//1490 1486//1486
f 1489//1489 1491//1491 1488//1488
f 1533//1533 1532//1532 1534//1534
f 1534//1534 1535//1535 1533//1533
f 1536//1536 1533//1533 1535//1535
f 1535//1535 1537//1537 1536//1536
f 1535//1535 1534//1534 1538//1538
f 1538//1538 1539//1539 1535//1535
f 1537//1537 1535//1535 1539//1539
f 1539//1539 1540//1540 1537//1537
f 1541//1541 1536//1536 1537//1537
f 1537//1537 1542//1542 1541//1541
f 1542//1542 1486//1486 1541//1541
f 1542//1542 1487//1487 1486//1486
f 1542//1542 1543//1543 1487//1487
f 1542//1542 1537//1537 1540//1540
f 1540//1540 1544//1544 1542//1542
f 1543//1543 1542//1542 1544//1544
f 1544//1544 1545//1545 1543//1543
f 1539//1539 1538//1538 1546//1546
f 1546//1546 1547//1547 1539//1539
f 1548//1548 1539//1539 1547//1547
f 1540//1540 1539//1539 1548//1548
f 1547//1547 1546//1546 1549//1549
f 1549//1549 1550//1550 1547//1547
f 1548//1548 1547//1547 1550//1550
f 1550//1550 1551//1551 1548//1548
f 1544//1544 1540//1540 1548//1548
f 1548//1548 1552//1552 1544//1544
f 1553//1553 1544//1544 1552//1552
f 1545//1545 1544//1544 1553//1553
f 1554//1554 1548//1548 1551//1551
f 1552//1552 1548//1548 1554//1554
f 1553//1553 1552//1552 1554//1554
f 1554//1554 1555//1555 1553//1553
f 1550//1550 1549//1549 1556//1556
f 1556//1556 1557//1557 1550//1550
f 1551//1551 1550//1550 1557//1557
f 1557//1557 1558//1558 1551//1551
f 1560//1560 1556//1556 1559//1559
f 1557//1557 1556//1556 1560//1560
f 1558//1558 1557//1557 1560//1560
f 1560//1560 1561//1561 1558//1558
f 1562//1562 1551//1551 1558//1558
f 1554//1554 1551//1551 1562//1562
f 1563//1563 1554//1554 1562//1562
f 1555//1555 1554//1554 1563//1563
f 1562//1562 1558//1558 1561//1561
f 1561//1561 1564//1564 1562//1562
f 1564//1564 1489//1489 1562//1562
f 1489//1489 1488//1488 1562//1562
f 1488//1488 1563//1563 1562//1562
f 1595//1595 1594//1594 1565//1565
f 1565//1565 1566//1566 1595//1595
f 1567//1567 1595//1595 1566//1566
f 1569//1569 1596//1596 1568//1568
f 1569//1569 1598//1598 1596//1596
f 1598//1598 1597//1597 1596//1596
f 1569//1569 1570//1570 1598//1598
f 1571//1571 1598//1598 1570//1570
f 1574//1574 1600//1600 1572//1572
f 1574//1574 1575//1575 1600//1600
f 1575//1575 1603//1603 1600//1600
f 1603//1603 1601//1601 1600//1600
f 1576//1576 1603//1603 1575//1575
f 1578//1578 1604//1604 1579//1579
f 1581//1581 1606//1606 1582//1582
f 1584//1584 1582//1582 1608//1608
f 1582//1582 1607//1607 1608//1608
f 1582//1582 1606//1606 1607//1607
f 1584//1584 1599//1599 1573//1573
f 1608//1608 1599//1599 1584//1584
f 1630//1630 1646//1646 1629//1629
f 1630//1630 1648//1648 1646//1646
f 1630//1630 1632//1632 1648//1648
f 1632//1632 1649//1649 1648//1648
f 1649//1649 1651//1651 1648//1648
f 1651//1651 1247//1247 1648//1648
f 1247//1247 1245//1245 1648//1648
f 1633//1633 1649//1649 1632//1632
f 1633//1633 1651//1651 1649//1649
f 1633//1633 1635//1635 1651//1651
f 1635//1635 1652//1652 1651//1651
f 1248//1248 1247//1247 1651//1651
f 1652//1652 1249//1249 1651//1651
f 1249//1249 1248//1248 1651//1651
f 1652//1652 1655//1655 1249//1249
f 1251//1251 1249//1249 1655//1655
f 1637//1637 1659//1659 1638//1638
f 1657//1657 1659//1659 1637//1637
f 1638//1638 1659//1659 1639//1639
f 1254//1254 1657//1657 1252//1252
f 1254//1254 1661//1661 1657//1657
f 1661//1661 1659//1659 1657//1657
f 1640//1640 1639//1639 1662//1662
f 1639//1639 1661//1661 1662//1662
f 1639//1639 1659//1659 1661//1661
f 1661//1661 1254//1254 1255//1255
f 1662//1662 1255//1255 1256//1256
f 1661//1661 1255//1255 1662//1662
f 1640//1640 1664//1664 1641//1641
f 1662//1662 1664//1664 1640//1640
f 1641//1641 1604//1604 1578//1578
f 1664//1664 1604//1604 1641//1641
f 1664//1664 1256//1256 1258//1258
f 1662//1662 1256//1256 1664//1664
f 1259//1259 1664//1664 1258//1258
f 1259//1259 1604//1604 1664//1664
f 1259//1259 1666//1666 1604//1604
f 1642//1642 1652//1652 1635//1635
f 1642//1642 1655//1655 1652//1652
f 1642//1642 1565//1565 1655//1655
f 1565//1565 1594//1594 1655//1655
f 1594//1594 1251//1251 1655//1655
f 1594//1594 1261//1261 1251//1251
f 1594//1594 1668//1668 1261//1261
f 1567//1567 1596//1596 1595//1595
f 1596//1596 1594//1594 1595//1595
f 1596//1596 1668//1668 1594//1594
f 1596//1596 1597//1597 1668//1668
f 1567//1567 1568//1568 1596//1596
f 1262//1262 1261//1261 1668//1668
f 1597//1597 1262//1262 1668//1668
f 1597//1597 1264//1264 1262//1262
f 1597//1597 1671//1671 1264//1264
f 1265//1265 1264//1264 1671//1671
f 1571//1571 1600//1600 1598//1598
f 1600//1600 1671//1671 1598//1598
f 1671//1671 1597//1597 1598//1598
f 1600//1600 1601//1601 1671//1671
f 1571//1571 1572//1572 1600//1600
f 1601//1601 1265//1265 1671//1671
f 1601//1601 1266//1266 1265//1265
f 1601//1601 1663//1663 1266//1266
f 1576//1576 1643//1643 1603//1603
f 1643//1643 1665//1665 1603//1603
f 1665//1665 1663//1663 1603//1603
f 1663//1663 1601//1601 1603//1603
f 1644//1644 1579//1579 1672//1672
f 1579//1579 1666//1666 1672//1672
f 1579//1579 1604//1604 1666//1666
f 1672//1672 1647//1647 1645//1645
f 1645//1645 1644//1644 1672//1672
f 1581//1581 1645//1645 1606//1606
f 1645//1645 1647//1647 1606//1606
f 1647//1647 1607//1607 1606//1606
f 1634//1634 1665//1665 1643//1643
f 1666//1666 1259//1259 1267//1267
f 1672//1672 1267//1267 1269//1269
f 1666//1666 1267//1267 1672//1672
f 1647//1647 1269//1269 1242//1242
f 1672//1672 1269//1269 1647//1647
f 1675//1675 1715//1715 1676//1676
f 1678//1678 1719//1719 1677//1677
f 1678//1678 1726//1726 1719//1719
f 1726//1726 1724//1724 1719//1719
f 1678//1678 1681//1681 1726//1726
f 1566//1566 1724//1724 1726//1726
f 1565//1565 1724//1724 1566//1566
f 1729//1729 1726//1726 1681//1681
f 1681//1681 1685//1685 1729//1729
f 1729//1729 1732//1732 1726//1726
f 1732//1732 1567//1567 1726//1726
f 1567//1567 1566//1566 1726//1726
f 1689//1689 1729//1729 1685//1685
f 1689//1689 1732//1732 1729//1729
f 1689//1689 1691//1691 1732//1732
f 1691//1691 1735//1735 1732//1732
f 1693//1693 1735//1735 1691//1691
f 1735//1735 1568//1568 1732//1732
f 1735//1735 1569//1569 1568//1568
f 1735//1735 1738//1738 1569//1569
f 1570//1570 1569//1569 1738//1738
f 1693//1693 1741//1741 1735//1735
f 1741//1741 1738//1738 1735//1735
f 1693//1693 1697//1697 1741//1741
f 1741//1741 1570//1570 1738//1738
f 1741//1741 1571//1571 1570//1570
f 1741//1741 1744//1744 1571//1571
f 1748//1748 1741//1741 1697//1697
f 1697//1697 1700//1700 1748//1748
f 1744//1744 1741//1741 1748//1748
f 1748//1748 1750//1750 1744//1744
f 1703//1703 1748//1748 1700//1700
f 1703//1703 1750//1750 1748//1748
f 1703//1703 1690//1690 1750//1750
f 1690//1690 1725//1725 1750//1750
f 1750//1750 1572//1572 1744//1744
f 1750//1750 1574//1574 1572//1572
f 1750//1750 1771//1771 1574//1574
f 1575//1575 1574//1574 1771//1771
f 1771//1771 1750//1750 1725//1725
f 1725//1725 1727//1727 1771//1771
f 1727//1727 1575//1575 1771//1771
f 1727//1727 1576//1576 1575//1575
f 1727//1727 1730//1730 1576//1576
f 1772//1772 1773//1773 1710//1710
f 1710//1710 1708//1708 1772//1772
f 1773//1773 1712//1712 1679//1679
f 1679//1679 1710//1710 1773//1773
f 1579//1579 1772//1772 1578//1578
f 1579//1579 1773//1773 1772//1772
f 1579//1579 1774//1774 1773//1773
f 1713//1713 1773//1773 1774//1774
f 1712//1712 1773//1773 1713//1713
f 1778//1778 1798//1798 1776//1776
f 1823//1823 1848//1848 1821//1821
f 1826//1826 1850//1850 1825//1825
f 1826//1826 1852//1852 1850//1850
f 1826//1826 1854//1854 1852//1852
f 1826//1826 1828//1828 1854//1854
f 1854//1854 1778//1778 1852//1852
f 1778//1778 1776//1776 1852//1852
f 1854//1854 1856//1856 1778//1778
f 1829//1829 1854//1854 1828//1828
f 1857//1857 1854//1854 1829//1829
f 1856//1856 1854//1854 1857//1857
f 1857//1857 1859//1859 1856//1856
f 1907//1907 1909//1909 1893//1893
f 1893//1893 1892//1892 1907//1907
f 1893//1893 1909//1909 1894//1894
f 1676//1676 1907//1907 1675//1675
f 1676//1676 1909//1909 1907//1907
f 1676//1676 1911//1911 1909//1909
f 1895//1895 1894//1894 1914//1914
f 1894//1894 1911//1911 1914//1914
f 1894//1894 1909//1909 1911//1911
f 1897//1897 1916//1916 1896//1896
f 1897//1897 1918//1918 1916//1916
f 1897//1897 1920//1920 1918//1918
f 1897//1897 1898//1898 1920//1920
f 1920//1920 1677//1677 1918//1918
f 1920//1920 1678//1678 1677//1677
f 1920//1920 1921//1921 1678//1678
f 1922//1922 1920//1920 1898//1898
f 1898//1898 1899//1899 1922//1922
f 1921//1921 1920//1920 1922//1922
f 1922//1922 1924//1924 1921//1921
f 1900//1900 1922//1922 1899//1899
f 1900//1900 1924//1924 1922//1922
f 1900//1900 1901//1901 1924//1924
f 1901//1901 1926//1926 1924//1924
f 1821//1821 1926//1926 1901//1901
f 1848//1848 1926//1926 1821//1821
f 1681//1681 1678//1678 1921//1921
f 1685//1685 1921//1921 1924//1924
f 1681//1681 1921//1921 1685//1685
f 1926//1926 1689//1689 1924//1924
f 1689//1689 1685//1685 1924//1924
f 1926//1926 1928//1928 1689//1689
f 1691//1691 1689//1689 1928//1928
f 1928//1928 1926//1926 1848//1848
f 1848//1848 1930//1930 1928//1928
f 1930//1930 1691//1691 1928//1928
f 1930//1930 1693//1693 1691//1691
f 1930//1930 1931//1931 1693//1693
f 1697//1697 1693//1693 1931//1931
f 1823//1823 1930//1930 1848//1848
f 1823//1823 1825//1825 1930//1930
f 1825//1825 1850//1850 1930//1930
f 1776//1776 1931//1931 1852//1852
f 1931//1931 1930//1930 1852//1852
f 1930//1930 1850//1850 1852//1852
f 1776//1776 1798//1798 1931//1931
f 1700//1700 1931//1931 1798//1798
f 1697//1697 1931//1931 1700//1700
f 1862//1862 1856//1856 1859//1859
f 1862//1862 1775//1775 1856//1856
f 1775//1775 1778//1778 1856//1856
f 1775//1775 1700//1700 1778//1778
f 1700//1700 1798//1798 1778//1778
f 1775//1775 1703//1703 1700//1700
f 1775//1775 1797//1797 1703//1703
f 1690//1690 1703//1703 1797//1797
f 1914//1914 1933//1933 1902//1902
f 1902//1902 1895//1895 1914//1914
f 1933//1933 1906//1906 1903//1903
f 1903//1903 1902//1902 1933//1933
f 1906//1906 1908//1908 1904//1904
f 1904//1904 1903//1903 1906//1906
f 1908//1908 1912//1912 1905//1905
f 1905//1905 1904//1904 1908//1908
f 1905//1905 1847//1847 1817//1817
f 1912//1912 1847//1847 1905//1905
f 1933//1933 1708//1708 1710//1710
f 1914//1914 1708//1708 1933//1933
f 1906//1906 1710//1710 1679//1679
f 1933//1933 1710//1710 1906//1906
f 1955//1955 1951//1951 1953//1953
f 1952//1952 1951//1951 1955//1955
f 1935//1935 1934//1934 1955//1955
f 1934//1934 1956//1956 1955//1955
f 1956//1956 1952//1952 1955//1955
f 1937//1937 1936//1936 1957//1957
f 1936//1936 1953//1953 1957//1957
f 1936//1936 1955//1955 1953//1953
f 1935//1935 1955//1955 1936//1936
f 1938//1938 1956//1956 1934//1934
f 1958//1958 1956//1956 1938//1938
f 1959//1959 1958//1958 1938//1938
f 1938//1938 1939//1939 1959//1959
f 1939//1939 1940//1940 1959//1959
f 1940//1940 1960//1960 1959//1959
f 1940//1940 1961//1961 1960//1960
f 1961//1961 1962//1962 1960//1960
f 1962//1962 1629//1629 1960//1960
f 1962//1962 1630//1630 1629//1629
f 1941//1941 1961//1961 1940//1940
f 1942//1942 1961//1961 1941//1941
f 1962//1962 1961//1961 1942//1942
f 1632//1632 1630//1630 1962//1962
f 1942//1942 1963//1963 1962//1962
f 1963//1963 1633//1633 1962//1962
f 1633//1633 1632//1632 1962//1962
f 1942//1942 1943//1943 1963//1963
f 1635//1635 1633//1633 1963//1963
f 1937//1937 1964//1964 1944//1944
f 1957//1957 1964//1964 1937//1937
f 1944//1944 1965//1965 1945//1945
f 1964//1964 1965//1965 1944//1944
f 1965//1965 1966//1966 1946//1946
f 1946//1946 1945//1945 1965//1965
f 1947//1947 1967//1967 1968//1968
f 1947//1947 1946//1946 1967//1967
f 1946//1946 1966//1966 1967//1967
f 1947//1947 1968//1968 1948//1948
f 1968//1968 1967//1967 1969//1969
f 1969//1969 1970//1970 1968//1968
f 1949//1949 1970//1970 1971//1971
f 1949//1949 1948//1948 1970//1970
f 1948//1948 1968//1968 1970//1970
f 1970//1970 1637//1637 1638//1638
f 1969//1969 1637//1637 1970//1970
f 1639//1639 1970//1970 1638//1638
f 1639//1639 1972//1972 1970//1970
f 1972//1972 1971//1971 1970//1970
f 1949//1949 1971//1971 1950//1950
f 1892//1892 1950//1950 1907//1907
f 1950//1950 1972//1972 1907//1907
f 1972//1972 1675//1675 1907//1907
f 1972//1972 1715//1715 1675//1675
f 1950//1950 1971//1971 1972//1972
f 1972//1972 1639//1639 1640//1640
f 1715//1715 1640//1640 1641//1641
f 1972//1972 1640//1640 1715//1715
f 1708//1708 1911//1911 1772//1772
f 1911//1911 1676//1676 1772//1772
f 1676//1676 1641//1641 1772//1772
f 1641//1641 1578//1578 1772//1772
f 1676//1676 1715//1715 1641//1641
f 1708//1708 1914//1914 1911//1911
f 1916//1916 1963//1963 1943//1943
f 1943//1943 1896//1896 1916//1916
f 1918//1918 1963//1963 1916//1916
f 1918//1918 1635//1635 1963//1963
f 1918//1918 1677//1677 1635//1635
f 1677//1677 1642//1642 1635//1635
f 1677//1677 1719//1719 1642//1642
f 1642//1642 1719//1719 1724//1724
f 1724//1724 1565//1565 1642//1642
f 1568//1568 1567//1567 1732//1732
f 1572//1572 1571//1571 1744//1744
f 1643//1643 1576//1576 1730//1730
f 1713//1713 1579//1579 1644//1644
f 1774//1774 1579//1579 1713//1713
f 1645//1645 1714//1714 1644//1644
f 1714//1714 1713//1713 1644//1644
f 1645//1645 1716//1716 1714//1714
f 1581//1581 1717//1717 1645//1645
f 1717//1717 1716//1716 1645//1645
f 1581//1581 1718//1718 1717//1717
f 1733//1733 1634//1634 1731//1731
f 1634//1634 1643//1643 1731//1731
f 1643//1643 1730//1730 1731//1731
f 1733//1733 1954//1954 1634//1634
f 1736//1736 1758//1758 1734//1734
f 1758//1758 1954//1954 1734//1734
f 1954//1954 1733//1733 1734//1734
f 1753//1753 1760//1760 1751//1751
f 1760//1760 1758//1758 1751//1751
f 1758//1758 1736//1736 1751//1751
f 1753//1753 1762//1762 1760//1760
f 1757//1757 1765//1765 1755//1755
f 1765//1765 1762//1762 1755//1755
f 1762//1762 1753//1753 1755//1755
f 1757//1757 1768//1768 1765//1765
f 2066//2066 2081//2081 2065//2065
f 2082//2082 2081//2081 2066//2066
f 2068//2068 2083//2083 2067//2067
f 2066//2066 2084//2084 2082//2082
f 2066//2066 2067//2067 2084//2084
f 2067//2067 2083//2083 2084//2084
f 2085//2085 2081//2081 2082//2082
f 2082//2082 2086//2086 2085//2085
f 2087//2087 2085//2085 2086//2086
f 2086//2086 2088//2088 2087//2087
f 2086//2086 2082//2082 2084//2084
f 2084//2084 2089//2089 2086//2086
f 2090//2090 2086//2086 2089//2089
f 2088//2088 2086//2086 2090//2090
f 2069//2069 2083//2083 2068//2068
f 2084//2084 2083//2083 2069//2069
f 2069//2069 2070//2070 2084//2084
f 2070//2070 2089//2089 2084//2084
f 2070//2070 2071//2071 2089//2089
f 2071//2071 2091//2091 2089//2089
f 2092//2092 2089//2089 2091//2091
f 2090//2090 2089//2089 2092//2092
f 2072//2072 2091//2091 2071//2071
f 2093//2093 2091//2091 2072//2072
f 2094//2094 2091//2091 2093//2093
f 2092//2092 2091//2091 2094//2094
f 2073//2073 2093//2093 2072//2072
f 2073//2073 2094//2094 2093//2093
f 2073//2073 2074//2074 2094//2094
f 2074//2074 2095//2095 2094//2094
f 2075//2075 2095//2095 2074//2074
f 2096//2096 2097//2097 2077//2077
f 2077//2077 2076//2076 2096//2096
f 2077//2077 2098//2098 2078//2078
f 2097//2097 2098//2098 2077//2077
f 2099//2099 2090//2090 2092//2092
f 2092//2092 2100//2100 2099//2099
f 2101//2101 2099//2099 2100//2100
f 2100//2100 2102//2102 2101//2101
f 2100//2100 2092//2092 2094//2094
f 2094//2094 2103//2103 2100//2100
f 2102//2102 2100//2100 2103//2103
f 2103//2103 2104//2104 2102//2102
f 2105//2105 2094//2094 2095//2095
f 2103//2103 2094//2094 2105//2105
f 2104//2104 2103//2103 2105//2105
f 2105//2105 2106//2106 2104//2104
f 2075//2075 2105//2105 2095//2095
f 2075//2075 2079//2079 2105//2105
f 2079//2079 2107//2107 2105//2105
f 2108//2108 2105//2105 2107//2107
f 2106//2106 2105//2105 2108//2108
f 2080//2080 2107//2107 2079//2079
f 2109//2109 2107//2107 2080//2080
f 2110//2110 2107//2107 2109//2109
f 2108//2108 2107//2107 2110//2110
f 2080//2080 2098//2098 2109//2109
f 2098//2098 2111//2111 2109//2109
f 2080//2080 2078//2078 2098//2098
f 2110//2110 2109//2109 2111//2111
f 2111//2111 2112//2112 2110//2110
f 2134//2134 2132//2132 2115//2115
f 2115//2115 2117//2117 2134//2134
f 2136//2136 2132//2132 2134//2134
f 2134//2134 2138//2138 2136//2136
f 2113//2113 2134//2134 2117//2117
f 2130//2130 2134//2134 2113//2113
f 2138//2138 2134//2134 2130//2130
f 2130//2130 2133//2133 2138//2138
f 2166//2166 2189//2189 2164//2164
f 2166//2166 2191//2191 2189//2189
f 2166//2166 2193//2193 2191//2191
f 2166//2166 2168//2168 2193//2193
f 2194//2194 2193//2193 2168//2168
f 2168//2168 2169//2169 2194//2194
f 2172//2172 2194//2194 2169//2169
f 2172//2172 2197//2197 2194//2194
f 2172//2172 2174//2174 2197//2197
f 2174//2174 2198//2198 2197//2197
f 2198//2198 2200//2200 2197//2197
f 2200//2200 1823//1823 2197//2197
f 1823//1823 1821//1821 2197//2197
f 2202//2202 2198//2198 2174//2174
f 2174//2174 2176//2176 2202//2202
f 2200//2200 2198//2198 2202//2202
f 2202//2202 2204//2204 2200//2200
f 2178//2178 2202//2202 2176//2176
f 2178//2178 2204//2204 2202//2202
f 2178//2178 2180//2180 2204//2204
f 2180//2180 2206//2206 2204//2204
f 2182//2182 2206//2206 2180//2180
f 2209//2209 2204//2204 2206//2206
f 2206//2206 2211//2211 2209//2209
f 2211//2211 1825//1825 2209//2209
f 2211//2211 1826//1826 1825//1825
f 2211//2211 2212//2212 1826//1826
f 2182//2182 2211//2211 2206//2206
f 2182//2182 2184//2184 2211//2211
f 2184//2184 2214//2214 2211//2211
f 2216//2216 2211//2211 2214//2214
f 2212//2212 2211//2211 2216//2216
f 1828//1828 1826//1826 2212//2212
f 1829//1829 2212//2212 2216//2216
f 1828//1828 2212//2212 1829//1829
f 2186//2186 2219//2219 2187//2187
f 2218//2218 2219//2219 2186//2186
f 2187//2187 2190//2190 2163//2163
f 2219//2219 2190//2190 2187//2187
f 2227//2227 2232//2232 2226//2226
f 2226//2226 2232//2232 2228//2228
f 2229//2229 2232//2232 2227//2227
f 2233//2233 2232//2232 2229//2229
f 2228//2228 2233//2233 2230//2230
f 2232//2232 2233//2233 2228//2228
f 2231//2231 2233//2233 2229//2229
f 2230//2230 2233//2233 2231//2231
f 2235//2235 2257//2257 2234//2234
f 2236//2236 2257//2257 2235//2235
f 2237//2237 2259//2259 2258//2258
f 2237//2237 2234//2234 2259//2259
f 2234//2234 2257//2257 2259//2259
f 2239//2239 2258//2258 2259//2259
f 2239//2239 2238//2238 2258//2258
f 2238//2238 2260//2260 2258//2258
f 2240//2240 2257//2257 2236//2236
f 2259//2259 2257//2257 2240//2240
f 2239//2239 2259//2259 2240//2240
f 2242//2242 2261//2261 2241//2241
f 2262//2262 2261//2261 2242//2242
f 2244//2244 2263//2263 2243//2243
f 2242//2242 2243//2243 2262//2262
f 2243//2243 2264//2264 2262//2262
f 2243//2243 2263//2263 2264//2264
f 2265//2265 2263//2263 2244//2244
f 2244//2244 2245//2245 2265//2265
f 2247//2247 2263//2263 2265//2265
f 2247//2247 2246//2246 2263//2263
f 2246//2246 2264//2264 2263//2263
f 2248//2248 2265//2265 2245//2245
f 2247//2247 2265//2265 2248//2248
f 2249//2249 2266//2266 2250//2250
f 2267//2267 2261//2261 2262//2262
f 2262//2262 2268//2268 2267//2267
f 2270//2270 2267//2267 2268//2268
f 2269//2269 2267//2267 2270//2270
f 2271//2271 2262//2262 2264//2264
f 2268//2268 2262//2262 2271//2271
f 2270//2270 2268//2268 2271//2271
f 2271//2271 2272//2272 2270//2270
f 2246//2246 2227//2227 2264//2264
f 2227//2227 2226//2226 2264//2264
f 2226//2226 2271//2271 2264//2264
f 2246//2246 2251//2251 2227//2227
f 2228//2228 2272//2272 2226//2226
f 2272//2272 2271//2271 2226//2226
f 2228//2228 2273//2273 2272//2272
f 2251//2251 2252//2252 2227//2227
f 2252//2252 2274//2274 2227//2227
f 2274//2274 2229//2229 2227//2227
f 2252//2252 2253//2253 2274//2274
f 2253//2253 2230//2230 2274//2274
f 2253//2253 2275//2275 2230//2230
f 2275//2275 2228//2228 2230//2230
f 2275//2275 2273//2273 2228//2228
f 2231//2231 2229//2229 2274//2274
f 2254//2254 2275//2275 2253//2253
f 2276//2276 2275//2275 2254//2254
f 2274//2274 2230//2230 2231//2231
f 2256//2256 2277//2277 2255//2255
f 2254//2254 2278//2278 2276//2276
f 2254//2254 2255//2255 2278//2278
f 2255//2255 2277//2277 2278//2278
f 2308//2308 2304//2304 2284//2284
f 2284//2284 2287//2287 2308//2308
f 2290//2290 2308//2308 2287//2287
f 2346//2346 2374//2374 2345//2345
f 2347//2347 2374//2374 2346//2346
f 2345//2345 2374//2374 2348//2348
f 2348//2348 2374//2374 2347//2347
f 2350//2350 2375//2375 2349//2349
f 2350//2350 2377//2377 2375//2375
f 2350//2350 2351//2351 2377//2377
f 2351//2351 2378//2378 2377//2377
f 2352//2352 2378//2378 2351//2351
f 2354//2354 2380//2380 2353//2353
f 2355//2355 2380//2380 2354//2354
f 2357//2357 2382//2382 2356//2356
f 2358//2358 2353//2353 2380//2380
f 2357//2357 2383//2383 2382//2382
f 2357//2357 2359//2359 2383//2383
f 2359//2359 2385//2385 2383//2383
f 2358//2358 2380//2380 2355//2355
f 2360//2360 2385//2385 2359//2359
f 2388//2388 2387//2387 2361//2361
f 2361//2361 2362//2362 2388//2388
f 2388//2388 2234//2234 2387//2387
f 2234//2234 2390//2390 2387//2387
f 2388//2388 2235//2235 2234//2234
f 2391//2391 2388//2388 2362//2362
f 2362//2362 2363//2363 2391//2391
f 2391//2391 2235//2235 2388//2388
f 2391//2391 2236//2236 2235//2235
f 2391//2391 2392//2392 2236//2236
f 2364//2364 2391//2391 2363//2363
f 2364//2364 2392//2392 2391//2391
f 2364//2364 2365//2365 2392//2392
f 2365//2365 2394//2394 2392//2392
f 2366//2366 2394//2394 2365//2365
f 2396//2396 2394//2394 2366//2366
f 2234//2234 2237//2237 2390//2390
f 2397//2397 2238//2238 2239//2239
f 2240//2240 2236//2236 2392//2392
f 2392//2392 2398//2398 2240//2240
f 2398//2398 2399//2399 2240//2240
f 2399//2399 2239//2239 2240//2240
f 2399//2399 2397//2397 2239//2239
f 2368//2368 2392//2392 2394//2394
f 2368//2368 2367//2367 2392//2392
f 2367//2367 2398//2398 2392//2392
f 2367//2367 2399//2399 2398//2398
f 2367//2367 2369//2369 2399//2399
f 2369//2369 2400//2400 2399//2399
f 2370//2370 2396//2396 2401//2401
f 2370//2370 2368//2368 2396//2396
f 2368//2368 2394//2394 2396//2396
f 2369//2369 2376//2376 2400//2400
f 2369//2369 2370//2370 2376//2376
f 2370//2370 2401//2401 2376//2376
f 2403//2403 2399//2399 2400//2400
f 2402//2402 2399//2399 2403//2403
f 2242//2242 2402//2402 2403//2403
f 2241//2241 2402//2402 2242//2242
f 2376//2376 2244//2244 2400//2400
f 2244//2244 2243//2243 2400//2400
f 2243//2243 2403//2403 2400//2400
f 2243//2243 2242//2242 2403//2403
f 2404//2404 2396//2396 2366//2366
f 2366//2366 2371//2371 2404//2404
f 2373//2373 2405//2405 2372//2372
f 2371//2371 2372//2372 2404//2404
f 2372//2372 2406//2406 2404//2404
f 2372//2372 2405//2405 2406//2406
f 2401//2401 2396//2396 2404//2404
f 2404//2404 2407//2407 2401//2401
f 2379//2379 2401//2401 2407//2407
f 2376//2376 2401//2401 2379//2379
f 2408//2408 2404//2404 2406//2406
f 2407//2407 2404//2404 2408//2408
f 2384//2384 2407//2407 2408//2408
f 2379//2379 2407//2407 2384//2384
f 2461//2461 2460//2460 2414//2414
f 2414//2414 2415//2415 2461//2461
f 2462//2462 2461//2461 2415//2415
f 2415//2415 2416//2416 2462//2462
f 2417//2417 2462//2462 2416//2416
f 2463//2463 2346//2346 2345//2345
f 2347//2347 2346//2346 2463//2463
f 2418//2418 2462//2462 2417//2417
f 2464//2464 2462//2462 2418//2418
f 2463//2463 2345//2345 2348//2348
f 2418//2418 2466//2466 2464//2464
f 2466//2466 2465//2465 2464//2464
f 2418//2418 2419//2419 2466//2466
f 2463//2463 2348//2348 2347//2347
f 2420//2420 2466//2466 2419//2419
f 2422//2422 2467//2467 2421//2421
f 2423//2423 2467//2467 2422//2422
f 2468//2468 2467//2467 2423//2423
f 2424//2424 2468//2468 2423//2423
f 2426//2426 2469//2469 2425//2425
f 2426//2426 2470//2470 2469//2469
f 2426//2426 2427//2427 2470//2470
f 2427//2427 2471//2471 2470//2470
f 2421//2421 2467//2467 2428//2428
f 2429//2429 2471//2471 2427//2427
f 2471//2471 2472//2472 2470//2470
f 2472//2472 2350//2350 2470//2470
f 2350//2350 2349//2349 2470//2470
f 2351//2351 2350//2350 2472//2472
f 2429//2429 2430//2430 2471//2471
f 2430//2430 2473//2473 2471//2471
f 2473//2473 2472//2472 2471//2471
f 2473//2473 2351//2351 2472//2472
f 2473//2473 2474//2474 2351//2351
f 2474//2474 2352//2352 2351//2351
f 2428//2428 2468//2468 2431//2431
f 2467//2467 2468//2468 2428//2428
f 2433//2433 2475//2475 2432//2432
f 2431//2431 2468//2468 2424//2424
f 2434//2434 2475//2475 2433//2433
f 2430//2430 2476//2476 2473//2473
f 2430//2430 2475//2475 2476//2476
f 2430//2430 2432//2432 2475//2475
f 2476//2476 2354//2354 2473//2473
f 2354//2354 2353//2353 2473//2473
f 2353//2353 2474//2474 2473//2473
f 2435//2435 2475//2475 2434//2434
f 2476//2476 2475//2475 2435//2435
f 2435//2435 2436//2436 2476//2476
f 2436//2436 2355//2355 2476//2476
f 2355//2355 2354//2354 2476//2476
f 2358//2358 2357//2357 2353//2353
f 2357//2357 2356//2356 2353//2353
f 2356//2356 2474//2474 2353//2353
f 2358//2358 2477//2477 2357//2357
f 2359//2359 2357//2357 2477//2477
f 2436//2436 2437//2437 2355//2355
f 2437//2437 2478//2478 2355//2355
f 2478//2478 2358//2358 2355//2355
f 2478//2478 2477//2477 2358//2358
f 2478//2478 2360//2360 2477//2477
f 2360//2360 2359//2359 2477//2477
f 2478//2478 2479//2479 2360//2360
f 2439//2439 2480//2480 2438//2438
f 2441//2441 2481//2481 2440//2440
f 2440//2440 2481//2481 2442//2442
f 2443//2443 2480//2480 2439//2439
f 2444//2444 2483//2483 2445//2445
f 2482//2482 2483//2483 2444//2444
f 2483//2483 2484//2484 2446//2446
f 2446//2446 2445//2445 2483//2483
f 2486//2486 2482//2482 2485//2485
f 2483//2483 2482//2482 2486//2486
f 2487//2487 2483//2483 2486//2486
f 2484//2484 2483//2483 2487//2487
f 2447//2447 2478//2478 2437//2437
f 2488//2488 2478//2478 2447//2447
f 2449//2449 2479//2479 2488//2488
f 2479//2479 2478//2478 2488//2488
f 2449//2449 2448//2448 2479//2479
f 2450//2450 2488//2488 2447//2447
f 2451//2451 2438//2438 2480//2480
f 2453//2453 2489//2489 2452//2452
f 2449//2449 2488//2488 2450//2450
f 2448//2448 2454//2454 2479//2479
f 2454//2454 2362//2362 2479//2479
f 2362//2362 2361//2361 2479//2479
f 2454//2454 2363//2363 2362//2362
f 2454//2454 2452//2452 2363//2363
f 2452//2452 2489//2489 2363//2363
f 2456//2456 2490//2490 2455//2455
f 2451//2451 2480//2480 2443//2443
f 2453//2453 2491//2491 2489//2489
f 2453//2453 2455//2455 2491//2491
f 2455//2455 2490//2490 2491//2491
f 2457//2457 2490//2490 2456//2456
f 2457//2457 2491//2491 2490//2490
f 2457//2457 2458//2458 2491//2491
f 2458//2458 2492//2492 2491//2491
f 2491//2491 2363//2363 2489//2489
f 2491//2491 2364//2364 2363//2363
f 2491//2491 2493//2493 2364//2364
f 2365//2365 2364//2364 2493//2493
f 2494//2494 2491//2491 2492//2492
f 2493//2493 2491//2491 2494//2494
f 2365//2365 2493//2493 2494//2494
f 2494//2494 2366//2366 2365//2365
f 2495//2495 2367//2367 2368//2368
f 2369//2369 2367//2367 2495//2495
f 2495//2495 2368//2368 2370//2370
f 2370//2370 2369//2369 2495//2495
f 2446//2446 2496//2496 2459//2459
f 2484//2484 2496//2496 2446//2446
f 2458//2458 2496//2496 2492//2492
f 2496//2496 2497//2497 2492//2492
f 2458//2458 2459//2459 2496//2496
f 2498//2498 2484//2484 2487//2487
f 2496//2496 2484//2484 2498//2498
f 2497//2497 2496//2496 2498//2498
f 2498//2498 2499//2499 2497//2497
f 2500//2500 2492//2492 2497//2497
f 2494//2494 2492//2492 2500//2500
f 2366//2366 2494//2494 2500//2500
f 2500//2500 2371//2371 2366//2366
f 2499//2499 2373//2373 2497//2497
f 2373//2373 2372//2372 2497//2497
f 2372//2372 2500//2500 2497//2497
f 2372//2372 2371//2371 2500//2500
f 2508//2508 2514//2514 2507//2507
f 2509//2509 2507//2507 2516//2516
f 2507//2507 2517//2517 2516//2516
f 2507//2507 2514//2514 2517//2517
f 2510//2510 2514//2514 2508//2508
f 2519//2519 2514//2514 2510//2510
f 2517//2517 2514//2514 2519//2519
f 2519//2519 2522//2522 2517//2517
f 2524//2524 2519//2519 2510//2510
f 2510//2510 2511//2511 2524//2524
f 2522//2522 2519//2519 2524//2524
f 2524//2524 2526//2526 2522//2522
f 2414//2414 2524//2524 2511//2511
f 2460//2460 2524//2524 2414//2414
f 2518//2518 2524//2524 2460//2460
f 2526//2526 2524//2524 2518//2518
f 2527//2527 2522//2522 2526//2526
f 2526//2526 2529//2529 2527//2527
f 2287//2287 2527//2527 2529//2529
f 2284//2284 2527//2527 2287//2287
f 2529//2529 2526//2526 2518//2518
f 2518//2518 2520//2520 2529//2529
f 2520//2520 2287//2287 2529//2529
f 2520//2520 2290//2290 2287//2287
f 2520//2520 2523//2523 2290//2290
f 2546//2546 2561//2561 2545//2545
f 2546//2546 2563//2563 2561//2561
f 2563//2563 2562//2562 2561//2561
f 2546//2546 2547//2547 2563//2563
f 2548//2548 2563//2563 2547//2547
f 2564//2564 2563//2563 2548//2548
f 2563//2563 2166//2166 2562//2562
f 2166//2166 2164//2164 2562//2562
f 2563//2563 2566//2566 2166//2166
f 2168//2168 2166//2166 2566//2566
f 2568//2568 2563//2563 2564//2564
f 2566//2566 2563//2563 2568//2568
f 2169//2169 2566//2566 2568//2568
f 2168//2168 2566//2566 2169//2169
f 2549//2549 2564//2564 2548//2548
f 2549//2549 2568//2568 2564//2564
f 2549//2549 2550//2550 2568//2568
f 2550//2550 2572//2572 2568//2568
f 2572//2572 2575//2575 2568//2568
f 2575//2575 2172//2172 2568//2568
f 2172//2172 2169//2169 2568//2568
f 2516//2516 2572//2572 2550//2550
f 2550//2550 2509//2509 2516//2516
f 2575//2575 2572//2572 2516//2516
f 2516//2516 2576//2576 2575//2575
f 2174//2174 2172//2172 2575//2575
f 2176//2176 2575//2575 2576//2576
f 2174//2174 2575//2575 2176//2176
f 2284//2284 2576//2576 2527//2527
f 2576//2576 2517//2517 2527//2527
f 2517//2517 2522//2522 2527//2527
f 2576//2576 2516//2516 2517//2517
f 2284//2284 2304//2304 2576//2576
f 2304//2304 2178//2178 2576//2576
f 2178//2178 2176//2176 2576//2576
f 2304//2304 2577//2577 2178//2178
f 2180//2180 2178//2178 2577//2577
f 2523//2523 2282//2282 2290//2290
f 2282//2282 2308//2308 2290//2290
f 2282//2282 2306//2306 2308//2308
f 2306//2306 2577//2577 2308//2308
f 2577//2577 2304//2304 2308//2308
f 2306//2306 2311//2311 2577//2577
f 2317//2317 2577//2577 2311//2311
f 2317//2317 2180//2180 2577//2577
f 2317//2317 2182//2182 2180//2180
f 2317//2317 2319//2319 2182//2182
f 2184//2184 2182//2182 2319//2319
f 2553//2553 2579//2579 2555//2555
f 2578//2578 2579//2579 2553//2553
f 2555//2555 2579//2579 2557//2557
f 2579//2579 2578//2578 2580//2580
f 2580//2580 2581//2581 2579//2579
f 2558//2558 2581//2581 2582//2582
f 2558//2558 2557//2557 2581//2581
f 2557//2557 2579//2579 2581//2581
f 2558//2558 2583//2583 2559//2559
f 2582//2582 2583//2583 2558//2558
f 2559//2559 2583//2583 2560//2560
f 2583//2583 2582//2582 2584//2584
f 2584//2584 2585//2585 2583//2583
f 2551//2551 2560//2560 2565//2565
f 2560//2560 2585//2585 2565//2565
f 2560//2560 2583//2583 2585//2585
f 2585//2585 2186//2186 2187//2187
f 2584//2584 2186//2186 2585//2585
f 2565//2565 2187//2187 2163//2163
f 2585//2585 2187//2187 2565//2565
f 2596//2596 2597//2597 2587//2587
f 2587//2587 2586//2586 2596//2596
f 2597//2597 2598//2598 2588//2588
f 2588//2588 2587//2587 2597//2597
f 2600//2600 2596//2596 2599//2599
f 2597//2597 2596//2596 2600//2600
f 2601//2601 2597//2597 2600//2600
f 2598//2598 2597//2597 2601//2601
f 2600//2600 1892//1892 1893//1893
f 2599//2599 1892//1892 2600//2600
f 1894//1894 2600//2600 1893//1893
f 1894//1894 2601//2601 2600//2600
f 1894//1894 2602//2602 2601//2601
f 2602//2602 1894//1894 1895//1895
f 2604//2604 2603//2603 2589//2589
f 2589//2589 2590//2590 2604//2604
f 2591//2591 2604//2604 2590//2590
f 2605//2605 2603//2603 2604//2604
f 2604//2604 2606//2606 2605//2605
f 2606//2606 1897//1897 2605//2605
f 1897//1897 1896//1896 2605//2605
f 2606//2606 2607//2607 1897//1897
f 2591//2591 2606//2606 2604//2604
f 2591//2591 2592//2592 2606//2606
f 2592//2592 2608//2608 2606//2606
f 2607//2607 2606//2606 2608//2608
f 2608//2608 2609//2609 2607//2607
f 1898//1898 1897//1897 2607//2607
f 1899//1899 2607//2607 2609//2609
f 1898//1898 2607//2607 1899//1899
f 2593//2593 2608//2608 2592//2592
f 2593//2593 2561//2561 2608//2608
f 2561//2561 2609//2609 2608//2608
f 2561//2561 2562//2562 2609//2609
f 2593//2593 2545//2545 2561//2561
f 2189//2189 2609//2609 2164//2164
f 2609//2609 2562//2562 2164//2164
f 2189//2189 1900//1900 2609//2609
f 1900//1900 1899//1899 2609//2609
f 2189//2189 2191//2191 1900//1900
f 1901//1901 1900//1900 2191//2191
f 2197//2197 2193//2193 2194//2194
f 2197//2197 1901//1901 2193//2193
f 1901//1901 2191//2191 2193//2193
f 2197//2197 1821//1821 1901//1901
f 2209//2209 2200//2200 2204//2204
f 2209//2209 1825//1825 2200//2200
f 1825//1825 1823//1823 2200//2200
f 2588//2588 2598//2598 2594//2594
f 2595//2595 2601//2601 2610//2610
f 2595//2595 2594//2594 2601//2601
f 2594//2594 2598//2598 2601//2601
f 2553//2553 2595//2595 2578//2578
f 2595//2595 2610//2610 2578//2578
f 2610//2610 2580//2580 2578//2578
f 2611//2611 2601//2601 2602//2602
f 2610//2610 2601//2601 2611//2611
f 2612//2612 2610//2610 2611//2611
f 2580//2580 2610//2610 2612//2612
f 2611//2611 1895//1895 1902//1902
f 2602//2602 1895//1895 2611//2611
f 2612//2612 1902//1902 1903//1903
f 2611//2611 1902//1902 2612//2612
f 2612//2612 2581//2581 2580//2580
f 2612//2612 2186//2186 2581//2581
f 2186//2186 2584//2584 2581//2581
f 2584//2584 2582//2582 2581//2581
f 2612//2612 2218//2218 2186//2186
f 2218//2218 1903//1903 1904//1904
f 2612//2612 1903//1903 2218//2218
f 1905//1905 2219//2219 1904//1904
f 2219//2219 2218//2218 1904//1904
f 1905//1905 2190//2190 2219//2219
f 1817//1817 2199//2199 1905//1905
f 2199//2199 2192//2192 1905//1905
f 2192//2192 2190//2190 1905//1905
f 2199//2199 2195//2195 2192//2192
f 2614//2614 2658//2658 2613//2613
f 2614//2614 2661//2661 2658//2658
f 2614//2614 2615//2615 2661//2661
f 2615//2615 2663//2663 2661//2661
f 2414//2414 2661//2661 2663//2663
f 2663//2663 2415//2415 2414//2414
f 2665//2665 2663//2663 2615//2615
f 2615//2615 2616//2616 2665//2665
f 2416//2416 2663//2663 2665//2665
f 2415//2415 2663//2663 2416//2416
f 2617//2617 2665//2665 2616//2616
f 2617//2617 2619//2619 2665//2665
f 2619//2619 2668//2668 2665//2665
f 2668//2668 2416//2416 2665//2665
f 2668//2668 2417//2417 2416//2416
f 2622//2622 2669//2669 2620//2620
f 2619//2619 2671//2671 2668//2668
f 2619//2619 2620//2620 2671//2671
f 2620//2620 2669//2669 2671//2671
f 2673//2673 2417//2417 2668//2668
f 2418//2418 2417//2417 2673//2673
f 2419//2419 2418//2418 2673//2673
f 2625//2625 2668//2668 2671//2671
f 2625//2625 2624//2624 2668//2668
f 2624//2624 2673//2673 2668//2668
f 2624//2624 2626//2626 2673//2673
f 2626//2626 2419//2419 2673//2673
f 2626//2626 2420//2420 2419//2419
f 2626//2626 2656//2656 2420//2420
f 2628//2628 2669//2669 2622//2622
f 2671//2671 2669//2669 2628//2628
f 2628//2628 2630//2630 2671//2671
f 2633//2633 2676//2676 2632//2632
f 2635//2635 2678//2678 2634//2634
f 2625//2625 2671//2671 2630//2630
f 2618//2618 2656//2656 2626//2626
f 2636//2636 2634//2634 2678//2678
f 2637//2637 2678//2678 2635//2635
f 2638//2638 2632//2632 2676//2676
f 2639//2639 2421//2421 2623//2623
f 2422//2422 2421//2421 2639//2639
f 2637//2637 2636//2636 2678//2678
f 2640//2640 2676//2676 2633//2633
f 2642//2642 2682//2682 2641//2641
f 2638//2638 2676//2676 2640//2640
f 2639//2639 2627//2627 2422//2422
f 2627//2627 2662//2662 2422//2422
f 2662//2662 2423//2423 2422//2422
f 2682//2682 2643//2643 2641//2641
f 2644//2644 2682//2682 2642//2642
f 2646//2646 2664//2664 2645//2645
f 2643//2643 2682//2682 2644//2644
f 2662//2662 2424//2424 2423//2423
f 2704//2704 2748//2748 2703//2703
f 2706//2706 2749//2749 2705//2705
f 2749//2749 2750//2750 2707//2707
f 2707//2707 2705//2705 2749//2749
f 2752//2752 2751//2751 2708//2708
f 2708//2708 2709//2709 2752//2752
f 2754//2754 2751//2751 2752//2752
f 2753//2753 2751//2751 2754//2754
f 2710//2710 2752//2752 2709//2709
f 2711//2711 2707//2707 2750//2750
f 2710//2710 2712//2712 2752//2752
f 2712//2712 2754//2754 2752//2752
f 2712//2712 2756//2756 2754//2754
f 2713//2713 2749//2749 2706//2706
f 2750//2750 2749//2749 2713//2713
f 2713//2713 2714//2714 2750//2750
f 2716//2716 2758//2758 2715//2715
f 2711//2711 2750//2750 2714//2714
f 2712//2712 2759//2759 2756//2756
f 2712//2712 2715//2715 2759//2759
f 2715//2715 2758//2758 2759//2759
f 2760//2760 2758//2758 2716//2716
f 2716//2716 2717//2717 2760//2760
f 2719//2719 2718//2718 2760//2760
f 2718//2718 2758//2758 2760//2760
f 2718//2718 2759//2759 2758//2758
f 2762//2762 2756//2756 2759//2759
f 2759//2759 2763//2763 2762//2762
f 2763//2763 2764//2764 2762//2762
f 2764//2764 2614//2614 2762//2762
f 2614//2614 2613//2613 2762//2762
f 2718//2718 2763//2763 2759//2759
f 2718//2718 2720//2720 2763//2763
f 2720//2720 2766//2766 2763//2763
f 2764//2764 2763//2763 2766//2766
f 2766//2766 2767//2767 2764//2764
f 2769//2769 2760//2760 2717//2717
f 2717//2717 2721//2721 2769//2769
f 2760//2760 2769//2769 2722//2722
f 2722//2722 2719//2719 2760//2760
f 2723//2723 2769//2769 2721//2721
f 2722//2722 2769//2769 2723//2723
f 2770//2770 2766//2766 2720//2720
f 2720//2720 2724//2724 2770//2770
f 2767//2767 2766//2766 2770//2770
f 2770//2770 2771//2771 2767//2767
f 2725//2725 2770//2770 2724//2724
f 2725//2725 2771//2771 2770//2770
f 2725//2725 2726//2726 2771//2771
f 2726//2726 2772//2772 2771//2771
f 2728//2728 2773//2773 2727//2727
f 2729//2729 2772//2772 2726//2726
f 2730//2730 2727//2727 2773//2773
f 2731//2731 2773//2773 2728//2728
f 2733//2733 2774//2774 2732//2732
f 2730//2730 2773//2773 2731//2731
f 2734//2734 2774//2774 2733//2733
f 2736//2736 2775//2775 2735//2735
f 2735//2735 2776//2776 2737//2737
f 2775//2775 2776//2776 2735//2735
f 2615//2615 2614//2614 2764//2764
f 2616//2616 2764//2764 2767//2767
f 2615//2615 2764//2764 2616//2616
f 2771//2771 2616//2616 2767//2767
f 2771//2771 2777//2777 2616//2616
f 2777//2777 2617//2617 2616//2616
f 2619//2619 2617//2617 2777//2777
f 2772//2772 2622//2622 2771//2771
f 2622//2622 2777//2777 2771//2771
f 2622//2622 2620//2620 2777//2777
f 2620//2620 2619//2619 2777//2777
f 2778//2778 2624//2624 2625//2625
f 2626//2626 2624//2624 2778//2778
f 2729//2729 2738//2738 2772//2772
f 2738//2738 2622//2622 2772//2772
f 2738//2738 2628//2628 2622//2622
f 2738//2738 2739//2739 2628//2628
f 2739//2739 2779//2779 2628//2628
f 2779//2779 2630//2630 2628//2628
f 2732//2732 2780//2780 2740//2740
f 2774//2774 2780//2780 2732//2732
f 2741//2741 2779//2779 2739//2739
f 2742//2742 2740//2740 2780//2780
f 2781//2781 2633//2633 2632//2632
f 2779//2779 2635//2635 2630//2630
f 2635//2635 2634//2634 2630//2630
f 2634//2634 2778//2778 2630//2630
f 2778//2778 2625//2625 2630//2630
f 2636//2636 2626//2626 2634//2634
f 2626//2626 2778//2778 2634//2634
f 2636//2636 2618//2618 2626//2626
f 2636//2636 2755//2755 2618//2618
f 2741//2741 2637//2637 2779//2779
f 2637//2637 2635//2635 2779//2779
f 2741//2741 2743//2743 2637//2637
f 2781//2781 2632//2632 2638//2638
f 2743//2743 2744//2744 2637//2637
f 2744//2744 2639//2639 2637//2637
f 2639//2639 2636//2636 2637//2637
f 2639//2639 2623//2623 2636//2636
f 2623//2623 2755//2755 2636//2636
f 2734//2734 2780//2780 2774//2774
f 2734//2734 2745//2745 2780//2780
f 2745//2745 2782//2782 2780//2780
f 2746//2746 2782//2782 2783//2783
f 2746//2746 2742//2742 2782//2782
f 2742//2742 2780//2780 2782//2782
f 2781//2781 2640//2640 2633//2633
f 2745//2745 2784//2784 2782//2782
f 2745//2745 2737//2737 2784//2784
f 2737//2737 2776//2776 2784//2784
f 2785//2785 2782//2782 2784//2784
f 2783//2783 2782//2782 2785//2785
f 2747//2747 2642//2642 2641//2641
f 2747//2747 2783//2783 2642//2642
f 2747//2747 2746//2746 2783//2783
f 2638//2638 2640//2640 2781//2781
f 2744//2744 2641//2641 2639//2639
f 2641//2641 2627//2627 2639//2639
f 2641//2641 2643//2643 2627//2627
f 2643//2643 2757//2757 2627//2627
f 2744//2744 2747//2747 2641//2641
f 2785//2785 2642//2642 2783//2783
f 2785//2785 2644//2644 2642//2642
f 2785//2785 2786//2786 2644//2644
f 2786//2786 2646//2646 2644//2644
f 2646//2646 2645//2645 2644//2644
f 2645//2645 2643//2643 2644//2644
f 2645//2645 2757//2757 2643//2643
f 2703//2703 2748//2748 2796//2796
f 2798//2798 2800//2800 2797//2797
f 2802//2802 2800//2800 2798//2798
f 2804//2804 2800//2800 2802//2802
f 2802//2802 2806//2806 2804//2804
f 2798//2798 2748//2748 2802//2802
f 2748//2748 2808//2808 2802//2802
f 2798//2798 2796//2796 2748//2748
f 2810//2810 2802//2802 2808//2808
f 2806//2806 2802//2802 2810//2810
f 2704//2704 2808//2808 2748//2748
f 2704//2704 2751//2751 2808//2808
f 2751//2751 2753//2753 2808//2808
f 2704//2704 2708//2708 2751//2751
f 2810//2810 2808//2808 2753//2753
f 2753//2753 2812//2812 2810//2810
f 2762//2762 2754//2754 2756//2756
f 2762//2762 2812//2812 2754//2754
f 2812//2812 2753//2753 2754//2754
f 2762//2762 2613//2613 2812//2812
f 2613//2613 2658//2658 2812//2812
f 2806//2806 2507//2507 2804//2804
f 2507//2507 2814//2814 2804//2804
f 2806//2806 2508//2508 2507//2507
f 2507//2507 2509//2509 2814//2814
f 2508//2508 2806//2806 2810//2810
f 2810//2810 2510//2510 2508//2508
f 2510//2510 2810//2810 2812//2812
f 2812//2812 2511//2511 2510//2510
f 2661//2661 2812//2812 2658//2658
f 2661//2661 2511//2511 2812//2812
f 2661//2661 2414//2414 2511//2511
f 2851//2851 2850//2850 2817//2817
f 2817//2817 2819//2819 2851//2851
f 2822//2822 2852//2852 2820//2820
f 2819//2819 2853//2853 2851//2851
f 2819//2819 2820//2820 2853//2853
f 2820//2820 2852//2852 2853//2853
f 2824//2824 2852//2852 2822//2822
f 2853//2853 2852//2852 2824//2824
f 2824//2824 2826//2826 2853//2853
f 2854//2854 2850//2850 2851//2851
f 2851//2851 2855//2855 2854//2854
f 2857//2857 2854//2854 2855//2855
f 2855//2855 2858//2858 2857//2857
f 2855//2855 2851//2851 2853//2853
f 2853//2853 2860//2860 2855//2855
f 2858//2858 2855//2855 2860//2860
f 2860//2860 2862//2862 2858//2858
f 2868//2868 2857//2857 2858//2858
f 2865//2865 2857//2857 2868//2868
f 2868//2868 2704//2704 2865//2865
f 2704//2704 2703//2703 2865//2865
f 2868//2868 2870//2870 2704//2704
f 2872//2872 2858//2858 2862//2862
f 2868//2868 2858//2858 2872//2872
f 2875//2875 2868//2868 2872//2872
f 2870//2870 2868//2868 2875//2875
f 2826//2826 2860//2860 2853//2853
f 2826//2826 2828//2828 2860//2860
f 2828//2828 2877//2877 2860//2860
f 2862//2862 2860//2860 2877//2877
f 2877//2877 2880//2880 2862//2862
f 2830//2830 2877//2877 2828//2828
f 2830//2830 2880//2880 2877//2877
f 2830//2830 2832//2832 2880//2880
f 2832//2832 2900//2900 2880//2880
f 2901//2901 2862//2862 2880//2880
f 2872//2872 2862//2862 2901//2901
f 2875//2875 2872//2872 2901//2901
f 2901//2901 2902//2902 2875//2875
f 2900//2900 2901//2901 2880//2880
f 2900//2900 2705//2705 2901//2901
f 2900//2900 2706//2706 2705//2705
f 2901//2901 2705//2705 2707//2707
f 2707//2707 2902//2902 2901//2901
f 2709//2709 2875//2875 2902//2902
f 2708//2708 2875//2875 2709//2709
f 2711//2711 2710//2710 2707//2707
f 2710//2710 2709//2709 2707//2707
f 2709//2709 2902//2902 2707//2707
f 2711//2711 2866//2866 2710//2710
f 2712//2712 2710//2710 2866//2866
f 2835//2835 2900//2900 2832//2832
f 2816//2816 2849//2849 2837//2837
f 2837//2837 2849//2849 2821//2821
f 2835//2835 2903//2903 2900//2900
f 2903//2903 2713//2713 2900//2900
f 2713//2713 2706//2706 2900//2900
f 2835//2835 2839//2839 2903//2903
f 2714//2714 2713//2713 2903//2903
f 2903//2903 2867//2867 2714//2714
f 2841//2841 2903//2903 2839//2839
f 2867//2867 2903//2903 2841//2841
f 2841//2841 2834//2834 2867//2867
f 2941//2941 2816//2816 2940//2940
f 2941//2941 2818//2818 2816//2816
f 2941//2941 2942//2942 2818//2818
f 2942//2942 2825//2825 2818//2818
f 2825//2825 2823//2823 2818//2818
f 2823//2823 2821//2821 2818//2818
f 2823//2823 2944//2944 2821//2821
f 2942//2942 2941//2941 2946//2946
f 2946//2946 2948//2948 2942//2942
f 2827//2827 2942//2942 2948//2948
f 2825//2825 2942//2942 2827//2827
f 2944//2944 2823//2823 2829//2829
f 2829//2829 2950//2950 2944//2944
f 2831//2831 2952//2952 2829//2829
f 2952//2952 2950//2950 2829//2829
f 2831//2831 2954//2954 2952//2952
f 2954//2954 2831//2831 2833//2833
f 2836//2836 2834//2834 2952//2952
f 2838//2838 2952//2952 2954//2954
f 2836//2836 2952//2952 2838//2838
f 2833//2833 2838//2838 2954//2954
f 2958//2958 2840//2840 2842//2842
f 2843//2843 2840//2840 2958//2958
f 2958//2958 2842//2842 2844//2844
f 2844//2844 2843//2843 2958//2958
f 2961//2961 2845//2845 2846//2846
f 2961//2961 2846//2846 2847//2847
f 2848//2848 2845//2845 2961//2961
f 2847//2847 2848//2848 2961//2961
f 3019//3019 3038//3038 3020//3020
f 3022//3022 3039//3039 3021//3021
f 3040//3040 3039//3039 3022//3022
f 3022//3022 3041//3041 3040//3040
f 3022//3022 3023//3023 3041//3041
f 3023//3023 3042//3042 3041//3041
f 3024//3024 3042//3042 3023//3023
f 3047//3047 3041//3041 3042//3042
f 3044//3044 3041//3041 3047//3047
f 3053//3053 3044//3044 3047//3047
f 3050//3050 3044//3044 3053//3053
f 3025//3025 3042//3042 3024//3024
f 3047//3047 3042//3042 3025//3025
f 3053//3053 3047//3047 3025//3025
f 3025//3025 3026//3026 3053//3053
f 3027//3027 3058//3058 3028//3028
f 3063//3063 3066//3066 3030//3030
f 3030//3030 3029//3029 3063//3063
f 3066//3066 3067//3067 3031//3031
f 3031//3031 3030//3030 3066//3066
f 3031//3031 3068//3068 3032//3032
f 3067//3067 3068//3068 3031//3031
f 2930//2930 3032//3032 2976//2976
f 3032//3032 2979//2979 2976//2976
f 3032//3032 3068//3068 2979//2979
f 3069//3069 3050//3050 3053//3053
f 3053//3053 3070//3070 3069//3069
f 3071//3071 3069//3069 3070//3070
f 3070//3070 3072//3072 3071//3071
f 3026//3026 3033//3033 3053//3053
f 3033//3033 3070//3070 3053//3053
f 3033//3033 3073//3073 3070//3070
f 3074//3074 3070//3070 3073//3073
f 3072//3072 3070//3070 3074//3074
f 3075//3075 3071//3071 3072//3072
f 3072//3072 3076//3076 3075//3075
f 3077//3077 3075//3075 3076//3076
f 3076//3076 3078//3078 3077//3077
f 3079//3079 3072//3072 3074//3074
f 3076//3076 3072//3072 3079//3079
f 3080//3080 3076//3076 3079//3079
f 3078//3078 3076//3076 3080//3080
f 3034//3034 3073//3073 3033//3033
f 3034//3034 3074//3074 3073//3073
f 3034//3034 2936//2936 3074//3074
f 2936//2936 3081//3081 3074//3074
f 2937//2937 3081//3081 2936//2936
f 2937//2937 2953//2953 3081//3081
f 2937//2937 2938//2938 2953//2953
f 2938//2938 2949//2949 2953//2953
f 2938//2938 2911//2911 2949//2949
f 3082//3082 3074//3074 3081//3081
f 3079//3079 3074//3074 3082//3082
f 3080//3080 3079//3079 3082//3082
f 3082//3082 3083//3083 3080//3080
f 2964//2964 3081//3081 2953//2953
f 2964//2964 3082//3082 3081//3081
f 2964//2964 2966//2966 3082//3082
f 3083//3083 3082//3082 2966//2966
f 2966//2966 3084//3084 3083//3083
f 3086//3086 3080//3080 3083//3083
f 3085//3085 3080//3080 3086//3086
f 3087//3087 3085//3085 3086//3086
f 3086//3086 3088//3088 3087//3087
f 3089//3089 3083//3083 3084//3084
f 3086//3086 3083//3083 3089//3089
f 3090//3090 3086//3086 3089//3089
f 3088//3088 3086//3086 3090//3090
f 2969//2969 3091//3091 2967//2967
f 3091//3091 3084//3084 2967//2967
f 3084//3084 2966//2966 2967//2967
f 2989//2989 2970//2970 2972//2972
f 2989//2989 3091//3091 2970//2970
f 3091//3091 2969//2969 2970//2970
f 2989//2989 2817//2817 3091//3091
f 2817//2817 2850//2850 3091//3091
f 3092//3092 3084//3084 3091//3091
f 3089//3089 3084//3084 3092//3092
f 3093//3093 3089//3089 3092//3092
f 3090//3090 3089//3089 3093//3093
f 2854//2854 3091//3091 2850//2850
f 2854//2854 3092//3092 3091//3091
f 2854//2854 2857//2857 3092//3092
f 2865//2865 3092//3092 2857//2857
f 2865//2865 2796//2796 3092//3092
f 2796//2796 3093//3093 3092//3092
f 2865//2865 2703//2703 2796//2796
f 2797//2797 3090//3090 3093//3093
f 3093//3093 2798//2798 2797//2797
f 2796//2796 2798//2798 3093//3093
f 2704//2704 2870//2870 2875//2875
f 2875//2875 2708//2708 2704//2704
f 3095//3095 3063//3063 3094//3094
f 3066//3066 3063//3063 3095//3095
f 3096//3096 3066//3066 3095//3095
f 3067//3067 3066//3066 3096//3096
f 3098//3098 3094//3094 3097//3097
f 3095//3095 3094//3094 3098//3098
f 3099//3099 3095//3095 3098//3098
f 3096//3096 3095//3095 3099//3099
f 3100//3100 3067//3067 3096//3096
f 3068//3068 3067//3067 3100//3100
f 3101//3101 3068//3068 3100//3100
f 2979//2979 3068//3068 3101//3101
f 3102//3102 3096//3096 3099//3099
f 3100//3100 3096//3096 3102//3102
f 3103//3103 3100//3100 3102//3102
f 3101//3101 3100//3100 3103//3103
f 3105//3105 3099//3099 3104//3104
f 3102//3102 3099//3099 3105//3105
f 3106//3106 3102//3102 3105//3105
f 3103//3103 3102//3102 3106//3106
f 3108//3108 3104//3104 3107//3107
f 3105//3105 3104//3104 3108//3108
f 3109//3109 3105//3105 3108//3108
f 3106//3106 3105//3105 3109//3109
f 3101//3101 2980//2980 2979//2979
f 3101//3101 3000//3000 2980//2980
f 3000//3000 2981//2981 2980//2980
f 3101//3101 3003//3003 3000//3000
f 3003//3003 3101//3101 3103//3103
f 3103//3103 3110//3110 3003//3003
f 3110//3110 3004//3004 3003//3003
f 3110//3110 3043//3043 3004//3004
f 3043//3043 3005//3005 3004//3004
f 3043//3043 3008//3008 3005//3005
f 3043//3043 3013//3013 3008//3008
f 3013//3013 3009//3009 3008//3008
f 3043//3043 3015//3015 3013//3013
f 3111//3111 3103//3103 3106//3106
f 3110//3110 3103//3103 3111//3111
f 3043//3043 3110//3110 3111//3111
f 3111//3111 3045//3045 3043//3043
f 3036//3036 3106//3106 3109//3109
f 3036//3036 3035//3035 3106//3106
f 3035//3035 3111//3111 3106//3106
f 3035//3035 3045//3045 3111//3111
f 3035//3035 3037//3037 3045//3045
f 3037//3037 3049//3049 3045//3045
f 3112//3112 3113//3113 3115//3115
f 3113//3113 3118//3118 3115//3115
f 3113//3113 3116//3116 3118//3118
f 3121//3121 3115//3115 3118//3118
f 3118//3118 3122//3122 3121//3121
f 3118//3118 3116//3116 3123//3123
f 3123//3123 3124//3124 3118//3118
f 3122//3122 3118//3118 3124//3124
f 3124//3124 3125//3125 3122//3122
f 3126//3126 3121//3121 3122//3122
f 3122//3122 3127//3127 3126//3126
f 3128//3128 3126//3126 3127//3127
f 3127//3127 3129//3129 3128//3128
f 3130//3130 3122//3122 3125//3125
f 3127//3127 3122//3122 3130//3130
f 3039//3039 3127//3127 3130//3130
f 3129//3129 3127//3127 3039//3039
f 3131//3131 3128//3128 3129//3129
f 3129//3129 3132//3132 3131//3131
f 3133//3133 3131//3131 3132//3132
f 3132//3132 3134//3134 3133//3133
f 3040//3040 3129//3129 3039//3039
f 3040//3040 3132//3132 3129//3129
f 3040//3040 3041//3041 3132//3132
f 3044//3044 3132//3132 3041//3041
f 3044//3044 3134//3134 3132//3132
f 3044//3044 3050//3050 3134//3134
f 3124//3124 3123//3123 3135//3135
f 3135//3135 3136//3136 3124//3124
f 3137//3137 3124//3124 3136//3136
f 3125//3125 3124//3124 3137//3137
f 3136//3136 3135//3135 3138//3138
f 3138//3138 3139//3139 3136//3136
f 3140//3140 3136//3136 3139//3139
f 3137//3137 3136//3136 3140//3140
f 3139//3139 3138//3138 3141//3141
f 3141//3141 3142//3142 3139//3139
f 3143//3143 3139//3139 3142//3142
f 3140//3140 3139//3139 3143//3143
f 3145//3145 3141//3141 3144//3144
f 3142//3142 3141//3141 3145//3145
f 3146//3146 3142//3142 3145//3145
f 3143//3143 3142//3142 3146//3146
f 3038//3038 3125//3125 3137//3137
f 3130//3130 3125//3125 3038//3038
f 3019//3019 3130//3130 3038//3038
f 3019//3019 3021//3021 3130//3130
f 3021//3021 3039//3039 3130//3130
f 3114//3114 3020//3020 3140//3140
f 3020//3020 3137//3137 3140//3140
f 3020//3020 3038//3038 3137//3137
f 3027//3027 3143//3143 3058//3058
f 3027//3027 3140//3140 3143//3143
f 3027//3027 3114//3114 3140//3140
f 3058//3058 3143//3143 3146//3146
f 3146//3146 3147//3147 3058//3058
f 3029//3029 3147//3147 3063//3063
f 3029//3029 3028//3028 3147//3147
f 3028//3028 3058//3058 3147//3147
f 3148//3148 3133//3133 3134//3134
f 3134//3134 3149//3149 3148//3148
f 3150//3150 3148//3148 3149//3149
f 3149//3149 3151//3151 3150//3150
f 3069//3069 3134//3134 3050//3050
f 3069//3069 3149//3149 3134//3134
f 3069//3069 3071//3071 3149//3149
f 3075//3075 3149//3149 3071//3071
f 3075//3075 3151//3151 3149//3149
f 3075//3075 3077//3077 3151//3151
f 3151//3151 2545//2545 3150//3150
f 3151//3151 2546//2546 2545//2545
f 3151//3151 3152//3152 2546//2546
f 2547//2547 2546//2546 3152//3152
f 3152//3152 3151//3151 3077//3077
f 3077//3077 3153//3153 3152//3152
f 2548//2548 3152//3152 3153//3153
f 2547//2547 3152//3152 2548//2548
f 3085//3085 3078//3078 3080//3080
f 3085//3085 3153//3153 3078//3078
f 3153//3153 3077//3077 3078//3078
f 3085//3085 3087//3087 3153//3153
f 3087//3087 2548//2548 3153//3153
f 3087//3087 2549//2549 2548//2548
f 3087//3087 3154//3154 2549//2549
f 3090//3090 2797//2797 3088//3088
f 2797//2797 2800//2800 3088//3088
f 2800//2800 3154//3154 3088//3088
f 3154//3154 3087//3087 3088//3088
f 2800//2800 2804//2804 3154//3154
f 2550//2550 2549//2549 3154//3154
f 2814//2814 2550//2550 2804//2804
f 2550//2550 3154//3154 2804//2804
f 2814//2814 2509//2509 2550//2550
f 3156//3156 3144//3144 3155//3155
f 3145//3145 3144//3144 3156//3156
f 3146//3146 3145//3145 3156//3156
f 3156//3156 3157//3157 3146//3146
f 3156//3156 3155//3155 3158//3158
f 3158//3158 3159//3159 3156//3156
f 3157//3157 3156//3156 3159//3159
f 3159//3159 3160//3160 3157//3157
f 3147//3147 3146//3146 3157//3157
f 3157//3157 3161//3161 3147//3147
f 3161//3161 3094//3094 3147//3147
f 3094//3094 3063//3063 3147//3147
f 3161//3161 3097//3097 3094//3094
f 3161//3161 3157//3157 3160//3160
f 3160//3160 3162//3162 3161//3161
f 3163//3163 3161//3161 3162//3162
f 3097//3097 3161//3161 3163//3163
f 3163//3163 3098//3098 3097//3097
f 3163//3163 3104//3104 3098//3098
f 3104//3104 3099//3099 3098//3098
f 3163//3163 3107//3107 3104//3104
f 3162//3162 2553//2553 2555//2555
f 3160//3160 2553//2553 3162//3162
f 2557//2557 3162//3162 2555//2555
f 2557//2557 3163//3163 3162//3162
f 2557//2557 3164//3164 3163//3163
f 3164//3164 2557//2557 2558//2558
f 3165//3165 3163//3163 3164//3164
f 3107//3107 3163//3163 3165//3165
f 3165//3165 3108//3108 3107//3107
f 3165//3165 3166//3166 3108//3108
f 3166//3166 3109//3109 3108//3108
f 3165//3165 2558//2558 2559//2559
f 3164//3164 2558//2558 3165//3165
f 2560//2560 3165//3165 2559//2559
f 2560//2560 3166//3166 3165//3165
f 2560//2560 3117//3117 3166//3166
f 3117//3117 2560//2560 2551//2551
f 3166//3166 3037//3037 3109//3109
f 3037//3037 3036//3036 3109//3109
f 3166//3166 3055//3055 3037//3037
f 3055//3055 3049//3049 3037//3037
f 3166//3166 3059//3059 3055//3055
f 3119//3119 3166//3166 3117//3117
f 3059//3059 3166//3166 3119//3119
f 3119//3119 3060//3060 3059//3059
f 3119//3119 3120//3120 3060//3060
f 3120//3120 3061//3061 3060//3060
f 3120//3120 3065//3065 3061//3061
f 3120//3120 2807//2807 3065//3065
f 2807//2807 2793//2793 3065//3065
f 2807//2807 2799//2799 2793//2793
f 3120//3120 2813//2813 2807//2807
f 3174//3174 3171//3171 3173//3173
f 3172//3172 3171//3171 3174//3174
f 3176//3176 3172//3172 3174//3174
f 3175//3175 3172//3172 3176//3176
f 3167//3167 3174//3174 3173//3173
f 3167//3167 3168//3168 3174//3174
f 3168//3168 3177//3177 3174//3174
f 3178//3178 3174//3174 3177//3177
f 3176//3176 3174//3174 3178//3178
f 3180//3180 3175//3175 3176//3176
f 3179//3179 3175//3175 3180//3180
f 3182//3182 3179//3179 3180//3180
f 3181//3181 3179//3179 3182//3182
f 3183//3183 3176//3176 3178//3178
f 3180//3180 3176//3176 3183//3183
f 3182//3182 3180//3180 3183//3183
f 3183//3183 3184//3184 3182//3182
f 3185//3185 3177//3177 3168//3168
f 3168//3168 3169//3169 3185//3185
f 3186//3186 3177//3177 3185//3185
f 3178//3178 3177//3177 3186//3186
f 3169//3169 3188//3188 3185//3185
f 3169//3169 3170//3170 3188//3188
f 3170//3170 3187//3187 3188//3188
f 3186//3186 3185//3185 3188//3188
f 3188//3188 3189//3189 3186//3186
f 3183//3183 3178//3178 3186//3186
f 3186//3186 3190//3190 3183//3183
f 3191//3191 3183//3183 3190//3190
f 3184//3184 3183//3183 3191//3191
f 3190//3190 3186//3186 3189//3189
f 3189//3189 3192//3192 3190//3190
f 3193//3193 3190//3190 3192//3192
f 3191//3191 3190//3190 3193//3193
f 3188//3188 3187//3187 3194//3194
f 3194//3194 3195//3195 3188//3188
f 3189//3189 3188//3188 3195//3195
f 3195//3195 3196//3196 3189//3189
f 3195//3195 3194//3194 3197//3197
f 3197//3197 3198//3198 3195//3195
f 3196//3196 3195//3195 3198//3198
f 3198//3198 3199//3199 3196//3196
f 3192//3192 3189//3189 3196//3196
f 3196//3196 3200//3200 3192//3192
f 3193//3193 3192//3192 3200//3200
f 3200//3200 3201//3201 3193//3193
f 3202//3202 3196//3196 3199//3199
f 3200//3200 3196//3196 3202//3202
f 3202//3202 2904//2904 3200//3200
f 2904//2904 3201//3201 3200//3200
f 3202//3202 2905//2905 2904//2904
f 3204//3204 3199//3199 3203//3203
f 3202//3202 3199//3199 3204//3204
f 3204//3204 2906//2906 3202//3202
f 2906//2906 2905//2905 3202//3202
f 3204//3204 3205//3205 2906//2906
f 3204//3204 3203//3203 3206//3206
f 3206//3206 3207//3207 3204//3204
f 3205//3205 3204//3204 3207//3207
f 3207//3207 3208//3208 3205//3205
f 3210//3210 3181//3181 3182//3182
f 3209//3209 3181//3181 3210//3210
f 3212//3212 3209//3209 3210//3210
f 3211//3211 3209//3209 3212//3212
f 3210//3210 3182//3182 3184//3184
f 3184//3184 3213//3213 3210//3210
f 3212//3212 3210//3210 3213//3213
f 3213//3213 3214//3214 3212//3212
f 3216//3216 3211//3211 3212//3212
f 3215//3215 3211//3211 3216//3216
f 2936//2936 3215//3215 3216//3216
f 3216//3216 2937//2937 2936//2936
f 3214//3214 2938//2938 3212//3212
f 2938//2938 3216//3216 3212//3212
f 3214//3214 2911//2911 2938//2938
f 2938//2938 2937//2937 3216//3216
f 3217//3217 3184//3184 3191//3191
f 3213//3213 3184//3184 3217//3217
f 3217//3217 2908//2908 3213//3213
f 2908//2908 2907//2907 3213//3213
f 2907//2907 3214//3214 3213//3213
f 3193//3193 2910//2910 3191//3191
f 2910//2910 2909//2909 3191//3191
f 2909//2909 3217//3217 3191//3191
f 2909//2909 2908//2908 3217//3217
f 2907//2907 2911//2911 3214//3214
f 3201//3201 2910//2910 3193//3193
f 3201//3201 2912//2912 2910//2910
f 3201//3201 3218//3218 2912//2912
f 2913//2913 2912//2912 3218//3218
f 2914//2914 3219//3219 2904//2904
f 3219//3219 3218//3218 2904//2904
f 3218//3218 3201//3201 2904//2904
f 3219//3219 2913//2913 3218//3218
f 3219//3219 2915//2915 2913//2913
f 3219//3219 3220//3220 2915//2915
f 3221//3221 2916//2916 2917//2917
f 2918//2918 2915//2915 3220//3220
f 3221//3221 2917//2917 2919//2919
f 3222//3222 2916//2916 3221//3221
f 2920//2920 2916//2916 3222//3222
f 2921//2921 2920//2920 3222//3222
f 3222//3222 2919//2919 2922//2922
f 3221//3221 2919//2919 3222//3222
f 2922//2922 2921//2921 3222//3222
f 3205//3205 3223//3223 2906//2906
f 3223//3223 3219//3219 2906//2906
f 3219//3219 2914//2914 2906//2906
f 3224//3224 3219//3219 3223//3223
f 3220//3220 3219//3219 3224//3224
f 3223//3223 3205//3205 3208//3208
f 3208//3208 3225//3225 3223//3223
f 3225//3225 2924//2924 3223//3223
f 2924//2924 2923//2923 3223//3223
f 2923//2923 3224//3224 3223//3223
f 3224//3224 2918//2918 3220//3220
f 3224//3224 2925//2925 2918//2918
f 3224//3224 3226//3226 2925//2925
f 2926//2926 2925//2925 3226//3226
f 3226//3226 2923//2923 2927//2927
f 3224//3224 2923//2923 3226//3226
f 2929//2929 2926//2926 2927//2927
f 2926//2926 3226//3226 2927//2927
f 2929//2929 2928//2928 2926//2926
f 2929//2929 3227//3227 2928//2928
f 3208//3208 2930//2930 2931//2931
f 2931//2931 3225//3225 3208//3208
f 2931//2931 2924//2924 3225//3225
f 3227//3227 2929//2929 2932//2932
f 3228//3228 2928//2928 3227//3227
f 2933//2933 2928//2928 3228//3228
f 2934//2934 2933//2933 3228//3228
f 3228//3228 2932//2932 2935//2935
f 3227//3227 2932//2932 3228//3228
f 2935//2935 2934//2934 3228//3228
f 3168//3168 3167//3167 3229//3229
f 3169//3169 3229//3229 3230//3230
f 3168//3168 3229//3229 3169//3169
f 3170//3170 3169//3169 3230//3230
f 3232//3232 3233//3233 3020//3020
f 3233//3233 3019//3019 3020//3020
f 3233//3233 3231//3231 3019//3019
f 3235//3235 3231//3231 3233//3233
f 3234//3234 3231//3231 3235//3235
f 3237//3237 3232//3232 3236//3236
f 3233//3233 3232//3232 3237//3237
f 3235//3235 3233//3233 3237//3237
f 3237//3237 3238//3238 3235//3235
f 3240//3240 3021//3021 3239//3239
f 3022//3022 3021//3021 3240//3240
f 3023//3023 3022//3022 3240//3240
f 3240//3240 3239//3239 3234//3234
f 3234//3234 3241//3241 3240//3240
f 3241//3241 3023//3023 3240//3240
f 3241//3241 3242//3242 3023//3023
f 3242//3242 3024//3024 3023//3023
f 3243//3243 3024//3024 3242//3242
f 3025//3025 3024//3024 3243//3243
f 3026//3026 3025//3025 3243//3243
f 3243//3243 3244//3244 3026//3026
f 3245//3245 3234//3234 3235//3235
f 3241//3241 3234//3234 3245//3245
f 3171//3171 3241//3241 3245//3245
f 3242//3242 3241//3241 3171//3171
f 3246//3246 3235//3235 3238//3238
f 3245//3245 3235//3235 3246//3246
f 3246//3246 3167//3167 3245//3245
f 3167//3167 3173//3173 3245//3245
f 3173//3173 3171//3171 3245//3245
f 3246//3246 3229//3229 3167//3167
f 3172//3172 3242//3242 3171//3171
f 3172//3172 3243//3243 3242//3242
f 3172//3172 3175//3175 3243//3243
f 3179//3179 3243//3243 3175//3175
f 3179//3179 3244//3244 3243//3243
f 3179//3179 3181//3181 3244//3244
f 3237//3237 3236//3236 3247//3247
f 3247//3247 3248//3248 3237//3237
f 3238//3238 3237//3237 3248//3248
f 3248//3248 3249//3249 3238//3238
f 3028//3028 3248//3248 3027//3027
f 3248//3248 3247//3247 3027//3027
f 3028//3028 3250//3250 3248//3248
f 3249//3249 3248//3248 3250//3250
f 3250//3250 3251//3251 3249//3249
f 3246//3246 3238//3238 3249//3249
f 3249//3249 3252//3252 3246//3246
f 3252//3252 3230//3230 3246//3246
f 3230//3230 3229//3229 3246//3246
f 3252//3252 3170//3170 3230//3230
f 3252//3252 3187//3187 3170//3170
f 3253//3253 3249//3249 3251//3251
f 3252//3252 3249//3249 3253//3253
f 3253//3253 3194//3194 3252//3252
f 3194//3194 3187//3187 3252//3252
f 3253//3253 3197//3197 3194//3194
f 3253//3253 3251//3251 3254//3254
f 3254//3254 3255//3255 3253//3253
f 3197//3197 3253//3253 3255//3255
f 3255//3255 3256//3256 3197//3197
f 3255//3255 3029//3029 3030//3030
f 3254//3254 3029//3029 3255//3255
f 3256//3256 3030//3030 3031//3031
f 3255//3255 3030//3030 3256//3256
f 3256//3256 3198//3198 3197//3197
f 3256//3256 3203//3203 3198//3198
f 3203//3203 3199//3199 3198//3198
f 3256//3256 3206//3206 3203//3203
f 3256//3256 3031//3031 3032//3032
f 3032//3032 3206//3206 3256//3256
f 2930//2930 3207//3207 3032//3032
f 3207//3207 3206//3206 3032//3032
f 2930//2930 3208//3208 3207//3207
f 3033//3033 3026//3026 3244//3244
f 3209//3209 3033//3033 3181//3181
f 3033//3033 3244//3244 3181//3181
f 3209//3209 3034//3034 3033//3033
f 3209//3209 3211//3211 3034//3034
f 3034//3034 3211//3211 3215//3215
f 3215//3215 2936//2936 3034//3034
f 3257//3257 3035//3035 3036//3036
f 3037//3037 3035//3035 3257//3257
f 3113//3113 3112//3112 3258//3258
f 3231//3231 3021//3021 3019//3019
f 3231//3231 3239//3239 3021//3021
f 3231//3231 3234//3234 3239//3239
f 3236//3236 3020//3020 3114//3114
f 3232//3232 3020//3020 3236//3236
f 3236//3236 3114//3114 3027//3027
f 3027//3027 3247//3247 3236//3236
f 3029//3029 3250//3250 3028//3028
f 3029//3029 3254//3254 3250//3250
f 3254//3254 3251//3251 3250//3250
f 3257//3257 3036//3036 3037//3037
f 3262//3262 3259//3259 3261//3261
f 3260//3260 3259//3259 3262//3262
f 3264//3264 3260//3260 3262//3262
f 3263//3263 3260//3260 3264//3264
f 3266//3266 3261//3261 3265//3265
f 3262//3262 3261//3261 3266//3266
f 3264//3264 3262//3262 3266//3266
f 3266//3266 3267//3267 3264//3264
f 3269//3269 3265//3265 3268//3268
f 3266//3266 3265//3265 3269//3269
f 3267//3267 3266//3266 3269//3269
f 3269//3269 3270//3270 3267//3267
f 3269//3269 3268//3268 3271//3271
f 3271//3271 3272//3272 3269//3269
f 3273//3273 3269//3269 3272//3272
f 3270//3270 3269//3269 3273//3273
f 3275//3275 3271//3271 3274//3274
f 3272//3272 3271//3271 3275//3275
f 3273//3273 3272//3272 3275//3275
f 3275//3275 3276//3276 3273//3273
f 3278//3278 3274//3274 3277//3277
f 3275//3275 3274//3274 3278//3278
f 3279//3279 3275//3275 3278//3278
f 3276//3276 3275//3275 3279//3279
f 3278//3278 2586//2586 2587//2587
f 3277//3277 2586//2586 3278//3278
f 3279//3279 2587//2587 2588//2588
f 3278//3278 2587//2587 3279//3279
f 3280//3280 3263//3263 3264//3264
f 3264//3264 3281//3281 3280//3280
f 3282//3282 3280//3280 3281//3281
f 3281//3281 3283//3283 3282//3282
f 3284//3284 3264//3264 3267//3267
f 3281//3281 3264//3264 3284//3284
f 3283//3283 3281//3281 3284//3284
f 3284//3284 3285//3285 3283//3283
f 3286//3286 3282//3282 3283//3283
f 3283//3283 3287//3287 3286//3286
f 2590//2590 3286//3286 3287//3287
f 2589//2589 3286//3286 2590//2590
f 3287//3287 3283//3283 3285//3285
f 3285//3285 3288//3288 3287//3287
f 3288//3288 2591//2591 3287//3287
f 2591//2591 2590//2590 3287//3287
f 3288//3288 3289//3289 2591//2591
f 2592//2592 2591//2591 3289//3289
f 3258//3258 3267//3267 3270//3270
f 3284//3284 3267//3267 3258//3258
f 3258//3258 3112//3112 3284//3284
f 3112//3112 3115//3115 3284//3284
f 3115//3115 3285//3285 3284//3284
f 3115//3115 3121//3121 3285//3285
f 3273//3273 3116//3116 3270//3270
f 3116//3116 3113//3113 3270//3270
f 3113//3113 3258//3258 3270//3270
f 3273//3273 3123//3123 3116//3116
f 3126//3126 3285//3285 3121//3121
f 3126//3126 3288//3288 3285//3285
f 3126//3126 3128//3128 3288//3288
f 3131//3131 3288//3288 3128//3128
f 3131//3131 3289//3289 3288//3288
f 3131//3131 3133//3133 3289//3289
f 3276//3276 3135//3135 3273//3273
f 3135//3135 3123//3123 3273//3273
f 3276//3276 3138//3138 3135//3135
f 3279//3279 3141//3141 3276//3276
f 3141//3141 3138//3138 3276//3276
f 3279//3279 3144//3144 3141//3141
f 3148//3148 3289//3289 3133//3133
f 3148//3148 2593//2593 3289//3289
f 2593//2593 2592//2592 3289//3289
f 3148//3148 3150//3150 2593//2593
f 2545//2545 2593//2593 3150//3150
f 2594//2594 3279//3279 2588//2588
f 2594//2594 3155//3155 3279//3279
f 3155//3155 3144//3144 3279//3279
f 2594//2594 3158//3158 3155//3155
f 3158//3158 2594//2594 2595//2595
f 2553//2553 3160//3160 2595//2595
f 3160//3160 3158//3158 2595//2595
f 3160//3160 3159//3159 3158//3158
f 3290//3290 1934//1934 1935//1935
f 3291//3291 1936//1936 1937//1937
f 3291//3291 3292//3292 1936//1936
f 3292//3292 3290//3290 1936//1936
f 3290//3290 1935//1935 1936//1936
f 3293//3293 1934//1934 3290//3290
f 1938//1938 1934//1934 3293//3293
f 1939//1939 1938//1938 3293//3293
f 3293//3293 3294//3294 1939//1939
f 3295//3295 3290//3290 3292//3292
f 3293//3293 3290//3290 3295//3295
f 3294//3294 3293//3293 3295//3295
f 3295//3295 3296//3296 3294//3294
f 1940//1940 1939//1939 3294//3294
f 3296//3296 1940//1940 3294//3294
f 3296//3296 3297//3297 1940//1940
f 3297//3297 1941//1941 1940//1940
f 3298//3298 1941//1941 3297//3297
f 1942//1942 1941//1941 3298//3298
f 1943//1943 1942//1942 3298//3298
f 3299//3299 1937//1937 1944//1944
f 3291//3291 1937//1937 3299//3299
f 3300//3300 3291//3291 3299//3299
f 3292//3292 3291//3291 3300//3300
f 3301//3301 1944//1944 1945//1945
f 3299//3299 1944//1944 3301//3301
f 3302//3302 3299//3299 3301//3301
f 3300//3300 3299//3299 3302//3302
f 3295//3295 3292//3292 3300//3300
f 3300//3300 3259//3259 3295//3295
f 3260//3260 3295//3295 3259//3259
f 3260//3260 3296//3296 3295//3295
f 3260//3260 3263//3263 3296//3296
f 3302//3302 3261//3261 3300//3300
f 3261//3261 3259//3259 3300//3300
f 3302//3302 3265//3265 3261//3261
f 3301//3301 1945//1945 1946//1946
f 1946//1946 3303//3303 3301//3301
f 3304//3304 3301//3301 3303//3303
f 3302//3302 3301//3301 3304//3304
f 3303//3303 1946//1946 1947//1947
f 1948//1948 3305//3305 1947//1947
f 3305//3305 3303//3303 1947//1947
f 3305//3305 3304//3304 3303//3303
f 3304//3304 3268//3268 3302//3302
f 3268//3268 3265//3265 3302//3302
f 3304//3304 3271//3271 3268//3268
f 3305//3305 3274//3274 3304//3304
f 3274//3274 3271//3271 3304//3304
f 3305//3305 3277//3277 3274//3274
f 3305//3305 1948//1948 1949//1949
f 1950//1950 2596//2596 1949//1949
f 2596//2596 3305//3305 1949//1949
f 2596//2596 2586//2586 3305//3305
f 2586//2586 3277//3277 3305//3305
f 1950//1950 2599//2599 2596//2596
f 2599//2599 1950//1950 1892//1892
f 3280//3280 3296//3296 3263//3263
f 3280//3280 3297//3297 3296//3296
f 3280//3280 3282//3282 3297//3297
f 3286//3286 3297//3297 3282//3282
f 3286//3286 2589//2589 3297//3297
f 2589//2589 3298//3298 3297//3297
f 2589//2589 2603//2603 3298//3298
f 2605//2605 3298//3298 2603//2603
f 2605//2605 1943//1943 3298//3298
f 2605//2605 1896//1896 1943//1943
f 1599//1599 1602//1602 1577//1577
f 1577//1577 1573//1573 1599//1599
f 1577//1577 1605//1605 1580//1580
f 1602//1602 1605//1605 1577//1577
f 1580//1580 1605//1605 1583//1583
f 1610//1610 1609//1609 1585//1585
f 1585//1585 1586//1586 1610//1610
f 1587//1587 1610//1610 1586//1586
f 1611//1611 1609//1609 1610//1610
f 1610//1610 1612//1612 1611//1611
f 1613//1613 1611//1611 1612//1612
f 1612//1612 1614//1614 1613//1613
f 1587//1587 1588//1588 1610//1610
f 1588//1588 1612//1612 1610//1610
f 1588//1588 1615//1615 1612//1612
f 1616//1616 1612//1612 1615//1615
f 1614//1614 1612//1612 1616//1616
f 1589//1589 1615//1615 1588//1588
f 1617//1617 1615//1615 1589//1589
f 1532//1532 1615//1615 1617//1617
f 1616//1616 1615//1615 1532//1532
f 1618//1618 1617//1617 1589//1589
f 1589//1589 1590//1590 1618//1618
f 1618//1618 1534//1534 1617//1617
f 1534//1534 1532//1532 1617//1617
f 1618//1618 1538//1538 1534//1534
f 1493//1493 1613//1613 1614//1614
f 1492//1492 1613//1613 1493//1493
f 1616//1616 1493//1493 1614//1614
f 1616//1616 1494//1494 1493//1493
f 1616//1616 1619//1619 1494//1494
f 1495//1495 1494//1494 1619//1619
f 1533//1533 1616//1616 1532//1532
f 1533//1533 1619//1619 1616//1616
f 1533//1533 1536//1536 1619//1619
f 1541//1541 1495//1495 1536//1536
f 1495//1495 1619//1619 1536//1536
f 1541//1541 1486//1486 1495//1495
f 1496//1496 1543//1543 1545//1545
f 1487//1487 1543//1543 1496//1496
f 1591//1591 1621//1621 1592//1592
f 1620//1620 1621//1621 1591//1591
f 1621//1621 1622//1622 1593//1593
f 1593//1593 1592//1592 1621//1621
f 1624//1624 1620//1620 1623//1623
f 1621//1621 1620//1620 1624//1624
f 1625//1625 1621//1621 1624//1624
f 1622//1622 1621//1621 1625//1625
f 1590//1590 1626//1626 1618//1618
f 1590//1590 1593//1593 1626//1626
f 1593//1593 1622//1622 1626//1626
f 1626//1626 1546//1546 1618//1618
f 1546//1546 1538//1538 1618//1618
f 1626//1626 1549//1549 1546//1546
f 1626//1626 1622//1622 1625//1625
f 1625//1625 1627//1627 1626//1626
f 1627//1627 1556//1556 1626//1626
f 1556//1556 1549//1549 1626//1626
f 1627//1627 1559//1559 1556//1556
f 1625//1625 1497//1497 1498//1498
f 1498//1498 1627//1627 1625//1625
f 1559//1559 1498//1498 1499//1499
f 1627//1627 1498//1498 1559//1559
f 1555//1555 1500//1500 1553//1553
f 1500//1500 1496//1496 1553//1553
f 1496//1496 1545//1545 1553//1553
f 1500//1500 1555//1555 1563//1563
f 1563//1563 1488//1488 1500//1500
f 1501//1501 1560//1560 1499//1499
f 1560//1560 1559//1559 1499//1499
f 1501//1501 1561//1561 1560//1560
f 1501//1501 1564//1564 1561//1561
f 1489//1489 1564//1564 1501//1501
f 1817//1817 1849//1849 1818//1818
f 1847//1847 1849//1849 1817//1817
f 1818//1818 1851//1851 1819//1819
f 1849//1849 1851//1851 1818//1818
f 1851//1851 1853//1853 1820//1820
f 1820//1820 1819//1819 1851//1851
f 1820//1820 1855//1855 1822//1822
f 1853//1853 1855//1855 1820//1820
f 1855//1855 1858//1858 1824//1824
f 1824//1824 1822//1822 1855//1855
f 1858//1858 1860//1860 1827//1827
f 1827//1827 1824//1824 1858//1858
f 1830//1830 1857//1857 1829//1829
f 1830//1830 1859//1859 1857//1857
f 1830//1830 1831//1831 1859//1859
f 1831//1831 1861//1861 1859//1859
f 1832//1832 1861//1861 1831//1831
f 1862//1862 1859//1859 1861//1861
f 1861//1861 1863//1863 1862//1862
f 1863//1863 1775//1775 1862//1862
f 1863//1863 1777//1777 1775//1775
f 1863//1863 1864//1864 1777//1777
f 1832//1832 1863//1863 1861//1861
f 1832//1832 1865//1865 1863//1863
f 1832//1832 1833//1833 1865//1865
f 1866//1866 1863//1863 1865//1865
f 1864//1864 1863//1863 1866//1866
f 1867//1867 1865//1865 1833//1833
f 1833//1833 1834//1834 1867//1867
f 1868//1868 1865//1865 1867//1867
f 1866//1866 1865//1865 1868//1868
f 1835//1835 1867//1867 1834//1834
f 1835//1835 1868//1868 1867//1867
f 1835//1835 1836//1836 1868//1868
f 1836//1836 1869//1869 1868//1868
f 1868//1868 1779//1779 1866//1866
f 1868//1868 1780//1780 1779//1779
f 1868//1868 1870//1870 1780//1780
f 1781//1781 1780//1780 1870//1870
f 1871//1871 1868//1868 1869//1869
f 1870//1870 1868//1868 1871//1871
f 1782//1782 1870//1870 1871//1871
f 1781//1781 1870//1870 1782//1782
f 1860//1860 1872//1872 1837//1837
f 1837//1837 1827//1827 1860//1860
f 1872//1872 1873//1873 1838//1838
f 1838//1838 1837//1837 1872//1872
f 1873//1873 1874//1874 1839//1839
f 1839//1839 1838//1838 1873//1873
f 1874//1874 1875//1875 1840//1840
f 1840//1840 1839//1839 1874//1874
f 1841//1841 1869//1869 1836//1836
f 1876//1876 1869//1869 1841//1841
f 1842//1842 1876//1876 1841//1841
f 1877//1877 1869//1869 1876//1876
f 1871//1871 1869//1869 1877//1877
f 1783//1783 1871//1871 1877//1877
f 1782//1782 1871//1871 1783//1783
f 1842//1842 1877//1877 1876//1876
f 1842//1842 1878//1878 1877//1877
f 1842//1842 1843//1843 1878//1878
f 1878//1878 1784//1784 1877//1877
f 1784//1784 1783//1783 1877//1877
f 1878//1878 1879//1879 1784//1784
f 1845//1845 1880//1880 1844//1844
f 1875//1875 1881//1881 1846//1846
f 1846//1846 1840//1840 1875//1875
f 1845//1845 1882//1882 1880//1880
f 1845//1845 1846//1846 1882//1882
f 1846//1846 1881//1881 1882//1882
f 1843//1843 1844//1844 1878//1878
f 1844//1844 1883//1883 1878//1878
f 1844//1844 1880//1880 1883//1883
f 1883//1883 1785//1785 1878//1878
f 1785//1785 1879//1879 1878//1878
f 1883//1883 1786//1786 1785//1785
f 1883//1883 1880//1880 1882//1882
f 1882//1882 1884//1884 1883//1883
f 1786//1786 1883//1883 1884//1884
f 1884//1884 1787//1787 1786//1786
f 1886//1886 1860//1860 1885//1885
f 1872//1872 1860//1860 1886//1886
f 1873//1873 1872//1872 1886//1886
f 1886//1886 1887//1887 1873//1873
f 1886//1886 1788//1788 1789//1789
f 1885//1885 1788//1788 1886//1886
f 1887//1887 1789//1789 1790//1790
f 1886//1886 1789//1789 1887//1887
f 1888//1888 1873//1873 1887//1887
f 1874//1874 1873//1873 1888//1888
f 1889//1889 1874//1874 1888//1888
f 1875//1875 1874//1874 1889//1889
f 1887//1887 1790//1790 1791//1791
f 1791//1791 1888//1888 1887//1887
f 1888//1888 1791//1791 1792//1792
f 1792//1792 1889//1889 1888//1888
f 1881//1881 1875//1875 1889//1889
f 1889//1889 1890//1890 1881//1881
f 1882//1882 1881//1881 1890//1890
f 1890//1890 1891//1891 1882//1882
f 1889//1889 1792//1792 1793//1793
f 1793//1793 1890//1890 1889//1889
f 1890//1890 1793//1793 1794//1794
f 1794//1794 1891//1891 1890//1890
f 1891//1891 1796//1796 1882//1882
f 1796//1796 1795//1795 1882//1882
f 1795//1795 1884//1884 1882//1882
f 1795//1795 1787//1787 1884//1884
f 1794//1794 1796//1796 1891//1891
f 1976//1976 2030//2030 1974//1974
f 2015//2015 2038//2038 2014//2014
f 1976//1976 2037//2037 2030//2030
f 1976//1976 2014//2014 2037//2037
f 2014//2014 2038//2038 2037//2037
f 2502//2502 2513//2513 2501//2501
f 2501//2501 2515//2515 2503//2503
f 2513//2513 2515//2515 2501//2501
f 2464//2464 2461//2461 2462//2462
f 2464//2464 2518//2518 2461//2461
f 2518//2518 2460//2460 2461//2461
f 2464//2464 2465//2465 2518//2518
f 2521//2521 2518//2518 2465//2465
f 2520//2520 2518//2518 2521//2521
f 2525//2525 2520//2520 2521//2521
f 2523//2523 2520//2520 2525//2525
f 2420//2420 2425//2425 2466//2466
f 2425//2425 2469//2469 2466//2466
f 2469//2469 2521//2521 2466//2466
f 2521//2521 2465//2465 2466//2466
f 2469//2469 2470//2470 2521//2521
f 2470//2470 2349//2349 2521//2521
f 2349//2349 2375//2375 2521//2521
f 2375//2375 2525//2525 2521//2521
f 2375//2375 2377//2377 2525//2525
f 2285//2285 2523//2523 2525//2525
f 2282//2282 2523//2523 2285//2285
f 2377//2377 2285//2285 2525//2525
f 2377//2377 2288//2288 2285//2285
f 2377//2377 2528//2528 2288//2288
f 2289//2289 2288//2288 2528//2528
f 2474//2474 2356//2356 2352//2352
f 2356//2356 2378//2378 2352//2352
f 2356//2356 2382//2382 2378//2378
f 2382//2382 2528//2528 2378//2378
f 2528//2528 2377//2377 2378//2378
f 2382//2382 2383//2383 2528//2528
f 2383//2383 2289//2289 2528//2528
f 2383//2383 2291//2291 2289//2289
f 2383//2383 2530//2530 2291//2291
f 2479//2479 2361//2361 2360//2360
f 2361//2361 2387//2387 2360//2360
f 2387//2387 2385//2385 2360//2360
f 2387//2387 2530//2530 2385//2385
f 2530//2530 2383//2383 2385//2385
f 2387//2387 2390//2390 2530//2530
f 2292//2292 2291//2291 2530//2530
f 2292//2292 2530//2530 2390//2390
f 2390//2390 2237//2237 2292//2292
f 2505//2505 2531//2531 2504//2504
f 2503//2503 2532//2532 2506//2506
f 2515//2515 2532//2532 2503//2503
f 2505//2505 2533//2533 2531//2531
f 2505//2505 2532//2532 2533//2533
f 2505//2505 2506//2506 2532//2532
f 2444//2444 2504//2504 2482//2482
f 2504//2504 2531//2531 2482//2482
f 2531//2531 2485//2485 2482//2482
f 2481//2481 2441//2441 2442//2442
f 2534//2534 2531//2531 2533//2533
f 2485//2485 2531//2531 2534//2534
f 2534//2534 2486//2486 2485//2485
f 2534//2534 2535//2535 2486//2486
f 2535//2535 2487//2487 2486//2486
f 2402//2402 2397//2397 2399//2399
f 2402//2402 2241//2241 2397//2397
f 2241//2241 2238//2238 2397//2397
f 2535//2535 2498//2498 2487//2487
f 2535//2535 2536//2536 2498//2498
f 2536//2536 2499//2499 2498//2498
f 2536//2536 2373//2373 2499//2499
f 2536//2536 2405//2405 2373//2373
f 2536//2536 2537//2537 2405//2405
f 2537//2537 2406//2406 2405//2405
f 2537//2537 2408//2408 2406//2406
f 2537//2537 2393//2393 2408//2408
f 2393//2393 2384//2384 2408//2408
f 2537//2537 2293//2293 2393//2393
f 2293//2293 2249//2249 2393//2393
f 2532//2532 2515//2515 2538//2538
f 2538//2538 2539//2539 2532//2532
f 2533//2533 2532//2532 2539//2539
f 2539//2539 2540//2540 2533//2533
f 2541//2541 2295//2295 2538//2538
f 2295//2295 2539//2539 2538//2538
f 2295//2295 2294//2294 2539//2539
f 2539//2539 2294//2294 2296//2296
f 2296//2296 2540//2540 2539//2539
f 2534//2534 2533//2533 2540//2540
f 2540//2540 2542//2542 2534//2534
f 2543//2543 2534//2534 2542//2542
f 2535//2535 2534//2534 2543//2543
f 2540//2540 2296//2296 2297//2297
f 2297//2297 2542//2542 2540//2540
f 2542//2542 2297//2297 2298//2298
f 2298//2298 2543//2543 2542//2542
f 2536//2536 2535//2535 2543//2543
f 2543//2543 2544//2544 2536//2536
f 2544//2544 2300//2300 2536//2536
f 2300//2300 2537//2537 2536//2536
f 2300//2300 2299//2299 2537//2537
f 2543//2543 2298//2298 2301//2301
f 2301//2301 2544//2544 2543//2543
f 2301//2301 2300//2300 2544//2544
f 2299//2299 2293//2293 2537//2537
f 2411//2411 2250//2250 2279//2279
f 2410//2410 2250//2250 2411//2411
f 2621//2621 2618//2618 2755//2755
f 2623//2623 2621//2621 2755//2755
f 2761//2761 2627//2627 2757//2757
f 2629//2629 2627//2627 2761//2761
f 2631//2631 2629//2629 2761//2761
f 2647//2647 2761//2761 2645//2645
f 2761//2761 2757//2757 2645//2645
f 2647//2647 2765//2765 2761//2761
f 2765//2765 2631//2631 2761//2761
f 2765//2765 2768//2768 2631//2631
f 2768//2768 2648//2648 2631//2631
f 2649//2649 2648//2648 2768//2768
f 2788//2788 2776//2776 2787//2787
f 2784//2784 2776//2776 2788//2788
f 2789//2789 2784//2784 2788//2788
f 2785//2785 2784//2784 2789//2789
f 2791//2791 2787//2787 2790//2790
f 2788//2788 2787//2787 2791//2791
f 2791//2791 2651//2651 2788//2788
f 2651//2651 2650//2650 2788//2788
f 2650//2650 2789//2789 2788//2788
f 2789//2789 2653//2653 2785//2785
f 2653//2653 2652//2652 2785//2785
f 2652//2652 2786//2786 2785//2785
f 2652//2652 2646//2646 2786//2786
f 2650//2650 2653//2653 2789//2789
f 2765//2765 2647//2647 2654//2654
f 2768//2768 2654//2654 2655//2655
f 2765//2765 2654//2654 2768//2768
f 2655//2655 2649//2649 2768//2768
f 3307//3307 3368//3368 3306//3306
f 3311//3311 3375//3375 3308//3308
f 3314//3314 1976//1976 1974//1974
f 3314//3314 3375//3375 1976//1976
f 3314//3314 3308//3308 3375//3375
f 3311//3311 3306//3306 3375//3375
f 3306//3306 2014//2014 3375//3375
f 3306//3306 2015//2015 2014//2014
f 3306//3306 3368//3368 2015//2015
f 2014//2014 1976//1976 3375//3375
f 3317//3317 3360//3360 3316//3316
f 3316//3316 3355//3355 3309//3309
f 3360//3360 3355//3355 3316//3316
f 3383//3383 3429//3429 3381//3381
f 3389//3389 3381//3381 3306//3306
f 3381//3381 3429//3429 3306//3306
f 3429//3429 3307//3307 3306//3306
f 3393//3393 3308//3308 3391//3391
f 3311//3311 3308//3308 3393//3393
f 3308//3308 3314//3314 3394//3394
f 3394//3394 3391//3391 3308//3308
f 3306//3306 3311//3311 3393//3393
f 3393//3393 3389//3389 3306//3306
f 3398//3398 3316//3316 3397//3397
f 3317//3317 3316//3316 3398//3398
f 3316//3316 3309//3309 3387//3387
f 3387//3387 3397//3397 3316//3316
f 1348//1348 1393//1393 1346//1346
f 1393//1393 1395//1395 1349//1349
f 1349//1349 1346//1346 1393//1393
f 1352//1352 1412//1412 1351//1351
f 1412//1412 1390//1390 1354//1354
f 1354//1354 1351//1351 1412//1412
f 1352//1352 1415//1415 1412//1412
f 1352//1352 1395//1395 1415//1415
f 1352//1352 1349//1349 1395//1395
f 1390//1390 1412//1412 1415//1415
f 1415//1415 1399//1399 1390//1390
f 1493//1493 1502//1502 1492//1492
f 1503//1503 1502//1502 1493//1493
f 1504//1504 1502//1502 1503//1503
f 1503//1503 1505//1505 1504//1504
f 1494//1494 1503//1503 1493//1493
f 1494//1494 1505//1505 1503//1503
f 1494//1494 1506//1506 1505//1505
f 1494//1494 1495//1495 1506//1506
f 1505//1505 1235//1235 1504//1504
f 1505//1505 1236//1236 1235//1235
f 1505//1505 1507//1507 1236//1236
f 1237//1237 1236//1236 1507//1507
f 1507//1507 1505//1505 1506//1506
f 1506//1506 1508//1508 1507//1507
f 1508//1508 1237//1237 1507//1507
f 1508//1508 1238//1238 1237//1237
f 1508//1508 1509//1509 1238//1238
f 1490//1490 1506//1506 1495//1495
f 1495//1495 1486//1486 1490//1490
f 1510//1510 1506//1506 1490//1490
f 1508//1508 1506//1506 1510//1510
f 1511//1511 1508//1508 1510//1510
f 1509//1509 1508//1508 1511//1511
f 1487//1487 1510//1510 1490//1490
f 1487//1487 1496//1496 1510//1510
f 1496//1496 1512//1512 1510//1510
f 1513//1513 1510//1510 1512//1512
f 1511//1511 1510//1510 1513//1513
f 1514//1514 1515//1515 1498//1498
f 1498//1498 1497//1497 1514//1514
f 1498//1498 1516//1516 1499//1499
f 1515//1515 1516//1516 1498//1498
f 1518//1518 1514//1514 1517//1517
f 1515//1515 1514//1514 1518//1518
f 1519//1519 1515//1515 1518//1518
f 1516//1516 1515//1515 1519//1519
f 1520//1520 1512//1512 1496//1496
f 1496//1496 1500//1500 1520//1520
f 1513//1513 1512//1512 1520//1520
f 1520//1520 1521//1521 1513//1513
f 1500//1500 1522//1522 1520//1520
f 1500//1500 1488//1488 1522//1522
f 1488//1488 1491//1491 1522//1522
f 1521//1521 1520//1520 1522//1522
f 1522//1522 1523//1523 1521//1521
f 1499//1499 1524//1524 1501//1501
f 1516//1516 1524//1524 1499//1499
f 1489//1489 1525//1525 1491//1491
f 1489//1489 1501//1501 1525//1525
f 1501//1501 1524//1524 1525//1525
f 1526//1526 1516//1516 1519//1519
f 1524//1524 1516//1516 1526//1526
f 1525//1525 1524//1524 1526//1526
f 1526//1526 1527//1527 1525//1525
f 1522//1522 1491//1491 1525//1525
f 1525//1525 1528//1528 1522//1522
f 1523//1523 1522//1522 1528//1528
f 1528//1528 1529//1529 1523//1523
f 1528//1528 1525//1525 1527//1527
f 1527//1527 1530//1530 1528//1528
f 1529//1529 1528//1528 1530//1530
f 1530//1530 1531//1531 1529//1529
f 1988//1988 2019//2019 1977//1977
f 1977//1977 2021//2021 1973//1973
f 2019//2019 2021//2021 1977//1977
f 1974//1974 2032//2032 1998//1998
f 2030//2030 2032//2032 1974//1974
f 1998//1998 2034//2034 2001//2001
f 2032//2032 2034//2034 1998//1998
f 2037//2037 2032//2032 2030//2030
f 2037//2037 1348//1348 2032//2032
f 1348//1348 1346//1346 2032//2032
f 2032//2032 1346//1346 1349//1349
f 1349//1349 2034//2034 2032//2032
f 1988//1988 1352//1352 2019//2019
f 1352//1352 1351//1351 2019//2019
f 1988//1988 2034//2034 1352//1352
f 1988//1988 2001//2001 2034//2034
f 2019//2019 1351//1351 1354//1354
f 1354//1354 2021//2021 2019//2019
f 1349//1349 1352//1352 2034//2034
f 2163//2163 2192//2192 2165//2165
f 2190//2190 2192//2192 2163//2163
f 2192//2192 2195//2195 2167//2167
f 2167//2167 2165//2165 2192//2192
f 2195//2195 2196//2196 2170//2170
f 2170//2170 2167//2167 2195//2195
f 2170//2170 2196//2196 2171//2171
f 2201//2201 2195//2195 2199//2199
f 2196//2196 2195//2195 2201//2201
f 2173//2173 2171//2171 2203//2203
f 2171//2171 2196//2196 2203//2203
f 2196//2196 2201//2201 2203//2203
f 2201//2201 1817//1817 1818//1818
f 2199//2199 1817//1817 2201//2201
f 2203//2203 1818//1818 1819//1819
f 2201//2201 1818//1818 2203//2203
f 2177//2177 2205//2205 2175//2175
f 2205//2205 2207//2207 2179//2179
f 2179//2179 2175//2175 2205//2205
f 2203//2203 2208//2208 2181//2181
f 2181//2181 2173//2173 2203//2203
f 2208//2208 2210//2210 2183//2183
f 2183//2183 2181//2181 2208//2208
f 2208//2208 1819//1819 1820//1820
f 2203//2203 1819//1819 2208//2208
f 2210//2210 1820//1820 1822//1822
f 2208//2208 1820//1820 2210//2210
f 2177//2177 2213//2213 2205//2205
f 2177//2177 2210//2210 2213//2213
f 2177//2177 2183//2183 2210//2210
f 2215//2215 2205//2205 2213//2213
f 2207//2207 2205//2205 2215//2215
f 2213//2213 1822//1822 1824//1824
f 2210//2210 1822//1822 2213//2213
f 2215//2215 1824//1824 1827//1827
f 2213//2213 1824//1824 2215//2215
f 2185//2185 2214//2214 2184//2184
f 2185//2185 2132//2132 2214//2214
f 2132//2132 2216//2216 2214//2214
f 2132//2132 2136//2136 2216//2216
f 2185//2185 2115//2115 2132//2132
f 2136//2136 2217//2217 2216//2216
f 2217//2217 1829//1829 2216//2216
f 2217//2217 1830//1830 1829//1829
f 1831//1831 1830//1830 2217//2217
f 2133//2133 2220//2220 2138//2138
f 2220//2220 2217//2217 2138//2138
f 2217//2217 2136//2136 2138//2138
f 2220//2220 1831//1831 2217//2217
f 2220//2220 1832//1832 1831//1831
f 2220//2220 2221//2221 1832//1832
f 2143//2143 2135//2135 2137//2137
f 2143//2143 2220//2220 2135//2135
f 2220//2220 2133//2133 2135//2135
f 2143//2143 2065//2065 2220//2220
f 2065//2065 2081//2081 2220//2220
f 2085//2085 2220//2220 2081//2081
f 2085//2085 2221//2221 2220//2220
f 2085//2085 2087//2087 2221//2221
f 1833//1833 1832//1832 2221//2221
f 1834//1834 2221//2221 2087//2087
f 1833//1833 2221//2221 1834//1834
f 2099//2099 2088//2088 2090//2090
f 2099//2099 1835//1835 2088//2088
f 1835//1835 1834//1834 2088//2088
f 1834//1834 2087//2087 2088//2088
f 2099//2099 2101//2101 1835//1835
f 1836//1836 1835//1835 2101//2101
f 2207//2207 2222//2222 2188//2188
f 2188//2188 2179//2179 2207//2207
f 2125//2125 2188//2188 2146//2146
f 2188//2188 2151//2151 2146//2146
f 2151//2151 2147//2147 2146//2146
f 2188//2188 2154//2154 2151//2151
f 2188//2188 2222//2222 2154//2154
f 2222//2222 2207//2207 2215//2215
f 2215//2215 2223//2223 2222//2222
f 2154//2154 2222//2222 2223//2223
f 2223//2223 2224//2224 2154//2154
f 2223//2223 1827//1827 1837//1837
f 2215//2215 1827//1827 2223//2223
f 2223//2223 1837//1837 1838//1838
f 1838//1838 2224//2224 2223//2223
f 2224//2224 2155//2155 2154//2154
f 2224//2224 2160//2160 2155//2155
f 2160//2160 2156//2156 2155//2155
f 2224//2224 2076//2076 2160//2160
f 2224//2224 2096//2096 2076//2076
f 2224//2224 1838//1838 1839//1839
f 1839//1839 2096//2096 2224//2224
f 1840//1840 2097//2097 1839//1839
f 2097//2097 2096//2096 1839//1839
f 1840//1840 2098//2098 2097//2097
f 2104//2104 1841//1841 2102//2102
f 1841//1841 1836//1836 2102//2102
f 1836//1836 2101//2101 2102//2102
f 2108//2108 2225//2225 2106//2106
f 2225//2225 1842//1842 2106//2106
f 1842//1842 1841//1841 2106//2106
f 1841//1841 2104//2104 2106//2106
f 1843//1843 1842//1842 2225//2225
f 2112//2112 1845//1845 2110//2110
f 1845//1845 1844//1844 2110//2110
f 1844//1844 2225//2225 2110//2110
f 2225//2225 2108//2108 2110//2110
f 1846//1846 2111//2111 1840//1840
f 2111//2111 2098//2098 1840//1840
f 1846//1846 2112//2112 2111//2111
f 1846//1846 1845//1845 2112//2112
f 1844//1844 1843//1843 2225//2225
f 2279//2279 2256//2256 2411//2411
f 2512//2512 2280//2280 2281//2281
f 2512//2512 2281//2281 2283//2283
f 2286//2286 2280//2280 2512//2512
f 2283//2283 2286//2286 2512//2512
f 3119//3119 2551//2551 2552//2552
f 3117//3117 2551//2551 3119//3119
f 3120//3120 2552//2552 2554//2554
f 3119//3119 2552//2552 3120//3120
f 3120//3120 2554//2554 2556//2556
f 2556//2556 2813//2813 3120//3120
f 2556//2556 2502//2502 2813//2813
f 3321//3321 1988//1988 1977//1977
f 3321//3321 3309//3309 1988//1988
f 3309//3309 3355//3355 1988//1988
f 1977//1977 1973//1973 3323//3323
f 3323//3323 3321//3321 1977//1977
f 3317//3317 3314//3314 3360//3360
f 3314//3314 1998//1998 3360//3360
f 3314//3314 1974//1974 1998//1998
f 3360//3360 1998//1998 2001//2001
f 2001//2001 3355//3355 3360//3360
f 2001//2001 1988//1988 3355//3355
f 3309//3309 3321//3321 3416//3416
f 3416//3416 3387//3387 3309//3309
f 3321//3321 3323//3323 3392//3392
f 3392//3392 3416//3416 3321//3321
f 3314//3314 3317//3317 3398//3398
f 3398//3398 3394//3394 3314//3314
f 979//979 1050//1050 978//978
f 1050//1050 1052//1052 981//981
f 981//981 978//978 1050//1050
f 1052//1052 1055//1055 983//983
f 983//983 981//981 1052//1052
f 1055//1055 1058//1058 985//985
f 985//985 983//983 1055//1055
f 985//985 1060//1060 988//988
f 1058//1058 1060//1060 985//985
f 988//988 1062//1062 1019//1019
f 1060//1060 1062//1062 988//988
f 1019//1019 1063//1063 1022//1022
f 1062//1062 1063//1063 1019//1019
f 1022//1022 1063//1063 1009//1009
f 1359//1359 1386//1386 1355//1355
f 1386//1386 1387//1387 1364//1364
f 1364//1364 1355//1355 1386//1386
f 1390//1390 1391//1391 1369//1369
f 1369//1369 1354//1354 1390//1390
f 1391//1391 1398//1398 1376//1376
f 1376//1376 1369//1369 1391//1391
f 1391//1391 1390//1390 1399//1399
f 1399//1399 1400//1400 1391//1391
f 1400//1400 979//979 1391//1391
f 979//979 978//978 1391//1391
f 978//978 1398//1398 1391//1391
f 1359//1359 1401//1401 1386//1386
f 1359//1359 1398//1398 1401//1401
f 1359//1359 1376//1376 1398//1398
f 1403//1403 1386//1386 1401//1401
f 1387//1387 1386//1386 1403//1403
f 1398//1398 978//978 981//981
f 981//981 1401//1401 1398//1398
f 1401//1401 981//981 983//983
f 983//983 1403//1403 1401//1401
f 1364//1364 1406//1406 1377//1377
f 1387//1387 1406//1406 1364//1364
f 1377//1377 1406//1406 1378//1378
f 1406//1406 1387//1387 1403//1403
f 1403//1403 1408//1408 1406//1406
f 1379//1379 1378//1378 1418//1418
f 1378//1378 1408//1408 1418//1418
f 1378//1378 1406//1406 1408//1408
f 1403//1403 983//983 985//985
f 985//985 1408//1408 1403//1403
f 1418//1418 985//985 988//988
f 1408//1408 985//985 1418//1418
f 1379//1379 1420//1420 1380//1380
f 1418//1418 1420//1420 1379//1379
f 1380//1380 1422//1422 1381//1381
f 1420//1420 1422//1422 1380//1380
f 1420//1420 988//988 1019//1019
f 1418//1418 988//988 1420//1420
f 1422//1422 1019//1019 1022//1022
f 1420//1420 1019//1019 1422//1422
f 1381//1381 1425//1425 1382//1382
f 1422//1422 1425//1425 1381//1381
f 1382//1382 1425//1425 1383//1383
f 1009//1009 1425//1425 1022//1022
f 1425//1425 1422//1422 1022//1022
f 1009//1009 1428//1428 1425//1425
f 1384//1384 1383//1383 1430//1430
f 1383//1383 1425//1425 1430//1430
f 1425//1425 1428//1428 1430//1430
f 1384//1384 1432//1432 1385//1385
f 1430//1430 1432//1432 1384//1384
f 1385//1385 1394//1394 1347//1347
f 1432//1432 1394//1394 1385//1385
f 1777//1777 1797//1797 1775//1775
f 1780//1780 1799//1799 1779//1779
f 1780//1780 1800//1800 1799//1799
f 1780//1780 1801//1801 1800//1800
f 1780//1780 1781//1781 1801//1801
f 1782//1782 1801//1801 1781//1781
f 1802//1802 1801//1801 1782//1782
f 1803//1803 1802//1802 1782//1782
f 1782//1782 1783//1783 1803//1803
f 1784//1784 1803//1803 1783//1783
f 1786//1786 1804//1804 1785//1785
f 1787//1787 1804//1804 1786//1786
f 1805//1805 1804//1804 1787//1787
f 1806//1806 1807//1807 1789//1789
f 1789//1789 1788//1788 1806//1806
f 1807//1807 1808//1808 1790//1790
f 1790//1790 1789//1789 1807//1807
f 1790//1790 1809//1809 1791//1791
f 1808//1808 1809//1809 1790//1790
f 1791//1791 1810//1810 1792//1792
f 1809//1809 1810//1810 1791//1791
f 1792//1792 1811//1811 1793//1793
f 1810//1810 1811//1811 1792//1792
f 1793//1793 1812//1812 1794//1794
f 1811//1811 1812//1812 1793//1793
f 1796//1796 1813//1813 1795//1795
f 1787//1787 1814//1814 1805//1805
f 1787//1787 1795//1795 1814//1814
f 1795//1795 1813//1813 1814//1814
f 1796//1796 1812//1812 1813//1813
f 1812//1812 1815//1815 1813//1813
f 1796//1796 1794//1794 1812//1812
f 1816//1816 1813//1813 1815//1815
f 1814//1814 1813//1813 1816//1816
f 1749//1749 1583//1583 1628//1628
f 1747//1747 1583//1583 1749//1749
f 1631//1631 1756//1756 1628//1628
f 1756//1756 1749//1749 1628//1628
f 1631//1631 1757//1757 1756//1756
f 1757//1757 1631//1631 1591//1591
f 1591//1591 1768//1768 1757//1757
f 1636//1636 1634//1634 1954//1954
f 1759//1759 1636//1636 1758//1758
f 1636//1636 1954//1954 1758//1758
f 1759//1759 1585//1585 1636//1636
f 1973//1973 2022//2022 1975//1975
f 2021//2021 2022//2022 1973//1973
f 1975//1975 2024//2024 1980//1980
f 2022//2022 2024//2024 1975//1975
f 1986//1986 1359//1359 1355//1355
f 1986//1986 1980//1980 1359//1359
f 1980//1980 2024//2024 1359//1359
f 1355//1355 1364//1364 1987//1987
f 1987//1987 1986//1986 1355//1355
f 2021//2021 1354//1354 1369//1369
f 1369//1369 2022//2022 2021//2021
f 2022//2022 1369//1369 1376//1376
f 1376//1376 2024//2024 2022//2022
f 1376//1376 1359//1359 2024//2024
f 1987//1987 1377//1377 1990//1990
f 1364//1364 1377//1377 1987//1987
f 1992//1992 1378//1378 2033//2033
f 1992//1992 1990//1990 1378//1378
f 1990//1990 1377//1377 1378//1378
f 1992//1992 2036//2036 1994//1994
f 2033//2033 2036//2036 1992//1992
f 1994//1994 2061//2061 1997//1997
f 2036//2036 2061//2061 1994//1994
f 2033//2033 1378//1378 1379//1379
f 2036//2036 1379//1379 1380//1380
f 2033//2033 1379//1379 2036//2036
f 2061//2061 1380//1380 1381//1381
f 2036//2036 1380//1380 2061//2061
f 1997//1997 2062//2062 2000//2000
f 2061//2061 2062//2062 1997//1997
f 2000//2000 2062//2062 2002//2002
f 2062//2062 1381//1381 1382//1382
f 2061//2061 1381//1381 2062//2062
f 2004//2004 1383//1383 2063//2063
f 2004//2004 1382//1382 1383//1383
f 2004//2004 2002//2002 1382//1382
f 2002//2002 2062//2062 1382//1382
f 2063//2063 1383//1383 1384//1384
f 2004//2004 2064//2064 2005//2005
f 2063//2063 2064//2064 2004//2004
f 2005//2005 2064//2064 2006//2006
f 2064//2064 1384//1384 1385//1385
f 2063//2063 1384//1384 2064//2064
f 1978//1978 2006//2006 1347//1347
f 2006//2006 2064//2064 1347//1347
f 2064//2064 1385//1385 1347//1347
f 2114//2114 2130//2130 2113//2113
f 2131//2131 2130//2130 2114//2114
f 2135//2135 2130//2130 2131//2131
f 2133//2133 2130//2130 2135//2135
f 2116//2116 2131//2131 2114//2114
f 2116//2116 2135//2135 2131//2131
f 2116//2116 2118//2118 2135//2135
f 2118//2118 2137//2137 2135//2135
f 2120//2120 2139//2139 2119//2119
f 2118//2118 2119//2119 2137//2137
f 2119//2119 2140//2140 2137//2137
f 2119//2119 2139//2139 2140//2140
f 2141//2141 2139//2139 2120//2120
f 2120//2120 2121//2121 2141//2141
f 2142//2142 2139//2139 2141//2141
f 2140//2140 2139//2139 2142//2142
f 2144//2144 2137//2137 2140//2140
f 2143//2143 2137//2137 2144//2144
f 2065//2065 2143//2143 2144//2144
f 2144//2144 2066//2066 2065//2065
f 2142//2142 2068//2068 2140//2140
f 2068//2068 2144//2144 2140//2140
f 2068//2068 2067//2067 2144//2144
f 2067//2067 2066//2066 2144//2144
f 2122//2122 2141//2141 2121//2121
f 2122//2122 2142//2142 2141//2141
f 2122//2122 2123//2123 2142//2142
f 2123//2123 2145//2145 2142//2142
f 2125//2125 2146//2146 2124//2124
f 2123//2123 2147//2147 2145//2145
f 2123//2123 2124//2124 2147//2147
f 2124//2124 2146//2146 2147//2147
f 2145//2145 2069//2069 2142//2142
f 2069//2069 2068//2068 2142//2142
f 2145//2145 2148//2148 2069//2069
f 2149//2149 2069//2069 2148//2148
f 2070//2070 2069//2069 2149//2149
f 2148//2148 2145//2145 2147//2147
f 2147//2147 2150//2150 2148//2148
f 2127//2127 2126//2126 2150//2150
f 2126//2126 2148//2148 2150//2150
f 2126//2126 2149//2149 2148//2148
f 2071//2071 2070//2070 2149//2149
f 2126//2126 2072//2072 2149//2149
f 2072//2072 2071//2071 2149//2149
f 2126//2126 2128//2128 2072//2072
f 2150//2150 2147//2147 2151//2151
f 2151//2151 2152//2152 2150//2150
f 2129//2129 2152//2152 2153//2153
f 2129//2129 2150//2150 2152//2152
f 2129//2129 2127//2127 2150//2150
f 2155//2155 2151//2151 2154//2154
f 2152//2152 2151//2151 2155//2155
f 2156//2156 2152//2152 2155//2155
f 2153//2153 2152//2152 2156//2156
f 2128//2128 2153//2153 2072//2072
f 2153//2153 2073//2073 2072//2072
f 2153//2153 2157//2157 2073//2073
f 2128//2128 2129//2129 2153//2153
f 2074//2074 2073//2073 2157//2157
f 2157//2157 2153//2153 2156//2156
f 2156//2156 2158//2158 2157//2157
f 2158//2158 2075//2075 2157//2157
f 2075//2075 2074//2074 2157//2157
f 2158//2158 2159//2159 2075//2075
f 2158//2158 2156//2156 2160//2160
f 2160//2160 2161//2161 2158//2158
f 2162//2162 2158//2158 2161//2161
f 2159//2159 2158//2158 2162//2162
f 2160//2160 2076//2076 2077//2077
f 2077//2077 2161//2161 2160//2160
f 2161//2161 2077//2077 2078//2078
f 2078//2078 2162//2162 2161//2161
f 2079//2079 2075//2075 2159//2159
f 2079//2079 2159//2159 2162//2162
f 2162//2162 2080//2080 2079//2079
f 2078//2078 2080//2080 2162//2162
f 2244//2244 2376//2376 2379//2379
f 2379//2379 2245//2245 2244//2244
f 2381//2381 2246//2246 2247//2247
f 2384//2384 2245//2245 2379//2379
f 2384//2384 2248//2248 2245//2245
f 2384//2384 2386//2386 2248//2248
f 2386//2386 2389//2389 2248//2248
f 2389//2389 2247//2247 2248//2248
f 2389//2389 2381//2381 2247//2247
f 2395//2395 2384//2384 2393//2393
f 2386//2386 2384//2384 2395//2395
f 2409//2409 2386//2386 2395//2395
f 2389//2389 2386//2386 2409//2409
f 2250//2250 2393//2393 2249//2249
f 2250//2250 2395//2395 2393//2393
f 2250//2250 2410//2410 2395//2395
f 2409//2409 2395//2395 2410//2410
f 2410//2410 2411//2411 2409//2409
f 2251//2251 2246//2246 2381//2381
f 2389//2389 2251//2251 2381//2381
f 2389//2389 2252//2252 2251//2251
f 2389//2389 2412//2412 2252//2252
f 2253//2253 2252//2252 2412//2412
f 2412//2412 2389//2389 2409//2409
f 2409//2409 2413//2413 2412//2412
f 2253//2253 2412//2412 2413//2413
f 2413//2413 2254//2254 2253//2253
f 2411//2411 2255//2255 2409//2409
f 2255//2255 2413//2413 2409//2409
f 2411//2411 2256//2256 2255//2255
f 2255//2255 2254//2254 2413//2413
f 2793//2793 2799//2799 2792//2792
f 2795//2795 2801//2801 2794//2794
f 2736//2736 2794//2794 2775//2775
f 2794//2794 2801//2801 2775//2775
f 2801//2801 2787//2787 2775//2775
f 2787//2787 2776//2776 2775//2775
f 2801//2801 2790//2790 2787//2787
f 2795//2795 2792//2792 2801//2801
f 2792//2792 2803//2803 2801//2801
f 2792//2792 2799//2799 2803//2803
f 2805//2805 2801//2801 2803//2803
f 2790//2790 2801//2801 2805//2805
f 2809//2809 2799//2799 2807//2807
f 2803//2803 2799//2799 2809//2809
f 2805//2805 2803//2803 2809//2809
f 2809//2809 2811//2811 2805//2805
f 2813//2813 2809//2809 2807//2807
f 2813//2813 2502//2502 2809//2809
f 2502//2502 2501//2501 2809//2809
f 2809//2809 2501//2501 2503//2503
f 2503//2503 2811//2811 2809//2809
f 2425//2425 2420//2420 2656//2656
f 2805//2805 2791//2791 2790//2790
f 2805//2805 2679//2679 2791//2791
f 2679//2679 2651//2651 2791//2791
f 2679//2679 2670//2670 2651//2651
f 2805//2805 2683//2683 2679//2679
f 2683//2683 2805//2805 2811//2811
f 2811//2811 2815//2815 2683//2683
f 2815//2815 2505//2505 2683//2683
f 2505//2505 2684//2684 2683//2683
f 2505//2505 2504//2504 2684//2684
f 2504//2504 2685//2685 2684//2684
f 2811//2811 2503//2503 2506//2506
f 2506//2506 2815//2815 2811//2811
f 2506//2506 2505//2505 2815//2815
f 2444//2444 2442//2442 2504//2504
f 2442//2442 2441//2441 2504//2504
f 2441//2441 2685//2685 2504//2504
f 2444//2444 2695//2695 2442//2442
f 3342//3342 3359//3359 3341//3341
f 3341//3341 3361//3361 3343//3343
f 3359//3359 3361//3361 3341//3341
f 3342//3342 1975//1975 3359//3359
f 3342//3342 1973//1973 1975//1975
f 3342//3342 3323//3323 1973//1973
f 3359//3359 1975//1975 1980//1980
f 1980//1980 3361//3361 3359//3359
f 3343//3343 3362//3362 3344//3344
f 3361//3361 3362//3362 3343//3343
f 3362//3362 3364//3364 3345//3345
f 3345//3345 3344//3344 3362//3362
f 3361//3361 1980//1980 1986//1986
f 1986//1986 3362//3362 3361//3361
f 3362//3362 1986//1986 1987//1987
f 1987//1987 3364//3364 3362//3362
f 3345//3345 3366//3366 3346//3346
f 3364//3364 3366//3366 3345//3345
f 3346//3346 3372//3372 3347//3347
f 3366//3366 3372//3372 3346//3346
f 3366//3366 1987//1987 1990//1990
f 3364//3364 1987//1987 3366//3366
f 3372//3372 1990//1990 1992//1992
f 3366//3366 1990//1990 3372//3372
f 3347//3347 3372//3372 3348//3348
f 3349//3349 3348//3348 1994//1994
f 3348//3348 1992//1992 1994//1994
f 3348//3348 3372//3372 1992//1992
f 1994//1994 1997//1997 3350//3350
f 3350//3350 3349//3349 1994//1994
f 1997//1997 2000//2000 3351//3351
f 3351//3351 3350//3350 1997//1997
f 3352//3352 3351//3351 3373//3373
f 3351//3351 2002//2002 3373//3373
f 3351//3351 2000//2000 2002//2002
f 3352//3352 3373//3373 3353//3353
f 3373//3373 2002//2002 2004//2004
f 3354//3354 3373//3373 2005//2005
f 3373//3373 2004//2004 2005//2005
f 3354//3354 3353//3353 3373//3373
f 3310//3310 2006//2006 3358//3358
f 3310//3310 2005//2005 2006//2006
f 3310//3310 3354//3354 2005//2005
f 3358//3358 2006//2006 1978//1978
f 3388//3388 3341//3341 3384//3384
f 3342//3342 3341//3341 3388//3388
f 3341//3341 3343//3343 3390//3390
f 3390//3390 3384//3384 3341//3341
f 3323//3323 3342//3342 3388//3388
f 3388//3388 3392//3392 3323//3323
f 3343//3343 3344//3344 3395//3395
f 3395//3395 3390//3390 3343//3343
f 3344//3344 3345//3345 3396//3396
f 3396//3396 3395//3395 3344//3344
f 3396//3396 3346//3346 3399//3399
f 3345//3345 3346//3346 3396//3396
f 3346//3346 3347//3347 3401//3401
f 3401//3401 3399//3399 3346//3346
f 3402//3402 3401//3401 3427//3427
f 3401//3401 3348//3348 3427//3427
f 3401//3401 3347//3347 3348//3348
f 3402//3402 3427//3427 3404//3404
f 3427//3427 3348//3348 3349//3349
f 3406//3406 3404//3404 3350//3350
f 3404//3404 3349//3349 3350//3350
f 3404//3404 3427//3427 3349//3349
f 3350//3350 3351//3351 3408//3408
f 3408//3408 3406//3406 3350//3350
f 3351//3351 3352//3352 3410//3410
f 3410//3410 3408//3408 3351//3351
f 3410//3410 3353//3353 3412//3412
f 3352//3352 3353//3353 3410//3410
f 3353//3353 3354//3354 3413//3413
f 3413//3413 3412//3412 3353//3353
f 3354//3354 3310//3310 3376//3376
f 3376//3376 3413//3413 3354//3354
f 1198//1198 1219//1219 1200//1200
f 1202//1202 1222//1222 1205//1205
f 1208//1208 1225//1225 1207//1207
f 1226//1226 1225//1225 1208//1208
f 1208//1208 1209//1209 1226//1226
f 1209//1209 1228//1228 1226//1226
f 1228//1228 1227//1227 1226//1226
f 1211//1211 1228//1228 1209//1209
f 1230//1230 1228//1228 1211//1211
f 1213//1213 1230//1230 1211//1211
f 1217//1217 1233//1233 1216//1216
f 1289//1289 1291//1291 1243//1243
f 1243//1243 1242//1242 1289//1289
f 1243//1243 1291//1291 1244//1244
f 1200//1200 1289//1289 1198//1198
f 1200//1200 1294//1294 1289//1289
f 1294//1294 1291//1291 1289//1289
f 1246//1246 1244//1244 1298//1298
f 1244//1244 1294//1294 1298//1298
f 1244//1244 1291//1291 1294//1294
f 1298//1298 1301//1301 1250//1250
f 1250//1250 1246//1246 1298//1298
f 1301//1301 1304//1304 1253//1253
f 1253//1253 1250//1250 1301//1301
f 1253//1253 1304//1304 1257//1257
f 1260//1260 1257//1257 1310//1310
f 1257//1257 1308//1308 1310//1310
f 1257//1257 1304//1304 1308//1308
f 1310//1310 1311//1311 1263//1263
f 1263//1263 1260//1260 1310//1310
f 1205//1205 1310//1310 1202//1202
f 1310//1310 1308//1308 1202//1202
f 1205//1205 1312//1312 1310//1310
f 1313//1313 1310//1310 1312//1312
f 1311//1311 1310//1310 1313//1313
f 1314//1314 1207//1207 1302//1302
f 1208//1208 1207//1207 1314//1314
f 1209//1209 1208//1208 1314//1314
f 1315//1315 1302//1302 1303//1303
f 1314//1314 1302//1302 1315//1315
f 1211//1211 1314//1314 1315//1315
f 1209//1209 1314//1314 1211//1211
f 1266//1266 1315//1315 1303//1303
f 1266//1266 1268//1268 1315//1315
f 1268//1268 1316//1316 1315//1315
f 1316//1316 1317//1317 1315//1315
f 1317//1317 1211//1211 1315//1315
f 1317//1317 1213//1213 1211//1211
f 1270//1270 1316//1316 1268//1268
f 1270//1270 1317//1317 1316//1316
f 1270//1270 1271//1271 1317//1317
f 1271//1271 1318//1318 1317//1317
f 1272//1272 1318//1318 1271//1271
f 1272//1272 1319//1319 1318//1318
f 1272//1272 1273//1273 1319//1319
f 1273//1273 1320//1320 1319//1319
f 1322//1322 1319//1319 1320//1320
f 1321//1321 1319//1319 1322//1322
f 1274//1274 1320//1320 1273//1273
f 1274//1274 1322//1322 1320//1320
f 1274//1274 1239//1239 1322//1322
f 1239//1239 1240//1240 1322//1322
f 1274//1274 1235//1235 1239//1239
f 1324//1324 1321//1321 1322//1322
f 1323//1323 1321//1321 1324//1324
f 1324//1324 1216//1216 1323//1323
f 1324//1324 1217//1217 1216//1216
f 1324//1324 1325//1325 1217//1217
f 1324//1324 1322//1322 1240//1240
f 1240//1240 1326//1326 1324//1324
f 1327//1327 1324//1324 1326//1326
f 1325//1325 1324//1324 1327//1327
f 1238//1238 1275//1275 1241//1241
f 1275//1275 1328//1328 1241//1241
f 1328//1328 1326//1326 1241//1241
f 1326//1326 1240//1240 1241//1241
f 1327//1327 1326//1326 1328//1328
f 1328//1328 1329//1329 1327//1327
f 1330//1330 1328//1328 1275//1275
f 1275//1275 1276//1276 1330//1330
f 1331//1331 1328//1328 1330//1330
f 1329//1329 1328//1328 1331//1331
f 1311//1311 1332//1332 1277//1277
f 1277//1277 1263//1263 1311//1311
f 1332//1332 1333//1333 1278//1278
f 1278//1278 1277//1277 1332//1332
f 1334//1334 1311//1311 1313//1313
f 1332//1332 1311//1311 1334//1334
f 1335//1335 1332//1332 1334//1334
f 1333//1333 1332//1332 1335//1335
f 1278//1278 1336//1336 1279//1279
f 1333//1333 1336//1336 1278//1278
f 1279//1279 1337//1337 1280//1280
f 1336//1336 1337//1337 1279//1279
f 1338//1338 1333//1333 1335//1335
f 1336//1336 1333//1333 1338//1338
f 1339//1339 1336//1336 1338//1338
f 1337//1337 1336//1336 1339//1339
f 1281//1281 1330//1330 1276//1276
f 1281//1281 1331//1331 1330//1330
f 1281//1281 1282//1282 1331//1331
f 1282//1282 1340//1340 1331//1331
f 1341//1341 1340//1340 1282//1282
f 1282//1282 1283//1283 1341//1341
f 1280//1280 1342//1342 1284//1284
f 1337//1337 1342//1342 1280//1280
f 1283//1283 1343//1343 1341//1341
f 1283//1283 1284//1284 1343//1343
f 1284//1284 1342//1342 1343//1343
f 1342//1342 1337//1337 1339//1339
f 1339//1339 1344//1344 1342//1342
f 1343//1343 1342//1342 1344//1344
f 1344//1344 1345//1345 1343//1343
f 1347//1347 1394//1394 1350//1350
f 1356//1356 1388//1388 1353//1353
f 1358//1358 1434//1434 1357//1357
f 1360//1360 1434//1434 1358//1358
f 1348//1348 1437//1437 1393//1393
f 1348//1348 1357//1357 1437//1437
f 1357//1357 1434//1434 1437//1437
f 1395//1395 1393//1393 1437//1437
f 1437//1437 1439//1439 1395//1395
f 1360//1360 1437//1437 1434//1434
f 1360//1360 1362//1362 1437//1437
f 1362//1362 1441//1441 1437//1437
f 1443//1443 1437//1437 1441//1441
f 1439//1439 1437//1437 1443//1443
f 1445//1445 1395//1395 1439//1439
f 1415//1415 1395//1395 1445//1445
f 1447//1447 1415//1415 1445//1445
f 1399//1399 1415//1415 1447//1447
f 1449//1449 1439//1439 1443//1443
f 1445//1445 1439//1439 1449//1449
f 1451//1451 1445//1445 1449//1449
f 1447//1447 1445//1445 1451//1451
f 1365//1365 1441//1441 1362//1362
f 1365//1365 1443//1443 1441//1441
f 1365//1365 1245//1245 1443//1443
f 1245//1245 1285//1285 1443//1443
f 1199//1199 1449//1449 1286//1286
f 1449//1449 1443//1443 1286//1286
f 1443//1443 1285//1285 1286//1286
f 1199//1199 1218//1218 1449//1449
f 1220//1220 1449//1449 1218//1218
f 1220//1220 1451//1451 1449//1449
f 1220//1220 1223//1223 1451//1451
f 1388//1388 1410//1410 1368//1368
f 1368//1368 1353//1353 1388//1388
f 1252//1252 1368//1368 1293//1293
f 1368//1368 1410//1410 1293//1293
f 1410//1410 1295//1295 1293//1293
f 1607//1607 1242//1242 1243//1243
f 1647//1647 1242//1242 1607//1607
f 1244//1244 1608//1608 1243//1243
f 1608//1608 1607//1607 1243//1243
f 1244//1244 1650//1650 1608//1608
f 1650//1650 1599//1599 1608//1608
f 1650//1650 1244//1244 1246//1246
f 1650//1650 1602//1602 1599//1599
f 1650//1650 1653//1653 1602//1602
f 1653//1653 1605//1605 1602//1602
f 1628//1628 1583//1583 1654//1654
f 1583//1583 1653//1653 1654//1654
f 1583//1583 1605//1605 1653//1653
f 1653//1653 1246//1246 1250//1250
f 1650//1650 1246//1246 1653//1653
f 1654//1654 1250//1250 1253//1253
f 1653//1653 1250//1250 1654//1654
f 1654//1654 1656//1656 1631//1631
f 1631//1631 1628//1628 1654//1654
f 1591//1591 1631//1631 1620//1620
f 1631//1631 1656//1656 1620//1620
f 1656//1656 1623//1623 1620//1620
f 1257//1257 1654//1654 1253//1253
f 1257//1257 1656//1656 1654//1654
f 1257//1257 1658//1658 1656//1656
f 1660//1660 1656//1656 1658//1658
f 1623//1623 1656//1656 1660//1660
f 1658//1658 1257//1257 1260//1260
f 1660//1660 1260//1260 1263//1263
f 1658//1658 1260//1260 1660//1660
f 1268//1268 1266//1266 1663//1663
f 1665//1665 1268//1268 1663//1663
f 1665//1665 1270//1270 1268//1268
f 1665//1665 1667//1667 1270//1270
f 1271//1271 1270//1270 1667//1667
f 1634//1634 1669//1669 1665//1665
f 1669//1669 1667//1667 1665//1665
f 1634//1634 1636//1636 1669//1669
f 1669//1669 1271//1271 1667//1667
f 1669//1669 1272//1272 1271//1271
f 1669//1669 1670//1670 1272//1272
f 1609//1609 1669//1669 1636//1636
f 1636//1636 1585//1585 1609//1609
f 1611//1611 1669//1669 1609//1609
f 1611//1611 1670//1670 1669//1669
f 1611//1611 1613//1613 1670//1670
f 1273//1273 1272//1272 1670//1670
f 1613//1613 1492//1492 1670//1670
f 1492//1492 1502//1502 1670//1670
f 1502//1502 1273//1273 1670//1670
f 1502//1502 1274//1274 1273//1273
f 1502//1502 1504//1504 1274//1274
f 1235//1235 1274//1274 1504//1504
f 1275//1275 1238//1238 1509//1509
f 1513//1513 1276//1276 1511//1511
f 1276//1276 1275//1275 1511//1511
f 1275//1275 1509//1509 1511//1511
f 1660//1660 1624//1624 1623//1623
f 1660//1660 1514//1514 1624//1624
f 1514//1514 1497//1497 1624//1624
f 1497//1497 1625//1625 1624//1624
f 1660//1660 1517//1517 1514//1514
f 1517//1517 1263//1263 1277//1277
f 1660//1660 1263//1263 1517//1517
f 1278//1278 1518//1518 1277//1277
f 1518//1518 1517//1517 1277//1277
f 1278//1278 1519//1519 1518//1518
f 1279//1279 1526//1526 1278//1278
f 1526//1526 1519//1519 1278//1278
f 1279//1279 1527//1527 1526//1526
f 1280//1280 1530//1530 1279//1279
f 1530//1530 1527//1527 1279//1279
f 1280//1280 1531//1531 1530//1530
f 1523//1523 1673//1673 1521//1521
f 1673//1673 1276//1276 1521//1521
f 1276//1276 1513//1513 1521//1521
f 1673//1673 1281//1281 1276//1276
f 1282//1282 1281//1281 1673//1673
f 1531//1531 1674//1674 1529//1529
f 1674//1674 1673//1673 1529//1529
f 1673//1673 1523//1523 1529//1529
f 1283//1283 1673//1673 1674//1674
f 1282//1282 1673//1673 1283//1283
f 1531//1531 1280//1280 1284//1284
f 1284//1284 1674//1674 1531//1531
f 1284//1284 1283//1283 1674//1674
f 1680//1680 1906//1906 1679//1679
f 1680//1680 1908//1908 1906//1906
f 1680//1680 1910//1910 1908//1908
f 1913//1913 1908//1908 1910//1910
f 1912//1912 1908//1908 1913//1913
f 1910//1910 1680//1680 1682//1682
f 1913//1913 1682//1682 1683//1683
f 1910//1910 1682//1682 1913//1913
f 1915//1915 1912//1912 1913//1913
f 1847//1847 1912//1912 1915//1915
f 1915//1915 1849//1849 1847//1847
f 1915//1915 1917//1917 1849//1849
f 1917//1917 1851//1851 1849//1849
f 1915//1915 1683//1683 1684//1684
f 1913//1913 1683//1683 1915//1915
f 1917//1917 1684//1684 1686//1686
f 1915//1915 1684//1684 1917//1917
f 1917//1917 1853//1853 1851//1851
f 1917//1917 1919//1919 1853//1853
f 1919//1919 1855//1855 1853//1853
f 1919//1919 1858//1858 1855//1855
f 1919//1919 1885//1885 1858//1858
f 1885//1885 1860//1860 1858//1858
f 1919//1919 1788//1788 1885//1885
f 1919//1919 1806//1806 1788//1788
f 1919//1919 1686//1686 1687//1687
f 1917//1917 1686//1686 1919//1919
f 1806//1806 1687//1687 1688//1688
f 1919//1919 1687//1687 1806//1806
f 1866//1866 1779//1779 1864//1864
f 1779//1779 1799//1799 1864//1864
f 1799//1799 1777//1777 1864//1864
f 1799//1799 1692//1692 1777//1777
f 1692//1692 1690//1690 1777//1777
f 1690//1690 1797//1797 1777//1777
f 1799//1799 1800//1800 1692//1692
f 1694//1694 1692//1692 1800//1800
f 1802//1802 1923//1923 1801//1801
f 1923//1923 1695//1695 1801//1801
f 1695//1695 1694//1694 1801//1801
f 1694//1694 1800//1800 1801//1801
f 1696//1696 1695//1695 1923//1923
f 1879//1879 1925//1925 1784//1784
f 1925//1925 1803//1803 1784//1784
f 1925//1925 1923//1923 1803//1803
f 1923//1923 1802//1802 1803//1803
f 1698//1698 1923//1923 1925//1925
f 1696//1696 1923//1923 1698//1698
f 1805//1805 1927//1927 1804//1804
f 1927//1927 1925//1925 1804//1804
f 1925//1925 1785//1785 1804//1804
f 1925//1925 1879//1879 1785//1785
f 1699//1699 1925//1925 1927//1927
f 1698//1698 1925//1925 1699//1699
f 1701//1701 1807//1807 1688//1688
f 1807//1807 1806//1806 1688//1688
f 1701//1701 1808//1808 1807//1807
f 1702//1702 1809//1809 1701//1701
f 1809//1809 1808//1808 1701//1701
f 1702//1702 1810//1810 1809//1809
f 1704//1704 1811//1811 1702//1702
f 1811//1811 1810//1810 1702//1702
f 1704//1704 1812//1812 1811//1811
f 1704//1704 1929//1929 1812//1812
f 1929//1929 1815//1815 1812//1812
f 1929//1929 1706//1706 1815//1815
f 1706//1706 1705//1705 1815//1815
f 1705//1705 1816//1816 1815//1815
f 1929//1929 1704//1704 1707//1707
f 1707//1707 1706//1706 1929//1929
f 1816//1816 1932//1932 1814//1814
f 1932//1932 1927//1927 1814//1814
f 1927//1927 1805//1805 1814//1814
f 1699//1699 1927//1927 1932//1932
f 1932//1932 1709//1709 1699//1699
f 1816//1816 1705//1705 1711//1711
f 1711//1711 1932//1932 1816//1816
f 1711//1711 1709//1709 1932//1932
f 1995//1995 1350//1350 2023//2023
f 1995//1995 1978//1978 1350//1350
f 1978//1978 1347//1347 1350//1350
f 1995//1995 2025//2025 1999//1999
f 2023//2023 2025//2025 1995//1995
f 1999//1999 2025//2025 1979//1979
f 2007//2007 2026//2026 2003//2003
f 2008//2008 2026//2026 2007//2007
f 2027//2027 2026//2026 2008//2008
f 2010//2010 2028//2028 2009//2009
f 2008//2008 2009//2009 2027//2027
f 2009//2009 2028//2028 2027//2027
f 2028//2028 2029//2029 2027//2027
f 2031//2031 2028//2028 2010//2010
f 2010//2010 2011//2011 2031//2031
f 2029//2029 2028//2028 2031//2031
f 2031//2031 2039//2039 2029//2029
f 2040//2040 2031//2031 2011//2011
f 2011//2011 2012//2012 2040//2040
f 2041//2041 2031//2031 2040//2040
f 2039//2039 2031//2031 2041//2041
f 2020//2020 2040//2040 2012//2012
f 2012//2012 1981//1981 2020//2020
f 2020//2020 1353//1353 2040//2040
f 1353//1353 2041//2041 2040//2040
f 2020//2020 1356//1356 1353//1353
f 2016//2016 2042//2042 2013//2013
f 2013//2013 2043//2043 2017//2017
f 2042//2042 2043//2043 2013//2013
f 2018//2018 2042//2042 2016//2016
f 2044//2044 2042//2042 2018//2018
f 2043//2043 2042//2042 2044//2044
f 2044//2044 2045//2045 2043//2043
f 2015//2015 2043//2043 2038//2038
f 2043//2043 2046//2046 2038//2038
f 2015//2015 2017//2017 2043//2043
f 2046//2046 1357//1357 2038//2038
f 1357//1357 2037//2037 2038//2038
f 2046//2046 1358//1358 1357//1357
f 2046//2046 2043//2043 2045//2045
f 2045//2045 2047//2047 2046//2046
f 2047//2047 1360//1360 2046//2046
f 1360//1360 1358//1358 2046//2046
f 2047//2047 2048//2048 1360//1360
f 2018//2018 2003//2003 2044//2044
f 2003//2003 2026//2026 2044//2044
f 2026//2026 2050//2050 2044//2044
f 2045//2045 2044//2044 2050//2050
f 2050//2050 1951//1951 2045//2045
f 2050//2050 2026//2026 2027//2027
f 2027//2027 2052//2052 2050//2050
f 2052//2052 1953//1953 2050//2050
f 1953//1953 1951//1951 2050//2050
f 2052//2052 1957//1957 1953//1953
f 1952//1952 2045//2045 1951//1951
f 1952//1952 2047//2047 2045//2045
f 1952//1952 1956//1956 2047//2047
f 1958//1958 2047//2047 1956//1956
f 1958//1958 2048//2048 2047//2047
f 1958//1958 1959//1959 2048//2048
f 1357//1357 1348//1348 2037//2037
f 1362//1362 1360//1360 2048//2048
f 1960//1960 2048//2048 1959//1959
f 1960//1960 1362//1362 2048//2048
f 1960//1960 1365//1365 1362//1362
f 1960//1960 1629//1629 1365//1365
f 1629//1629 1646//1646 1365//1365
f 1365//1365 1646//1646 1648//1648
f 1648//1648 1245//1245 1365//1365
f 2055//2055 2027//2027 2029//2029
f 2052//2052 2027//2027 2055//2055
f 2055//2055 1964//1964 2052//2052
f 1964//1964 1957//1957 2052//2052
f 2055//2055 1965//1965 1964//1964
f 2055//2055 2029//2029 2039//2039
f 2039//2039 2057//2057 2055//2055
f 2057//2057 1966//1966 2055//2055
f 1966//1966 1965//1965 2055//2055
f 2057//2057 1967//1967 1966//1966
f 2059//2059 2039//2039 2041//2041
f 2057//2057 2039//2039 2059//2059
f 2059//2059 1637//1637 2057//2057
f 1637//1637 1969//1969 2057//2057
f 1969//1969 1967//1967 2057//2057
f 2059//2059 1657//1657 1637//1637
f 2041//2041 1353//1353 1368//1368
f 1368//1368 2059//2059 2041//2041
f 1657//1657 1368//1368 1252//1252
f 2059//2059 1368//1368 1657//1657
f 2551//2551 2567//2567 2552//2552
f 2565//2565 2567//2567 2551//2551
f 2567//2567 2569//2569 2554//2554
f 2554//2554 2552//2552 2567//2567
f 2567//2567 2163//2163 2165//2165
f 2565//2565 2163//2163 2567//2567
f 2569//2569 2165//2165 2167//2167
f 2567//2567 2165//2165 2569//2569
f 2554//2554 2570//2570 2556//2556
f 2569//2569 2570//2570 2554//2554
f 2502//2502 2538//2538 2513//2513
f 2538//2538 2515//2515 2513//2513
f 2502//2502 2570//2570 2538//2538
f 2570//2570 2541//2541 2538//2538
f 2502//2502 2556//2556 2570//2570
f 2570//2570 2167//2167 2170//2170
f 2569//2569 2167//2167 2570//2570
f 2171//2171 2541//2541 2170//2170
f 2541//2541 2570//2570 2170//2170
f 2171//2171 2571//2571 2541//2541
f 2571//2571 2171//2171 2173//2173
f 2571//2571 2295//2295 2541//2541
f 2571//2571 2326//2326 2295//2295
f 2571//2571 2573//2573 2326//2326
f 2573//2573 2327//2327 2326//2326
f 2573//2573 2328//2328 2327//2327
f 2573//2573 2574//2574 2328//2328
f 2574//2574 2329//2329 2328//2328
f 2574//2574 2331//2331 2329//2329
f 2574//2574 2177//2177 2331//2331
f 2177//2177 2332//2332 2331//2331
f 2177//2177 2175//2175 2332//2332
f 2179//2179 2334//2334 2175//2175
f 2334//2334 2332//2332 2175//2175
f 2179//2179 2307//2307 2334//2334
f 2573//2573 2173//2173 2181//2181
f 2571//2571 2173//2173 2573//2573
f 2573//2573 2181//2181 2183//2183
f 2183//2183 2574//2574 2573//2573
f 2183//2183 2177//2177 2574//2574
f 2335//2335 2320//2320 2322//2322
f 2335//2335 2184//2184 2320//2320
f 2184//2184 2319//2319 2320//2320
f 2335//2335 2185//2185 2184//2184
f 2335//2335 2337//2337 2185//2185
f 2115//2115 2185//2185 2337//2337
f 2188//2188 2310//2310 2179//2179
f 2310//2310 2307//2307 2179//2179
f 2188//2188 2312//2312 2310//2310
f 2188//2188 2125//2125 2312//2312
f 3015//3015 3043//3043 3045//3045
f 3045//3045 3046//3046 3015//3015
f 3046//3046 3016//3016 3015//3015
f 3046//3046 3048//3048 3016//3016
f 3048//3048 2946//2946 3016//3016
f 3051//3051 3045//3045 3049//3049
f 3046//3046 3045//3045 3051//3051
f 3052//3052 3046//3046 3051//3051
f 3048//3048 3046//3046 3052//3052
f 3048//3048 2948//2948 2946//2946
f 3048//3048 2876//2876 2948//2948
f 2876//2876 2827//2827 2948//2948
f 2876//2876 2859//2859 2827//2827
f 3048//3048 2881//2881 2876//2876
f 3054//3054 3048//3048 3052//3052
f 2881//2881 3048//3048 3054//3054
f 3054//3054 2882//2882 2881//2881
f 3054//3054 2889//2889 2882//2882
f 2889//2889 2883//2883 2882//2882
f 3054//3054 2892//2892 2889//2889
f 3051//3051 3049//3049 3055//3055
f 3055//3055 3056//3056 3051//3051
f 3052//3052 3051//3051 3056//3056
f 3056//3056 3057//3057 3052//3052
f 3056//3056 3055//3055 3059//3059
f 3059//3059 3060//3060 3056//3056
f 3057//3057 3056//3056 3060//3060
f 3060//3060 3061//3061 3057//3057
f 3062//3062 3052//3052 3057//3057
f 3054//3054 3052//3052 3062//3062
f 2892//2892 3054//3054 3062//3062
f 3062//3062 3064//3064 2892//2892
f 3065//3065 3057//3057 3061//3061
f 3062//3062 3057//3057 3065//3065
f 3065//3065 2793//2793 3062//3062
f 2793//2793 2792//2792 3062//3062
f 2792//2792 3064//3064 3062//3062
f 3064//3064 2795//2795 2892//2892
f 2795//2795 2893//2893 2892//2892
f 2795//2795 2794//2794 2893//2893
f 2794//2794 2894//2894 2893//2893
f 2794//2794 2736//2736 2894//2894
f 2792//2792 2795//2795 3064//3064
f 3310//3310 3358//3358 3312//3312
f 3313//3313 3312//3312 1995//1995
f 3312//3312 3358//3358 1995//1995
f 3358//3358 1978//1978 1995//1995
f 1995//1995 1999//1999 3315//3315
f 3315//3315 3313//3313 1995//1995
f 3315//3315 1999//1999 1979//1979
f 3322//3322 3363//3363 3320//3320
f 3325//3325 3363//3363 3322//3322
f 3365//3365 3363//3363 3325//3325
f 3327//3327 3367//3367 3326//3326
f 3325//3325 2003//2003 3365//3365
f 3325//3325 2007//2007 2003//2003
f 3325//3325 3326//3326 2007//2007
f 3326//3326 3367//3367 2007//2007
f 3329//3329 3367//3367 3327//3327
f 3369//3369 3367//3367 3329//3329
f 2007//2007 3367//3367 3369//3369
f 3369//3369 2008//2008 2007//2007
f 3332//3332 3370//3370 3330//3330
f 3329//3329 2009//2009 3369//3369
f 3329//3329 2010//2010 2009//2009
f 3329//3329 3333//3333 2010//2010
f 2009//2009 2008//2008 3369//3369
f 3333//3333 3330//3330 2010//2010
f 3330//3330 2011//2011 2010//2010
f 3330//3330 3370//3370 2011//2011
f 3335//3335 3370//3370 3332//3332
f 3371//3371 3370//3370 3335//3335
f 3356//3356 3371//3371 3335//3335
f 3335//3335 3318//3318 3356//3356
f 2011//2011 3370//3370 3371//3371
f 3371//3371 2012//2012 2011//2011
f 2012//2012 3371//3371 3356//3356
f 3356//3356 1981//1981 2012//2012
f 3336//3336 3363//3363 2013//2013
f 3363//3363 2016//2016 2013//2013
f 3336//3336 3320//3320 3363//3363
f 3307//3307 2013//2013 3368//3368
f 2013//2013 2017//2017 3368//3368
f 3307//3307 3336//3336 2013//2013
f 2016//2016 3363//3363 3365//3365
f 3365//3365 2018//2018 2016//2016
f 2017//2017 2015//2015 3368//3368
f 2003//2003 2018//2018 3365//3365
f 3377//3377 3376//3376 3425//3425
f 3376//3376 3310//3310 3425//3425
f 3310//3310 3312//3312 3425//3425
f 3377//3377 3425//3425 3379//3379
f 3425//3425 3312//3312 3313//3313
f 3380//3380 3379//3379 3315//3315
f 3379//3379 3425//3425 3315//3315
f 3425//3425 3313//3313 3315//3315
f 3415//3415 3320//3320 3414//3414
f 3322//3322 3320//3320 3415//3415
f 3418//3418 3428//3428 3417//3417
f 3415//3415 3325//3325 3322//3322
f 3415//3415 3428//3428 3325//3325
f 3415//3415 3417//3417 3428//3428
f 3418//3418 3419//3419 3428//3428
f 3419//3419 3326//3326 3428//3428
f 3419//3419 3327//3327 3326//3326
f 3326//3326 3325//3325 3428//3428
f 3329//3329 3327//3327 3419//3419
f 3419//3419 3420//3420 3329//3329
f 3422//3422 3431//3431 3421//3421
f 3422//3422 3423//3423 3431//3431
f 3423//3423 3330//3330 3431//3431
f 3423//3423 3332//3332 3330//3330
f 3420//3420 3421//3421 3329//3329
f 3421//3421 3431//3431 3329//3329
f 3431//3431 3333//3333 3329//3329
f 3330//3330 3333//3333 3431//3431
f 3335//3335 3332//3332 3423//3423
f 3423//3423 3424//3424 3335//3335
f 3378//3378 3335//3335 3424//3424
f 3318//3318 3335//3335 3378//3378
f 3383//3383 3414//3414 3429//3429
f 3414//3414 3320//3320 3429//3429
f 3320//3320 3336//3336 3429//3429
f 3336//3336 3307//3307 3429//3429
f 1027//1027 1043//1043 1006//1006
f 1006//1006 1043//1043 1028//1028
f 1030//1030 1106//1106 1029//1029
f 1110//1110 1106//1106 1030//1030
f 1030//1030 1031//1031 1110//1110
f 1027//1027 1115//1115 1043//1043
f 1027//1027 1029//1029 1115//1115
f 1029//1029 1106//1106 1115//1115
f 1032//1032 1028//1028 1119//1119
f 1028//1028 1115//1115 1119//1119
f 1028//1028 1043//1043 1115//1115
f 1123//1123 1106//1106 1110//1110
f 1115//1115 1106//1106 1123//1123
f 1126//1126 1115//1115 1123//1123
f 1119//1119 1115//1115 1126//1126
f 1032//1032 1133//1133 1033//1033
f 1119//1119 1133//1133 1032//1032
f 1033//1033 1138//1138 1034//1034
f 1133//1133 1138//1138 1033//1033
f 1133//1133 1119//1119 1126//1126
f 1126//1126 1143//1143 1133//1133
f 1138//1138 1133//1133 1143//1143
f 1143//1143 1042//1042 1138//1138
f 1034//1034 1138//1138 1035//1035
f 1036//1036 1042//1042 1044//1044
f 1036//1036 1035//1035 1042//1042
f 1035//1035 1138//1138 1042//1042
f 1036//1036 1044//1044 977//977
f 1171//1171 1110//1110 1031//1031
f 1031//1031 1037//1037 1171//1171
f 1039//1039 1180//1180 1038//1038
f 1037//1037 1038//1038 1171//1171
f 1038//1038 1181//1181 1171//1171
f 1038//1038 1180//1180 1181//1181
f 1182//1182 1110//1110 1171//1171
f 1123//1123 1110//1110 1182//1182
f 1184//1184 1123//1123 1182//1182
f 1126//1126 1123//1123 1184//1184
f 1185//1185 1171//1171 1181//1181
f 1182//1182 1171//1171 1185//1185
f 1053//1053 1182//1182 1185//1185
f 1184//1184 1182//1182 1053//1053
f 1186//1186 1180//1180 1039//1039
f 1039//1039 1040//1040 1186//1186
f 1187//1187 1180//1180 1186//1186
f 1181//1181 1180//1180 1187//1187
f 1188//1188 1186//1186 1040//1040
f 1040//1040 1041//1041 1188//1188
f 1189//1189 1186//1186 1188//1188
f 1187//1187 1186//1186 1189//1189
f 1190//1190 1181//1181 1187//1187
f 1185//1185 1181//1181 1190//1190
f 1056//1056 1185//1185 1190//1190
f 1053//1053 1185//1185 1056//1056
f 1191//1191 1187//1187 1189//1189
f 1190//1190 1187//1187 1191//1191
f 1061//1061 1190//1190 1191//1191
f 1056//1056 1190//1190 1061//1061
f 1143//1143 1126//1126 1184//1184
f 1184//1184 1192//1192 1143//1143
f 1042//1042 1143//1143 1192//1192
f 1192//1192 1045//1045 1042//1042
f 1054//1054 1184//1184 1053//1053
f 1192//1192 1184//1184 1054//1054
f 1045//1045 1192//1192 1054//1054
f 1054//1054 1048//1048 1045//1045
f 1389//1389 1388//1388 1356//1356
f 1356//1356 1361//1361 1389//1389
f 1392//1392 1389//1389 1361//1361
f 1361//1361 1363//1363 1392//1392
f 1396//1396 1392//1392 1363//1363
f 1363//1363 1366//1366 1396//1396
f 1397//1397 1396//1396 1366//1366
f 1366//1366 1367//1367 1397//1397
f 1370//1370 1397//1397 1367//1367
f 1402//1402 1397//1397 1370//1370
f 1371//1371 1402//1402 1370//1370
f 1404//1404 1402//1402 1371//1371
f 1372//1372 1404//1404 1371//1371
f 1405//1405 1404//1404 1372//1372
f 1373//1373 1405//1405 1372//1372
f 1407//1407 1405//1405 1373//1373
f 1411//1411 1388//1388 1389//1389
f 1410//1410 1388//1388 1411//1411
f 1413//1413 1410//1410 1411//1411
f 1295//1295 1410//1410 1413//1413
f 1414//1414 1389//1389 1392//1392
f 1411//1411 1389//1389 1414//1414
f 1416//1416 1411//1411 1414//1414
f 1413//1413 1411//1411 1416//1416
f 1413//1413 1296//1296 1295//1295
f 1413//1413 1210//1210 1296//1296
f 1210//1210 1305//1305 1296//1296
f 1305//1305 1297//1297 1296//1296
f 1413//1413 1229//1229 1210//1210
f 1416//1416 1027//1027 1413//1413
f 1027//1027 1229//1229 1413//1413
f 1027//1027 1006//1006 1229//1229
f 1028//1028 1231//1231 1006//1006
f 1231//1231 1229//1229 1006//1006
f 1028//1028 1450//1450 1231//1231
f 1450//1450 1232//1232 1231//1231
f 1456//1456 1392//1392 1396//1396
f 1414//1414 1392//1392 1456//1456
f 1456//1456 1030//1030 1414//1414
f 1030//1030 1029//1029 1414//1414
f 1029//1029 1416//1416 1414//1414
f 1462//1462 1396//1396 1397//1397
f 1456//1456 1396//1396 1462//1462
f 1030//1030 1456//1456 1462//1462
f 1462//1462 1031//1031 1030//1030
f 1029//1029 1027//1027 1416//1416
f 1450//1450 1028//1028 1032//1032
f 1450//1450 1234//1234 1232//1232
f 1450//1450 1464//1464 1234//1234
f 1464//1464 1219//1219 1234//1234
f 1464//1464 1200//1200 1219//1219
f 1464//1464 1294//1294 1200//1200
f 1464//1464 1466//1466 1294//1294
f 1466//1466 1298//1298 1294//1294
f 1466//1466 1301//1301 1298//1298
f 1466//1466 1308//1308 1301//1301
f 1308//1308 1304//1304 1301//1301
f 1466//1466 1202//1202 1308//1308
f 1466//1466 1222//1222 1202//1202
f 1464//1464 1032//1032 1033//1033
f 1450//1450 1032//1032 1464//1464
f 1466//1466 1033//1033 1034//1034
f 1464//1464 1033//1033 1466//1466
f 1035//1035 1466//1466 1034//1034
f 1035//1035 1222//1222 1466//1466
f 1035//1035 1469//1469 1222//1222
f 1469//1469 1205//1205 1222//1222
f 1469//1469 1312//1312 1205//1205
f 1469//1469 1421//1421 1312//1312
f 1421//1421 1313//1313 1312//1312
f 1469//1469 1035//1035 1036//1036
f 977//977 1421//1421 1036//1036
f 1421//1421 1469//1469 1036//1036
f 977//977 1426//1426 1421//1421
f 1471//1471 1397//1397 1402//1402
f 1462//1462 1397//1397 1471//1471
f 1031//1031 1462//1462 1471//1471
f 1471//1471 1037//1037 1031//1031
f 1404//1404 1038//1038 1402//1402
f 1038//1038 1471//1471 1402//1402
f 1404//1404 1039//1039 1038//1038
f 1038//1038 1037//1037 1471//1471
f 1039//1039 1404//1404 1405//1405
f 1405//1405 1040//1040 1039//1039
f 1040//1040 1405//1405 1407//1407
f 1407//1407 1041//1041 1040//1040
f 2035//2035 2020//2020 1981//1981
f 1981//1981 1982//1982 2035//2035
f 1356//1356 2020//2020 2035//2035
f 2035//2035 1361//1361 1356//1356
f 1983//1983 2035//2035 1982//1982
f 2049//2049 2035//2035 1983//1983
f 1361//1361 2035//2035 2049//2049
f 2049//2049 1363//1363 1361//1361
f 1984//1984 2049//2049 1983//1983
f 2051//2051 2049//2049 1984//1984
f 1363//1363 2049//2049 2051//2051
f 2051//2051 1366//1366 1363//1363
f 1985//1985 2051//2051 1984//1984
f 2053//2053 2051//2051 1985//1985
f 1367//1367 2051//2051 2053//2053
f 1366//1366 2051//2051 1367//1367
f 1989//1989 2053//2053 1985//1985
f 2054//2054 2053//2053 1989//1989
f 1370//1370 2053//2053 2054//2054
f 1367//1367 2053//2053 1370//1370
f 1991//1991 2054//2054 1989//1989
f 2056//2056 2054//2054 1991//1991
f 1371//1371 2054//2054 2056//2056
f 1370//1370 2054//2054 1371//1371
f 1993//1993 2056//2056 1991//1991
f 2058//2058 2056//2056 1993//1993
f 1372//1372 2056//2056 2058//2058
f 1371//1371 2056//2056 1372//1372
f 1996//1996 2058//2058 1993//1993
f 2060//2060 2058//2058 1996//1996
f 1373//1373 2058//2058 2060//2060
f 1372//1372 2058//2058 1373//1373
f 3319//3319 3356//3356 3318//3318
f 3357//3357 3356//3356 3319//3319
f 3324//3324 3357//3357 3319//3319
f 3374//3374 3357//3357 3324//3324
f 1982//1982 3356//3356 3357//3357
f 1981//1981 3356//3356 1982//1982
f 1983//1983 3357//3357 3374//3374
f 1982//1982 3357//3357 1983//1983
f 3328//3328 3374//3374 3324//3324
f 3328//3328 1983//1983 3374//3374
f 3328//3328 1984//1984 1983//1983
f 3328//3328 3331//3331 1984//1984
f 3334//3334 1984//1984 3331//3331
f 1985//1985 1984//1984 3334//3334
f 3337//3337 1985//1985 3334//3334
f 1989//1989 1985//1985 3337//3337
f 3338//3338 1989//1989 3337//3337
f 1991//1991 1989//1989 3338//3338
f 3339//3339 1991//1991 3338//3338
f 1993//1993 1991//1991 3339//3339
f 3340//3340 1993//1993 3339//3339
f 1996//1996 1993//1993 3340//3340
f 3382//3382 3318//3318 3378//3378
f 3319//3319 3318//3318 3382//3382
f 3385//3385 3319//3319 3382//3382
f 3324//3324 3319//3319 3385//3385
f 3385//3385 3328//3328 3324//3324
f 3385//3385 3426//3426 3328//3328
f 3385//3385 3386//3386 3426//3426
f 3430//3430 3426//3426 3386//3386
f 3386//3386 3400//3400 3430//3430
f 3331//3331 3328//3328 3426//3426
f 3334//3334 3426//3426 3430//3430
f 3331//3331 3426//3426 3334//3334
f 3403//3403 3430//3430 3400//3400
f 3403//3403 3334//3334 3430//3430
f 3403//3403 3337//3337 3334//3334
f 3403//3403 3405//3405 3337//3337
f 3407//3407 3337//3337 3405//3405
f 3338//3338 3337//3337 3407//3407
f 3409//3409 3338//3338 3407//3407
f 3339//3339 3338//3338 3409//3409
f 3411//3411 3339//3339 3409//3409
f 3340//3340 3339//3339 3411//3411
f 887//887 911//911 886//886
f 911//911 913//913 888//888
f 888//888 886//886 911//911
f 888//888 915//915 889//889
f 913//913 915//915 888//888
f 889//889 915//915 890//890
f 894//894 916//916 892//892
f 916//916 917//917 895//895
f 895//895 892//892 916//916
f 919//919 916//916 894//894
f 894//894 896//896 919//919
f 920//920 916//916 919//919
f 917//917 916//916 920//920
f 921//921 919//919 896//896
f 896//896 898//898 921//921
f 922//922 919//919 921//921
f 920//920 919//919 922//922
f 923//923 921//921 898//898
f 898//898 899//899 923//923
f 926//926 921//921 923//923
f 922//922 921//921 926//926
f 895//895 929//929 901//901
f 917//917 929//929 895//895
f 901//901 929//929 902//902
f 931//931 917//917 920//920
f 929//929 917//917 931//931
f 884//884 902//902 933//933
f 902//902 931//931 933//933
f 902//902 929//929 931//931
f 1044//1044 1042//1042 1045//1045
f 1045//1045 1046//1046 1044//1044
f 980//980 977//977 1047//1047
f 977//977 1044//1044 1047//1047
f 1044//1044 1046//1046 1047//1047
f 1046//1046 1045//1045 1048//1048
f 1048//1048 1049//1049 1046//1046
f 1047//1047 1046//1046 1049//1049
f 1049//1049 1051//1051 1047//1047
f 1057//1057 1053//1053 1056//1056
f 1054//1054 1053//1053 1057//1057
f 1048//1048 1054//1054 1057//1057
f 1057//1057 1059//1059 1048//1048
f 1061//1061 887//887 1056//1056
f 887//887 1057//1057 1056//1056
f 887//887 886//886 1057//1057
f 1057//1057 886//886 888//888
f 888//888 1059//1059 1057//1057
f 1049//1049 1048//1048 1059//1059
f 1059//1059 1064//1064 1049//1049
f 1051//1051 1049//1049 1064//1064
f 1064//1064 1065//1065 1051//1051
f 1064//1064 888//888 889//889
f 1059//1059 888//888 1064//1064
f 890//890 1064//1064 889//889
f 890//890 1065//1065 1064//1064
f 890//890 1066//1066 1065//1065
f 984//984 1067//1067 982//982
f 979//979 1068//1068 1050//1050
f 979//979 1067//1067 1068//1068
f 979//979 982//982 1067//1067
f 1069//1069 1067//1067 984//984
f 984//984 986//986 1069//1069
f 1070//1070 1067//1067 1069//1069
f 1068//1068 1067//1067 1070//1070
f 1071//1071 1050//1050 1068//1068
f 1052//1052 1050//1050 1071//1071
f 1072//1072 1052//1052 1071//1071
f 1055//1055 1052//1052 1072//1072
f 1073//1073 1068//1068 1070//1070
f 1071//1071 1068//1068 1073//1073
f 1074//1074 1071//1071 1073//1073
f 1072//1072 1071//1071 1074//1074
f 1075//1075 1069//1069 986//986
f 986//986 989//989 1075//1075
f 1076//1076 1069//1069 1075//1075
f 1070//1070 1069//1069 1076//1076
f 990//990 1075//1075 989//989
f 1076//1076 1075//1075 990//990
f 990//990 991//991 1076//1076
f 1077//1077 1070//1070 1076//1076
f 1073//1073 1070//1070 1077//1077
f 1078//1078 1073//1073 1077//1077
f 1074//1074 1073//1073 1078//1078
f 991//991 992//992 1076//1076
f 992//992 1077//1077 1076//1076
f 992//992 1079//1079 1077//1077
f 1080//1080 1077//1077 1079//1079
f 1078//1078 1077//1077 1080//1080
f 1081//1081 1055//1055 1072//1072
f 1058//1058 1055//1055 1081//1081
f 1082//1082 1058//1058 1081//1081
f 1060//1060 1058//1058 1082//1082
f 1083//1083 1072//1072 1074//1074
f 1081//1081 1072//1072 1083//1083
f 1084//1084 1081//1081 1083//1083
f 1082//1082 1081//1081 1084//1084
f 1062//1062 1060//1060 1082//1082
f 1082//1082 1085//1085 1062//1062
f 1063//1063 1062//1062 1085//1085
f 1085//1085 1086//1086 1063//1063
f 1087//1087 1082//1082 1084//1084
f 1085//1085 1082//1082 1087//1087
f 1086//1086 1085//1085 1087//1087
f 1087//1087 1088//1088 1086//1086
f 1089//1089 1074//1074 1078//1078
f 1083//1083 1074//1074 1089//1089
f 1090//1090 1083//1083 1089//1089
f 1084//1084 1083//1083 1090//1090
f 1091//1091 1078//1078 1080//1080
f 1089//1089 1078//1078 1091//1091
f 1092//1092 1089//1089 1091//1091
f 1090//1090 1089//1089 1092//1092
f 1093//1093 1084//1084 1090//1090
f 1087//1087 1084//1084 1093//1093
f 1094//1094 1087//1087 1093//1093
f 1088//1088 1087//1087 1094//1094
f 1095//1095 1090//1090 1092//1092
f 1093//1093 1090//1090 1095//1095
f 1096//1096 1093//1093 1095//1095
f 1094//1094 1093//1093 1096//1096
f 993//993 1079//1079 992//992
f 993//993 1080//1080 1079//1079
f 993//993 994//994 1080//1080
f 994//994 1097//1097 1080//1080
f 995//995 1097//1097 994//994
f 1098//1098 1080//1080 1097//1097
f 1091//1091 1080//1080 1098//1098
f 1099//1099 1091//1091 1098//1098
f 1092//1092 1091//1091 1099//1099
f 1098//1098 1097//1097 995//995
f 995//995 997//997 1098//1098
f 997//997 1099//1099 1098//1098
f 997//997 998//998 1099//1099
f 998//998 1100//1100 1099//1099
f 1101//1101 1092//1092 1099//1099
f 1095//1095 1092//1092 1101//1101
f 1102//1102 1095//1095 1101//1101
f 1096//1096 1095//1095 1102//1102
f 1103//1103 1099//1099 1100//1100
f 1101//1101 1099//1099 1103//1103
f 1104//1104 1101//1101 1103//1103
f 1102//1102 1101//1101 1104//1104
f 1000//1000 1100//1100 998//998
f 1000//1000 1103//1103 1100//1100
f 1000//1000 1002//1002 1103//1103
f 1002//1002 1107//1107 1103//1103
f 1109//1109 1103//1103 1107//1107
f 1104//1104 1103//1103 1109//1109
f 1004//1004 1107//1107 1002//1002
f 1004//1004 1109//1109 1107//1107
f 1004//1004 987//987 1109//1109
f 987//987 1112//1112 1109//1109
f 1014//1014 1063//1063 1114//1114
f 1063//1063 1086//1086 1114//1114
f 1014//1014 1009//1009 1063//1063
f 1014//1014 1116//1116 1015//1015
f 1114//1114 1116//1116 1014//1014
f 1114//1114 1086//1086 1088//1088
f 1088//1088 1117//1117 1114//1114
f 1116//1116 1114//1114 1117//1117
f 1117//1117 1118//1118 1116//1116
f 1015//1015 1120//1120 1018//1018
f 1116//1116 1120//1120 1015//1015
f 1018//1018 1120//1120 1020//1020
f 1120//1120 1116//1116 1118//1118
f 1118//1118 1121//1121 1120//1120
f 1021//1021 1020//1020 1124//1124
f 1020//1020 1121//1121 1124//1124
f 1020//1020 1120//1120 1121//1121
f 1127//1127 1088//1088 1094//1094
f 1117//1117 1088//1088 1127//1127
f 1118//1118 1117//1117 1127//1127
f 1127//1127 1129//1129 1118//1118
f 1130//1130 1094//1094 1096//1096
f 1127//1127 1094//1094 1130//1130
f 1132//1132 1127//1127 1130//1130
f 1129//1129 1127//1127 1132//1132
f 1121//1121 1118//1118 1129//1129
f 1129//1129 1135//1135 1121//1121
f 1124//1124 1121//1121 1135//1135
f 1135//1135 1137//1137 1124//1124
f 1135//1135 1129//1129 1132//1132
f 1132//1132 1140//1140 1135//1135
f 1137//1137 1135//1135 1140//1140
f 1140//1140 1142//1142 1137//1137
f 1021//1021 1156//1156 1023//1023
f 1124//1124 1156//1156 1021//1021
f 1023//1023 1156//1156 1024//1024
f 1156//1156 1124//1124 1137//1137
f 1137//1137 1159//1159 1156//1156
f 1025//1025 1024//1024 1161//1161
f 1024//1024 1159//1159 1161//1161
f 1024//1024 1156//1156 1159//1159
f 1159//1159 1137//1137 1142//1142
f 1142//1142 1163//1163 1159//1159
f 1161//1161 1159//1159 1163//1163
f 1163//1163 1105//1105 1161//1161
f 1025//1025 1166//1166 1026//1026
f 1161//1161 1166//1166 1025//1025
f 1166//1166 1161//1161 1105//1105
f 1105//1105 1108//1108 1166//1166
f 1169//1169 1096//1096 1102//1102
f 1130//1130 1096//1096 1169//1169
f 1193//1193 1130//1130 1169//1169
f 1132//1132 1130//1130 1193//1193
f 1194//1194 1102//1102 1104//1104
f 1169//1169 1102//1102 1194//1194
f 1195//1195 1169//1169 1194//1194
f 1193//1193 1169//1169 1195//1195
f 1193//1193 894//894 1132//1132
f 894//894 892//892 1132//1132
f 892//892 1140//1140 1132//1132
f 1140//1140 892//892 895//895
f 895//895 1142//1142 1140//1140
f 894//894 1193//1193 1195//1195
f 1195//1195 896//896 894//894
f 1196//1196 1104//1104 1109//1109
f 1194//1194 1104//1104 1196//1196
f 1197//1197 1194//1194 1196//1196
f 1195//1195 1194//1194 1197//1197
f 1170//1170 1109//1109 1112//1112
f 1196//1196 1109//1109 1170//1170
f 1173//1173 1196//1196 1170//1170
f 1197//1197 1196//1196 1173//1173
f 898//898 1195//1195 1197//1197
f 896//896 1195//1195 898//898
f 899//899 1197//1197 1173//1173
f 898//898 1197//1197 899//899
f 1163//1163 895//895 901//901
f 1142//1142 895//895 1163//1163
f 902//902 1163//1163 901//901
f 902//902 1105//1105 1163//1163
f 902//902 1111//1111 1105//1105
f 1111//1111 902//902 884//884
f 1426//1426 977//977 980//980
f 1447//1447 984//984 1399//1399
f 984//984 982//982 1399//1399
f 982//982 1400//1400 1399//1399
f 982//982 979//979 1400//1400
f 984//984 1447//1447 1451//1451
f 1451//1451 986//986 984//984
f 989//989 1451//1451 1223//1223
f 986//986 1451//1451 989//989
f 1226//1226 1224//1224 1225//1225
f 1226//1226 989//989 1224//1224
f 989//989 1223//1223 1224//1224
f 1226//1226 990//990 989//989
f 1226//1226 1227//1227 990//990
f 1472//1472 990//990 1227//1227
f 991//991 990//990 1472//1472
f 992//992 991//991 1472//1472
f 1230//1230 1473//1473 1228//1228
f 1473//1473 1472//1472 1228//1228
f 1472//1472 1227//1227 1228//1228
f 1319//1319 1317//1317 1318//1318
f 1319//1319 1473//1473 1317//1317
f 1473//1473 1213//1213 1317//1317
f 1473//1473 1230//1230 1213//1213
f 1319//1319 1321//1321 1473//1473
f 1473//1473 992//992 1472//1472
f 1473//1473 993//993 992//992
f 1473//1473 1474//1474 993//993
f 994//994 993//993 1474//1474
f 1323//1323 1473//1473 1321//1321
f 1323//1323 1216//1216 1473//1473
f 1216//1216 1474//1474 1473//1473
f 1216//1216 1233//1233 1474//1474
f 1233//1233 1475//1475 1474//1474
f 1475//1475 995//995 1474//1474
f 995//995 994//994 1474//1474
f 1327//1327 1476//1476 1325//1325
f 1476//1476 1475//1475 1325//1325
f 1475//1475 1217//1217 1325//1325
f 1475//1475 1233//1233 1217//1217
f 1331//1331 1409//1409 1329//1329
f 1409//1409 1476//1476 1329//1329
f 1476//1476 1327//1327 1329//1329
f 1477//1477 995//995 1475//1475
f 997//997 995//995 1477//1477
f 998//998 997//997 1477//1477
f 1478//1478 1475//1475 1476//1476
f 1477//1477 1475//1475 1478//1478
f 1478//1478 998//998 1477//1477
f 1478//1478 1479//1479 998//998
f 1479//1479 1000//1000 998//998
f 1438//1438 1476//1476 1409//1409
f 1478//1478 1476//1476 1438//1438
f 1479//1479 1478//1478 1438//1438
f 1438//1438 1442//1442 1479//1479
f 1002//1002 1000//1000 1479//1479
f 1442//1442 1452//1452 1479//1479
f 1452//1452 1002//1002 1479//1479
f 1452//1452 1004//1004 1002//1002
f 987//987 1004//1004 1452//1452
f 1428//1428 1009//1009 1014//1014
f 1430//1430 1014//1014 1015//1015
f 1428//1428 1014//1014 1430//1430
f 1432//1432 1015//1015 1018//1018
f 1430//1430 1015//1015 1432//1432
f 1020//1020 1432//1432 1018//1018
f 1020//1020 1394//1394 1432//1432
f 1020//1020 1480//1480 1394//1394
f 1480//1480 1020//1020 1021//1021
f 1374//1374 1350//1350 1481//1481
f 1350//1350 1480//1480 1481//1481
f 1350//1350 1394//1394 1480//1480
f 1374//1374 1482//1482 1375//1375
f 1481//1481 1482//1482 1374//1374
f 1481//1481 1021//1021 1023//1023
f 1480//1480 1021//1021 1481//1481
f 1024//1024 1481//1481 1023//1023
f 1024//1024 1482//1482 1481//1481
f 1024//1024 1483//1483 1482//1482
f 1482//1482 1484//1484 1375//1375
f 1484//1484 1482//1482 1483//1483
f 1483//1483 1485//1485 1484//1484
f 1483//1483 1024//1024 1025//1025
f 1485//1485 1025//1025 1026//1026
f 1483//1483 1025//1025 1485//1485
f 2023//2023 1350//1350 1374//1374
f 2025//2025 1374//1374 1375//1375
f 2023//2023 1374//1374 2025//2025
f 1979//1979 2025//2025 1375//1375
f 884//884 936//936 885//885
f 933//933 936//936 884//884
f 937//937 920//920 922//922
f 931//931 920//920 937//937
f 938//938 931//931 937//937
f 933//933 931//931 938//938
f 939//939 922//922 926//926
f 937//937 922//922 939//939
f 940//940 937//937 939//939
f 938//938 937//937 940//940
f 936//936 933//933 938//938
f 938//938 941//941 936//936
f 942//942 938//938 940//940
f 941//941 938//938 942//942
f 893//893 943//943 891//891
f 900//900 944//944 897//897
f 893//893 945//945 943//943
f 893//893 897//897 945//945
f 897//897 944//944 945//945
f 946//946 923//923 899//899
f 899//899 903//903 946//946
f 947//947 923//923 946//946
f 926//926 923//923 947//947
f 948//948 946//946 903//903
f 903//903 904//904 948//948
f 949//949 946//946 948//948
f 947//947 946//946 949//949
f 906//906 950//950 905//905
f 951//951 948//948 904//904
f 904//904 907//907 951//951
f 949//949 948//948 951//951
f 951//951 952//952 949//949
f 907//907 953//953 951//951
f 907//907 905//905 953//953
f 905//905 950//950 953//953
f 952//952 951//951 953//953
f 953//953 954//954 952//952
f 955//955 926//926 947//947
f 939//939 926//926 955//955
f 956//956 939//939 955//955
f 940//940 939//939 956//956
f 957//957 947//947 949//949
f 955//955 947//947 957//957
f 958//958 955//955 957//957
f 956//956 955//955 958//958
f 959//959 940//940 956//956
f 942//942 940//940 959//959
f 960//960 956//956 958//958
f 959//959 956//956 960//960
f 961//961 949//949 952//952
f 957//957 949//949 961//961
f 962//962 957//957 961//961
f 958//958 957//957 962//962
f 961//961 952//952 954//954
f 954//954 963//963 961//961
f 962//962 961//961 963//963
f 963//963 912//912 962//962
f 908//908 950//950 906//906
f 964//964 950//950 908//908
f 910//910 965//965 909//909
f 908//908 966//966 964//964
f 908//908 909//909 966//966
f 909//909 965//965 966//966
f 953//953 950//950 964//964
f 964//964 967//967 953//953
f 954//954 953//953 967//967
f 967//967 968//968 954//954
f 967//967 964//964 966//966
f 966//966 969//969 967//967
f 968//968 967//967 969//969
f 969//969 924//924 968//968
f 910//910 970//970 965//965
f 910//910 891//891 970//970
f 891//891 943//943 970//970
f 966//966 965//965 970//970
f 970//970 971//971 966//966
f 970//970 943//943 945//945
f 945//945 972//972 970//970
f 971//971 970//970 972//972
f 972//972 973//973 971//971
f 969//969 966//966 971//971
f 971//971 974//974 969//969
f 924//924 969//969 974//974
f 974//974 927//927 924//924
f 974//974 971//971 973//973
f 973//973 975//975 974//974
f 927//927 974//974 975//975
f 975//975 932//932 927//927
f 963//963 954//954 968//968
f 968//968 976//976 963//963
f 912//912 963//963 976//976
f 976//976 914//914 912//912
f 976//976 968//968 924//924
f 924//924 925//925 976//976
f 914//914 976//976 925//925
f 925//925 918//918 914//914
f 1108//1108 1105//1105 1111//1111
f 1111//1111 1113//1113 1108//1108
f 1113//1113 884//884 885//885
f 1111//1111 884//884 1113//1113
f 996//996 1112//1112 987//987
f 1122//1122 1112//1112 996//996
f 999//999 1122//1122 996//996
f 1125//1125 1122//1122 999//999
f 1128//1128 1125//1125 999//999
f 999//999 1001//1001 1128//1128
f 1003//1003 1128//1128 1001//1001
f 1131//1131 1128//1128 1003//1003
f 980//980 1134//1134 1005//1005
f 1047//1047 1134//1134 980//980
f 1005//1005 1134//1134 1007//1007
f 1134//1134 1047//1047 1051//1051
f 1051//1051 1136//1136 1134//1134
f 1008//1008 1007//1007 1139//1139
f 1007//1007 1136//1136 1139//1139
f 1007//1007 1134//1134 1136//1136
f 1008//1008 1141//1141 1010//1010
f 1139//1139 1141//1141 1008//1008
f 1010//1010 1144//1144 1011//1011
f 1141//1141 1144//1144 1010//1010
f 1136//1136 1051//1051 1065//1065
f 1065//1065 1145//1145 1136//1136
f 1139//1139 1136//1136 1145//1145
f 1145//1145 1146//1146 1139//1139
f 1145//1145 1065//1065 1066//1066
f 1066//1066 1147//1147 1145//1145
f 1146//1146 1145//1145 1147//1147
f 1147//1147 1148//1148 1146//1146
f 1141//1141 1139//1139 1146//1146
f 1146//1146 1149//1149 1141//1141
f 1144//1144 1141//1141 1149//1149
f 1149//1149 1150//1150 1144//1144
f 1149//1149 1146//1146 1148//1148
f 1148//1148 1151//1151 1149//1149
f 1150//1150 1149//1149 1151//1151
f 1151//1151 1152//1152 1150//1150
f 1144//1144 1153//1153 1012//1012
f 1012//1012 1011//1011 1144//1144
f 1012//1012 1154//1154 1013//1013
f 1153//1153 1154//1154 1012//1012
f 1017//1017 1155//1155 1016//1016
f 1003//1003 1157//1157 1131//1131
f 1003//1003 1016//1016 1157//1157
f 1016//1016 1155//1155 1157//1157
f 1017//1017 1158//1158 1155//1155
f 1017//1017 1154//1154 1158//1158
f 1017//1017 1013//1013 1154//1154
f 1157//1157 1155//1155 1158//1158
f 1158//1158 1160//1160 1157//1157
f 1153//1153 1144//1144 1150//1150
f 1150//1150 1162//1162 1153//1153
f 1154//1154 1153//1153 1162//1162
f 1162//1162 1164//1164 1154//1154
f 1162//1162 1150//1150 1152//1152
f 1152//1152 1165//1165 1162//1162
f 1164//1164 1162//1162 1165//1165
f 1165//1165 1167//1167 1164//1164
f 1158//1158 1154//1154 1164//1164
f 1164//1164 1168//1168 1158//1158
f 1168//1168 893//893 1158//1158
f 893//893 891//891 1158//1158
f 891//891 1160//1160 1158//1158
f 1167//1167 900//900 1164//1164
f 900//900 1168//1168 1164//1164
f 900//900 897//897 1168//1168
f 897//897 893//893 1168//1168
f 1172//1172 1112//1112 1122//1122
f 1170//1170 1112//1112 1172//1172
f 1174//1174 1170//1170 1172//1172
f 1173//1173 1170//1170 1174//1174
f 1175//1175 1122//1122 1125//1125
f 1172//1172 1122//1122 1175//1175
f 1176//1176 1172//1172 1175//1175
f 1174//1174 1172//1172 1176//1176
f 899//899 1173//1173 1174//1174
f 1174//1174 903//903 899//899
f 903//903 1174//1174 1176//1176
f 1176//1176 904//904 903//903
f 1177//1177 1125//1125 1128//1128
f 1175//1175 1125//1125 1177//1177
f 1176//1176 1175//1175 1177//1177
f 1177//1177 1178//1178 1176//1176
f 1177//1177 1128//1128 1131//1131
f 1131//1131 1179//1179 1177//1177
f 1179//1179 905//905 1177//1177
f 905//905 1178//1178 1177//1177
f 1179//1179 906//906 905//905
f 904//904 1176//1176 1178//1178
f 1178//1178 907//907 904//904
f 905//905 907//907 1178//1178
f 1179//1179 1131//1131 1157//1157
f 1157//1157 1183//1183 1179//1179
f 906//906 1179//1179 1183//1183
f 1183//1183 908//908 906//906
f 1160//1160 910//910 1157//1157
f 910//910 909//909 1157//1157
f 909//909 1183//1183 1157//1157
f 909//909 908//908 1183//1183
f 891//891 910//910 1160//1160
f 1341//1341 1417//1417 1340//1340
f 1417//1417 1409//1409 1340//1340
f 1409//1409 1331//1331 1340//1340
f 1345//1345 1419//1419 1343//1343
f 1419//1419 1417//1417 1343//1343
f 1417//1417 1341//1341 1343//1343
f 1421//1421 1334//1334 1313//1313
f 1421//1421 1423//1423 1334//1334
f 1423//1423 1335//1335 1334//1334
f 1423//1423 1338//1338 1335//1335
f 1423//1423 1424//1424 1338//1338
f 1424//1424 1339//1339 1338//1338
f 1427//1427 1421//1421 1426//1426
f 1423//1423 1421//1421 1427//1427
f 1429//1429 1423//1423 1427//1427
f 1424//1424 1423//1423 1429//1429
f 1424//1424 1344//1344 1339//1339
f 1424//1424 1431//1431 1344//1344
f 1431//1431 1345//1345 1344//1344
f 1419//1419 1345//1345 1431//1431
f 1431//1431 1433//1433 1419//1419
f 1435//1435 1424//1424 1429//1429
f 1431//1431 1424//1424 1435//1435
f 1436//1436 1431//1431 1435//1435
f 1433//1433 1431//1431 1436//1436
f 1438//1438 1409//1409 1417//1417
f 1417//1417 1440//1440 1438//1438
f 1442//1442 1438//1438 1440//1440
f 1440//1440 1444//1444 1442//1442
f 1440//1440 1417//1417 1419//1419
f 1419//1419 1446//1446 1440//1440
f 1444//1444 1440//1440 1446//1446
f 1446//1446 1448//1448 1444//1444
f 1452//1452 1442//1442 1444//1444
f 1444//1444 1453//1453 1452//1452
f 996//996 1452//1452 1453//1453
f 987//987 1452//1452 996//996
f 1453//1453 1444//1444 1448//1448
f 1448//1448 1454//1454 1453//1453
f 999//999 1453//1453 1454//1454
f 996//996 1453//1453 999//999
f 1446//1446 1419//1419 1433//1433
f 1433//1433 1455//1455 1446//1446
f 1448//1448 1446//1446 1455//1455
f 1455//1455 1457//1457 1448//1448
f 1455//1455 1433//1433 1436//1436
f 1436//1436 1458//1458 1455//1455
f 1457//1457 1455//1455 1458//1458
f 1458//1458 1459//1459 1457//1457
f 1460//1460 1448//1448 1457//1457
f 1454//1454 1448//1448 1460//1460
f 999//999 1454//1454 1460//1460
f 1460//1460 1001//1001 999//999
f 1461//1461 1457//1457 1459//1459
f 1460//1460 1457//1457 1461//1461
f 1001//1001 1460//1460 1461//1461
f 1461//1461 1003//1003 1001//1001
f 1427//1427 980//980 1005//1005
f 1426//1426 980//980 1427//1427
f 1007//1007 1427//1427 1005//1005
f 1007//1007 1429//1429 1427//1427
f 1007//1007 1463//1463 1429//1429
f 1463//1463 1007//1007 1008//1008
f 1465//1465 1429//1429 1463//1463
f 1435//1435 1429//1429 1465//1465
f 1467//1467 1435//1435 1465//1465
f 1436//1436 1435//1435 1467//1467
f 1465//1465 1008//1008 1010//1010
f 1463//1463 1008//1008 1465//1465
f 1467//1467 1010//1010 1011//1011
f 1465//1465 1010//1010 1467//1467
f 1458//1458 1436//1436 1467//1467
f 1467//1467 1468//1468 1458//1458
f 1470//1470 1458//1458 1468//1468
f 1459//1459 1458//1458 1470//1470
f 1467//1467 1011//1011 1012//1012
f 1012//1012 1468//1468 1467//1467
f 1468//1468 1012//1012 1013//1013
f 1013//1013 1470//1470 1468//1468
f 1470//1470 1017//1017 1459//1459
f 1017//1017 1016//1016 1459//1459
f 1016//1016 1461//1461 1459//1459
f 1016//1016 1003//1003 1461//1461
f 1013//1013 1017//1017 1470//1470
f 925//925 924//924 927//927
f 927//927 928//928 925//925
f 918//918 925//925 928//928
f 928//928 930//930 918//918
f 928//928 927//927 932//932
f 932//932 934//934 928//928
f 930//930 928//928 934//934
f 934//934 935//935 930//930
f 1679//1679 1712//1712 1680//1680
f 1682//1682 1680//1680 1714//1714
f 1680//1680 1712//1712 1714//1714
f 1712//1712 1713//1713 1714//1714
f 1714//1714 1716//1716 1683//1683
f 1683//1683 1682//1682 1714//1714
f 1683//1683 1717//1717 1684//1684
f 1716//1716 1717//1717 1683//1683
f 1684//1684 1718//1718 1686//1686
f 1717//1717 1718//1718 1684//1684
f 1718//1718 1720//1720 1687//1687
f 1687//1687 1686//1686 1718//1718
f 1720//1720 1721//1721 1688//1688
f 1688//1688 1687//1687 1720//1720
f 1582//1582 1718//1718 1581//1581
f 1582//1582 1720//1720 1718//1718
f 1582//1582 1722//1722 1720//1720
f 1723//1723 1720//1720 1722//1722
f 1721//1721 1720//1720 1723//1723
f 1722//1722 1582//1582 1584//1584
f 1723//1723 1584//1584 1573//1573
f 1722//1722 1584//1584 1723//1723
f 1692//1692 1725//1725 1690//1690
f 1692//1692 1694//1694 1725//1725
f 1694//1694 1727//1727 1725//1725
f 1694//1694 1728//1728 1727//1727
f 1730//1730 1727//1727 1728//1728
f 1728//1728 1731//1731 1730//1730
f 1695//1695 1728//1728 1694//1694
f 1695//1695 1731//1731 1728//1728
f 1695//1695 1696//1696 1731//1731
f 1696//1696 1733//1733 1731//1731
f 1734//1734 1733//1733 1696//1696
f 1696//1696 1698//1698 1734//1734
f 1736//1736 1734//1734 1698//1698
f 1698//1698 1699//1699 1736//1736
f 1721//1721 1737//1737 1701//1701
f 1701//1701 1688//1688 1721//1721
f 1737//1737 1739//1739 1702//1702
f 1702//1702 1701//1701 1737//1737
f 1702//1702 1739//1739 1704//1704
f 1706//1706 1740//1740 1705//1705
f 1742//1742 1721//1721 1723//1723
f 1737//1737 1721//1721 1742//1742
f 1743//1743 1737//1737 1742//1742
f 1739//1739 1737//1737 1743//1743
f 1742//1742 1573//1573 1577//1577
f 1723//1723 1573//1573 1742//1742
f 1743//1743 1577//1577 1580//1580
f 1742//1742 1577//1577 1743//1743
f 1707//1707 1704//1704 1745//1745
f 1704//1704 1743//1743 1745//1745
f 1704//1704 1739//1739 1743//1743
f 1706//1706 1746//1746 1740//1740
f 1706//1706 1745//1745 1746//1746
f 1706//1706 1707//1707 1745//1745
f 1583//1583 1743//1743 1580//1580
f 1583//1583 1745//1745 1743//1743
f 1583//1583 1747//1747 1745//1745
f 1749//1749 1745//1745 1747//1747
f 1746//1746 1745//1745 1749//1749
f 1751//1751 1736//1736 1699//1699
f 1699//1699 1709//1709 1751//1751
f 1705//1705 1752//1752 1711//1711
f 1740//1740 1752//1752 1705//1705
f 1709//1709 1753//1753 1751//1751
f 1709//1709 1711//1711 1753//1753
f 1711//1711 1752//1752 1753//1753
f 1752//1752 1740//1740 1746//1746
f 1746//1746 1754//1754 1752//1752
f 1753//1753 1752//1752 1754//1754
f 1754//1754 1755//1755 1753//1753
f 1754//1754 1746//1746 1749//1749
f 1749//1749 1756//1756 1754//1754
f 1755//1755 1754//1754 1756//1756
f 1756//1756 1757//1757 1755//1755
f 1759//1759 1758//1758 1760//1760
f 1760//1760 1761//1761 1759//1759
f 1586//1586 1759//1759 1761//1761
f 1585//1585 1759//1759 1586//1586
f 1761//1761 1760//1760 1762//1762
f 1762//1762 1763//1763 1761//1761
f 1763//1763 1586//1586 1761//1761
f 1763//1763 1587//1587 1586//1586
f 1763//1763 1764//1764 1587//1587
f 1588//1588 1587//1587 1764//1764
f 1763//1763 1762//1762 1765//1765
f 1765//1765 1766//1766 1763//1763
f 1764//1764 1763//1763 1766//1766
f 1766//1766 1767//1767 1764//1764
f 1769//1769 1765//1765 1768//1768
f 1766//1766 1765//1765 1769//1769
f 1767//1767 1766//1766 1769//1769
f 1769//1769 1770//1770 1767//1767
f 1589//1589 1764//1764 1767//1767
f 1588//1588 1764//1764 1589//1589
f 1589//1589 1767//1767 1770//1770
f 1770//1770 1590//1590 1589//1589
f 1769//1769 1591//1591 1592//1592
f 1768//1768 1591//1591 1769//1769
f 1769//1769 1592//1592 1593//1593
f 1593//1593 1770//1770 1769//1769
f 1593//1593 1590//1590 1770//1770
f 2309//2309 2306//2306 2282//2282
f 2282//2282 2285//2285 2309//2309
f 2311//2311 2306//2306 2309//2309
f 2309//2309 2313//2313 2311//2311
f 2288//2288 2309//2309 2285//2285
f 2288//2288 2313//2313 2309//2309
f 2288//2288 2289//2289 2313//2313
f 2289//2289 2315//2315 2313//2313
f 2317//2317 2311//2311 2313//2313
f 2313//2313 2318//2318 2317//2317
f 2319//2319 2317//2317 2318//2318
f 2318//2318 2320//2320 2319//2319
f 2321//2321 2313//2313 2315//2315
f 2318//2318 2313//2313 2321//2321
f 2322//2322 2318//2318 2321//2321
f 2320//2320 2318//2318 2322//2322
f 2291//2291 2315//2315 2289//2289
f 2291//2291 2292//2292 2315//2315
f 2292//2292 2321//2321 2315//2315
f 2292//2292 2323//2323 2321//2321
f 2322//2322 2321//2321 2323//2323
f 2323//2323 2324//2324 2322//2322
f 2292//2292 2237//2237 2323//2323
f 2237//2237 2258//2258 2323//2323
f 2258//2258 2260//2260 2323//2323
f 2324//2324 2323//2323 2260//2260
f 2260//2260 2325//2325 2324//2324
f 2238//2238 2325//2325 2260//2260
f 2238//2238 2241//2241 2325//2325
f 2241//2241 2261//2261 2325//2325
f 2293//2293 2266//2266 2249//2249
f 2295//2295 2326//2326 2294//2294
f 2294//2294 2327//2327 2296//2296
f 2326//2326 2327//2327 2294//2294
f 2296//2296 2328//2328 2297//2297
f 2327//2327 2328//2328 2296//2296
f 2297//2297 2329//2329 2298//2298
f 2328//2328 2329//2329 2297//2297
f 2300//2300 2330//2330 2299//2299
f 2298//2298 2331//2331 2301//2301
f 2329//2329 2331//2331 2298//2298
f 2300//2300 2332//2332 2330//2330
f 2300//2300 2301//2301 2332//2332
f 2301//2301 2331//2331 2332//2332
f 2293//2293 2333//2333 2266//2266
f 2293//2293 2299//2299 2333//2333
f 2299//2299 2330//2330 2333//2333
f 2279//2279 2333//2333 2302//2302
f 2279//2279 2250//2250 2333//2333
f 2250//2250 2266//2266 2333//2333
f 2334//2334 2330//2330 2332//2332
f 2333//2333 2330//2330 2334//2334
f 2302//2302 2333//2333 2334//2334
f 2334//2334 2307//2307 2302//2302
f 2335//2335 2322//2322 2324//2324
f 2324//2324 2336//2336 2335//2335
f 2337//2337 2335//2335 2336//2336
f 2336//2336 2338//2338 2337//2337
f 2339//2339 2324//2324 2325//2325
f 2336//2336 2324//2324 2339//2339
f 2340//2340 2336//2336 2339//2339
f 2338//2338 2336//2336 2340//2340
f 2117//2117 2337//2337 2338//2338
f 2115//2115 2337//2337 2117//2117
f 2113//2113 2338//2338 2340//2340
f 2117//2117 2338//2338 2113//2113
f 2267//2267 2325//2325 2261//2261
f 2267//2267 2339//2339 2325//2325
f 2267//2267 2269//2269 2339//2339
f 2340//2340 2339//2339 2269//2269
f 2269//2269 2341//2341 2340//2340
f 2272//2272 2342//2342 2270//2270
f 2342//2342 2341//2341 2270//2270
f 2341//2341 2269//2269 2270//2270
f 2114//2114 2340//2340 2341//2341
f 2113//2113 2340//2340 2114//2114
f 2342//2342 2114//2114 2341//2341
f 2342//2342 2343//2343 2114//2114
f 2343//2343 2116//2116 2114//2114
f 2118//2118 2116//2116 2343//2343
f 2275//2275 2344//2344 2273//2273
f 2344//2344 2342//2342 2273//2273
f 2342//2342 2272//2272 2273//2273
f 2278//2278 2305//2305 2276//2276
f 2305//2305 2344//2344 2276//2276
f 2344//2344 2275//2275 2276//2276
f 2344//2344 2119//2119 2342//2342
f 2119//2119 2343//2343 2342//2342
f 2344//2344 2120//2120 2119//2119
f 2119//2119 2118//2118 2343//2343
f 2121//2121 2344//2344 2305//2305
f 2120//2120 2344//2344 2121//2121
f 2618//2618 2621//2621 2656//2656
f 2621//2621 2425//2425 2656//2656
f 2621//2621 2426//2426 2425//2425
f 2621//2621 2657//2657 2426//2426
f 2427//2427 2426//2426 2657//2657
f 2621//2621 2421//2421 2657//2657
f 2421//2421 2428//2428 2657//2657
f 2428//2428 2659//2659 2657//2657
f 2621//2621 2623//2623 2421//2421
f 2659//2659 2427//2427 2657//2657
f 2659//2659 2660//2660 2427//2427
f 2660//2660 2429//2429 2427//2427
f 2430//2430 2429//2429 2660//2660
f 2627//2627 2428//2428 2662//2662
f 2428//2428 2431//2431 2662//2662
f 2627//2627 2659//2659 2428//2428
f 2627//2627 2629//2629 2659//2659
f 2629//2629 2433//2433 2659//2659
f 2433//2433 2660//2660 2659//2659
f 2433//2433 2432//2432 2660//2660
f 2629//2629 2631//2631 2433//2433
f 2645//2645 2664//2664 2647//2647
f 2662//2662 2431//2431 2424//2424
f 2434//2434 2433//2433 2631//2631
f 2631//2631 2648//2648 2434//2434
f 2432//2432 2430//2430 2660//2660
f 2648//2648 2649//2649 2434//2434
f 2649//2649 2666//2666 2434//2434
f 2666//2666 2435//2435 2434//2434
f 2436//2436 2435//2435 2666//2666
f 2666//2666 2667//2667 2436//2436
f 2437//2437 2436//2436 2667//2667
f 2651//2651 2670//2670 2650//2650
f 2653//2653 2672//2672 2652//2652
f 2646//2646 2672//2672 2664//2664
f 2672//2672 2674//2674 2664//2664
f 2646//2646 2652//2652 2672//2672
f 2653//2653 2650//2650 2672//2672
f 2650//2650 2675//2675 2672//2672
f 2650//2650 2670//2670 2675//2675
f 2677//2677 2672//2672 2675//2675
f 2674//2674 2672//2672 2677//2677
f 2675//2675 2670//2670 2679//2679
f 2679//2679 2680//2680 2675//2675
f 2677//2677 2675//2675 2680//2680
f 2680//2680 2681//2681 2677//2677
f 2680//2680 2679//2679 2683//2683
f 2683//2683 2684//2684 2680//2680
f 2681//2681 2680//2680 2684//2684
f 2684//2684 2685//2685 2681//2681
f 2654//2654 2647//2647 2686//2686
f 2647//2647 2674//2674 2686//2686
f 2647//2647 2664//2664 2674//2674
f 2654//2654 2687//2687 2655//2655
f 2686//2686 2687//2687 2654//2654
f 2686//2686 2674//2674 2677//2677
f 2677//2677 2688//2688 2686//2686
f 2689//2689 2686//2686 2688//2688
f 2687//2687 2686//2686 2689//2689
f 2649//2649 2690//2690 2666//2666
f 2649//2649 2687//2687 2690//2690
f 2649//2649 2655//2655 2687//2687
f 2667//2667 2666//2666 2690//2690
f 2690//2690 2691//2691 2667//2667
f 2690//2690 2687//2687 2689//2689
f 2689//2689 2692//2692 2690//2690
f 2692//2692 2439//2439 2690//2690
f 2439//2439 2438//2438 2690//2690
f 2438//2438 2691//2691 2690//2690
f 2693//2693 2677//2677 2681//2681
f 2688//2688 2677//2677 2693//2693
f 2689//2689 2688//2688 2693//2693
f 2693//2693 2694//2694 2689//2689
f 2685//2685 2441//2441 2681//2681
f 2441//2441 2440//2440 2681//2681
f 2440//2440 2693//2693 2681//2681
f 2442//2442 2694//2694 2440//2440
f 2694//2694 2693//2693 2440//2440
f 2442//2442 2695//2695 2694//2694
f 2692//2692 2689//2689 2694//2694
f 2694//2694 2696//2696 2692//2692
f 2696//2696 2439//2439 2692//2692
f 2696//2696 2443//2443 2439//2439
f 2696//2696 2697//2697 2443//2443
f 2696//2696 2694//2694 2695//2695
f 2695//2695 2698//2698 2696//2696
f 2697//2697 2696//2696 2698//2698
f 2698//2698 2699//2699 2697//2697
f 2695//2695 2444//2444 2445//2445
f 2445//2445 2698//2698 2695//2695
f 2699//2699 2445//2445 2446//2446
f 2698//2698 2445//2445 2699//2699
f 2447//2447 2667//2667 2691//2691
f 2437//2437 2667//2667 2447//2447
f 2700//2700 2448//2448 2449//2449
f 2451//2451 2701//2701 2438//2438
f 2701//2701 2450//2450 2438//2438
f 2450//2450 2447//2447 2438//2438
f 2447//2447 2691//2691 2438//2438
f 2701//2701 2452//2452 2450//2450
f 2452//2452 2449//2449 2450//2450
f 2452//2452 2700//2700 2449//2449
f 2701//2701 2453//2453 2452//2452
f 2454//2454 2448//2448 2700//2700
f 2452//2452 2454//2454 2700//2700
f 2697//2697 2456//2456 2443//2443
f 2456//2456 2451//2451 2443//2443
f 2456//2456 2455//2455 2451//2451
f 2455//2455 2701//2701 2451//2451
f 2455//2455 2453//2453 2701//2701
f 2699//2699 2456//2456 2697//2697
f 2699//2699 2702//2702 2456//2456
f 2702//2702 2457//2457 2456//2456
f 2458//2458 2457//2457 2702//2702
f 2699//2699 2446//2446 2459//2459
f 2459//2459 2702//2702 2699//2699
f 2459//2459 2458//2458 2702//2702
f 2818//2818 2849//2849 2816//2816
f 2825//2825 2856//2856 2823//2823
f 2821//2821 2849//2849 2818//2818
f 2859//2859 2856//2856 2825//2825
f 2825//2825 2827//2827 2859//2859
f 2856//2856 2861//2861 2829//2829
f 2829//2829 2823//2823 2856//2856
f 2829//2829 2861//2861 2831//2831
f 2861//2861 2856//2856 2859//2859
f 2859//2859 2863//2863 2861//2861
f 2833//2833 2863//2863 2864//2864
f 2833//2833 2831//2831 2863//2863
f 2831//2831 2861//2861 2863//2863
f 2867//2867 2716//2716 2714//2714
f 2716//2716 2711//2711 2714//2714
f 2716//2716 2715//2715 2711//2711
f 2715//2715 2866//2866 2711//2711
f 2715//2715 2712//2712 2866//2866
f 2834//2834 2717//2717 2867//2867
f 2717//2717 2716//2716 2867//2867
f 2834//2834 2836//2836 2717//2717
f 2869//2869 2718//2718 2719//2719
f 2720//2720 2718//2718 2869//2869
f 2721//2721 2717//2717 2836//2836
f 2836//2836 2838//2838 2721//2721
f 2871//2871 2719//2719 2722//2722
f 2869//2869 2719//2719 2871//2871
f 2838//2838 2833//2833 2721//2721
f 2833//2833 2723//2723 2721//2721
f 2833//2833 2873//2873 2723//2723
f 2833//2833 2864//2864 2873//2873
f 2842//2842 2840//2840 2873//2873
f 2840//2840 2723//2723 2873//2873
f 2840//2840 2722//2722 2723//2723
f 2840//2840 2871//2871 2722//2722
f 2720//2720 2869//2869 2871//2871
f 2871//2871 2724//2724 2720//2720
f 2840//2840 2724//2724 2871//2871
f 2840//2840 2843//2843 2724//2724
f 2843//2843 2874//2874 2724//2724
f 2874//2874 2725//2725 2724//2724
f 2726//2726 2725//2725 2874//2874
f 2863//2863 2859//2859 2876//2876
f 2876//2876 2878//2878 2863//2863
f 2879//2879 2863//2863 2878//2878
f 2864//2864 2863//2863 2879//2879
f 2882//2882 2876//2876 2881//2881
f 2878//2878 2876//2876 2882//2882
f 2883//2883 2878//2878 2882//2882
f 2879//2879 2878//2878 2883//2883
f 2884//2884 2864//2864 2879//2879
f 2873//2873 2864//2864 2884//2884
f 2844//2844 2842//2842 2885//2885
f 2842//2842 2884//2884 2885//2885
f 2842//2842 2873//2873 2884//2884
f 2884//2884 2879//2879 2883//2883
f 2883//2883 2886//2886 2884//2884
f 2885//2885 2884//2884 2886//2886
f 2886//2886 2887//2887 2885//2885
f 2843//2843 2728//2728 2874//2874
f 2728//2728 2727//2727 2874//2874
f 2843//2843 2885//2885 2728//2728
f 2843//2843 2844//2844 2885//2885
f 2846//2846 2845//2845 2730//2730
f 2845//2845 2729//2729 2730//2730
f 2729//2729 2727//2727 2730//2730
f 2729//2729 2726//2726 2727//2727
f 2726//2726 2874//2874 2727//2727
f 2887//2887 2728//2728 2885//2885
f 2887//2887 2731//2731 2728//2728
f 2887//2887 2888//2888 2731//2731
f 2847//2847 2730//2730 2732//2732
f 2730//2730 2733//2733 2732//2732
f 2730//2730 2731//2731 2733//2733
f 2731//2731 2888//2888 2733//2733
f 2847//2847 2846//2846 2730//2730
f 2890//2890 2883//2883 2889//2889
f 2886//2886 2883//2883 2890//2890
f 2891//2891 2886//2886 2890//2890
f 2887//2887 2886//2886 2891//2891
f 2893//2893 2889//2889 2892//2892
f 2890//2890 2889//2889 2893//2893
f 2891//2891 2890//2890 2893//2893
f 2893//2893 2894//2894 2891//2891
f 2888//2888 2887//2887 2891//2891
f 2891//2891 2895//2895 2888//2888
f 2895//2895 2733//2733 2888//2888
f 2895//2895 2734//2734 2733//2733
f 2895//2895 2896//2896 2734//2734
f 2894//2894 2736//2736 2891//2891
f 2736//2736 2735//2735 2891//2891
f 2735//2735 2895//2895 2891//2891
f 2896//2896 2735//2735 2737//2737
f 2895//2895 2735//2735 2896//2896
f 2845//2845 2848//2848 2729//2729
f 2848//2848 2897//2897 2729//2729
f 2897//2897 2738//2738 2729//2729
f 2739//2739 2738//2738 2897//2897
f 2848//2848 2732//2732 2897//2897
f 2732//2732 2740//2740 2897//2897
f 2848//2848 2847//2847 2732//2732
f 2742//2742 2741//2741 2740//2740
f 2741//2741 2739//2739 2740//2740
f 2739//2739 2897//2897 2740//2740
f 2742//2742 2898//2898 2741//2741
f 2743//2743 2741//2741 2898//2898
f 2898//2898 2899//2899 2743//2743
f 2744//2744 2743//2743 2899//2899
f 2745//2745 2734//2734 2896//2896
f 2898//2898 2742//2742 2746//2746
f 2737//2737 2745//2745 2896//2896
f 2899//2899 2746//2746 2747//2747
f 2898//2898 2746//2746 2899//2899
f 2747//2747 2744//2744 2899//2899
f 2905//2905 2939//2939 2904//2904
f 2906//2906 2939//2939 2905//2905
f 2908//2908 2943//2943 2907//2907
f 2910//2910 2945//2945 2909//2909
f 2908//2908 2947//2947 2943//2943
f 2908//2908 2945//2945 2947//2947
f 2908//2908 2909//2909 2945//2945
f 2911//2911 2951//2951 2949//2949
f 2911//2911 2907//2907 2951//2951
f 2907//2907 2943//2943 2951//2951
f 2953//2953 2949//2949 2951//2951
f 2951//2951 2955//2955 2953//2953
f 2956//2956 2943//2943 2947//2947
f 2951//2951 2943//2943 2956//2956
f 2957//2957 2951//2951 2956//2956
f 2955//2955 2951//2951 2957//2957
f 2912//2912 2945//2945 2910//2910
f 2912//2912 2947//2947 2945//2945
f 2912//2912 2913//2913 2947//2947
f 2913//2913 2959//2959 2947//2947
f 2904//2904 2939//2939 2914//2914
f 2915//2915 2959//2959 2913//2913
f 2960//2960 2947//2947 2959//2959
f 2956//2956 2947//2947 2960//2960
f 2917//2917 2916//2916 2960//2960
f 2916//2916 2956//2956 2960//2960
f 2916//2916 2957//2957 2956//2956
f 2915//2915 2918//2918 2959//2959
f 2918//2918 2962//2962 2959//2959
f 2962//2962 2960//2960 2959//2959
f 2919//2919 2962//2962 2963//2963
f 2919//2919 2917//2917 2962//2962
f 2917//2917 2960//2960 2962//2962
f 2964//2964 2953//2953 2955//2955
f 2955//2955 2965//2965 2964//2964
f 2966//2966 2964//2964 2965//2965
f 2965//2965 2967//2967 2966//2966
f 2968//2968 2955//2955 2957//2957
f 2965//2965 2955//2955 2968//2968
f 2969//2969 2965//2965 2968//2968
f 2967//2967 2965//2965 2969//2969
f 2968//2968 2957//2957 2916//2916
f 2916//2916 2920//2920 2968//2968
f 2920//2920 2921//2921 2968//2968
f 2921//2921 2969//2969 2968//2968
f 2921//2921 2970//2970 2969//2969
f 2919//2919 2971//2971 2922//2922
f 2963//2963 2971//2971 2919//2919
f 2921//2921 2972//2972 2970//2970
f 2921//2921 2922//2922 2972//2972
f 2922//2922 2971//2971 2972//2972
f 2914//2914 2939//2939 2906//2906
f 2924//2924 2973//2973 2923//2923
f 2925//2925 2962//2962 2918//2918
f 2925//2925 2963//2963 2962//2962
f 2925//2925 2926//2926 2963//2963
f 2926//2926 2974//2974 2963//2963
f 2973//2973 2975//2975 2927//2927
f 2927//2927 2923//2923 2973//2973
f 2928//2928 2974//2974 2926//2926
f 2929//2929 2927//2927 2975//2975
f 2976//2976 2977//2977 2931//2931
f 2931//2931 2930//2930 2976//2976
f 2924//2924 2978//2978 2973//2973
f 2924//2924 2931//2931 2978//2978
f 2931//2931 2977//2977 2978//2978
f 2977//2977 2976//2976 2979//2979
f 2979//2979 2980//2980 2977//2977
f 2981//2981 2977//2977 2980//2980
f 2978//2978 2977//2977 2981//2981
f 2975//2975 2973//2973 2978//2978
f 2978//2978 2982//2982 2975//2975
f 2932//2932 2929//2929 2983//2983
f 2929//2929 2982//2982 2983//2983
f 2929//2929 2975//2975 2982//2982
f 2984//2984 2978//2978 2981//2981
f 2982//2982 2978//2978 2984//2984
f 2983//2983 2982//2982 2984//2984
f 2984//2984 2985//2985 2983//2983
f 2986//2986 2963//2963 2974//2974
f 2971//2971 2963//2963 2986//2986
f 2972//2972 2971//2971 2986//2986
f 2986//2986 2987//2987 2972//2972
f 2986//2986 2974//2974 2928//2928
f 2928//2928 2933//2933 2986//2986
f 2933//2933 2934//2934 2986//2986
f 2934//2934 2987//2987 2986//2986
f 2934//2934 2988//2988 2987//2987
f 2990//2990 2972//2972 2987//2987
f 2989//2989 2972//2972 2990//2990
f 2817//2817 2989//2989 2990//2990
f 2990//2990 2819//2819 2817//2817
f 2988//2988 2822//2822 2987//2987
f 2822//2822 2820//2820 2987//2987
f 2820//2820 2990//2990 2987//2987
f 2820//2820 2819//2819 2990//2990
f 2932//2932 2991//2991 2935//2935
f 2983//2983 2991//2991 2932//2932
f 2934//2934 2992//2992 2988//2988
f 2934//2934 2935//2935 2992//2992
f 2935//2935 2991//2991 2992//2992
f 2991//2991 2983//2983 2985//2985
f 2985//2985 2993//2993 2991//2991
f 2992//2992 2991//2991 2993//2993
f 2993//2993 2994//2994 2992//2992
f 2992//2992 2822//2822 2988//2988
f 2992//2992 2824//2824 2822//2822
f 2992//2992 2995//2995 2824//2824
f 2996//2996 2824//2824 2995//2995
f 2826//2826 2824//2824 2996//2996
f 2997//2997 2992//2992 2994//2994
f 2995//2995 2992//2992 2997//2997
f 2996//2996 2995//2995 2997//2997
f 2997//2997 2998//2998 2996//2996
f 2828//2828 2826//2826 2996//2996
f 2998//2998 2828//2828 2996//2996
f 2998//2998 2999//2999 2828//2828
f 2999//2999 2830//2830 2828//2828
f 2832//2832 2830//2830 2999//2999
f 2984//2984 2981//2981 3000//3000
f 3000//3000 3001//3001 2984//2984
f 3002//3002 2984//2984 3001//3001
f 2985//2985 2984//2984 3002//3002
f 3004//3004 3000//3000 3003//3003
f 3001//3001 3000//3000 3004//3004
f 3005//3005 3001//3001 3004//3004
f 3002//3002 3001//3001 3005//3005
f 2993//2993 2985//2985 3002//3002
f 3002//3002 3006//3006 2993//2993
f 3007//3007 2993//2993 3006//3006
f 2994//2994 2993//2993 3007//3007
f 3008//3008 3002//3002 3005//3005
f 3006//3006 3002//3002 3008//3008
f 3009//3009 3006//3006 3008//3008
f 3007//3007 3006//3006 3009//3009
f 2997//2997 2994//2994 3007//3007
f 3007//3007 3010//3010 2997//2997
f 2998//2998 2997//2997 3010//3010
f 3010//3010 3011//3011 2998//2998
f 3012//3012 3007//3007 3009//3009
f 3010//3010 3007//3007 3012//3012
f 2940//2940 3010//3010 3012//3012
f 3011//3011 3010//3010 2940//2940
f 3012//3012 3009//3009 3013//3013
f 3013//3013 3014//3014 3012//3012
f 2940//2940 3012//3012 3014//3014
f 3014//3014 2941//2941 2940//2940
f 3016//3016 3013//3013 3015//3015
f 3014//3014 3013//3013 3016//3016
f 2946//2946 3014//3014 3016//3016
f 2941//2941 3014//3014 2946//2946
f 3017//3017 2998//2998 3011//3011
f 2999//2999 2998//2998 3017//3017
f 3017//3017 2832//2832 2999//2999
f 3017//3017 2835//2835 2832//2832
f 3017//3017 3018//3018 2835//2835
f 2940//2940 2816//2816 3011//3011
f 2816//2816 2837//2837 3011//3011
f 2837//2837 3017//3017 3011//3011
f 2821//2821 3018//3018 2837//2837
f 3018//3018 3017//3017 2837//2837
f 2821//2821 2944//2944 3018//3018
f 2839//2839 2835//2835 3018//3018
f 2944//2944 2839//2839 3018//3018
f 2944//2944 2841//2841 2839//2839
f 2944//2944 2950//2950 2841//2841
f 2952//2952 2841//2841 2950//2950
f 2834//2834 2841//2841 2952//2952
f 2256//2256 2279//2279 2277//2277
f 2279//2279 2303//2303 2277//2277
f 2303//2303 2278//2278 2277//2277
f 2279//2279 2302//2302 2303//2303
f 2281//2281 2280//2280 2303//2303
f 2280//2280 2278//2278 2303//2303
f 2280//2280 2305//2305 2278//2278
f 2310//2310 2302//2302 2307//2307
f 2303//2303 2302//2302 2310//2310
f 2283//2283 2310//2310 2312//2312
f 2283//2283 2303//2303 2310//2310
f 2283//2283 2281//2281 2303//2303
f 2280//2280 2314//2314 2305//2305
f 2314//2314 2122//2122 2305//2305
f 2122//2122 2121//2121 2305//2305
f 2280//2280 2286//2286 2314//2314
f 2123//2123 2122//2122 2314//2314
f 2286//2286 2283//2283 2314//2314
f 2283//2283 2312//2312 2314//2314
f 2312//2312 2124//2124 2314//2314
f 2312//2312 2125//2125 2124//2124
f 2124//2124 2123//2123 2314//2314
f 2316//2316 2126//2126 2127//2127
f 2128//2128 2126//2126 2316//2316
f 2316//2316 2127//2127 2129//2129
f 2129//2129 2128//2128 2316//2316
